Ticket,TradeNumOfDay,EntryTime,ExitTime,Session,Day,WeekOfMonth,Hour,QualityScore,EntryPrice,ClosePrice,SL,TP,LotSize,PeakMFE,TimeInPeakMFE(s),PeakMAE,TimeInPeakMAE(s),GovernorExit,Min_5,Min_10,Min_15,Min_20,Min_25,Min_30,Min_35,Min_40,Min_45,Min_50,Min_55,Min_60,Min_65,Min_70,Min_75,Min_80,Min_85,Min_90,Min_95,Min_100,Min_105,Min_110,Min_115,Min_120
2,1,2025.05.01 01:00:00,2025.05.01 03:24:57,Asian,4,1,1,Q57,3288.70000,3260.78000,3302.66000,3260.78000,0.05,100.75,8400,0.00,0,0,14.35,17.65,59.95,72.20,53.15,62.85,52.55,79.60,62.70,47.30,54.65,71.25,55.20,45.75,40.45,64.70,44.00,53.85,61.85,66.10,69.80,63.55,72.85,77.70,69.70,69.85,65.75,100.75
4,1,2025.05.02 16:35:00,2025.05.02 19:59:58,New York,5,1,16,Q55,3251.28000,3223.24000,3265.30000,3223.24000,0.05,123.95,12000,-60.80,6000,0,-16.90,-9.35,9.70,21.15,3.25,38.15,33.30,-5.85,-17.45,-27.30,-10.40,-35.15,-33.20,-12.45,-29.45,-49.65,-58.10,-59.85,-52.65,-60.80,-26.90,-7.60,0.25,43.10,74.65,69.90,92.15,77.55,97.50,99.25,106.95,111.20,119.85,84.55,86.70,97.15,92.65,87.25,113.85,123.95
6,1,2025.05.05 07:30:00,2025.05.05 11:29:58,Asian,1,1,7,Q75,3255.58000,3272.34000,3272.34000,3222.06000,0.05,3.10,300,-70.05,14100,0,3.10,-2.65,-2.60,2.60,-9.85,-5.60,-5.20,-19.65,-17.50,-15.85,-18.80,-14.45,-18.80,-26.00,-12.35,1.90,-16.65,-23.20,-10.70,-19.10,-21.45,-11.40,-18.10,-15.45,-25.80,-27.05,-35.90,-39.00,-43.05,-34.35,-26.65,-28.95,-32.35,-42.75,-31.25,-28.15,-32.90,-39.50,-44.35,-57.60,-52.35,-46.35,-46.25,-41.60,-40.55,-60.25,-70.05
8,1,2025.05.06 03:10:00,2025.05.06 03:24:58,Asian,2,1,3,Q47,3334.07000,3328.73000,3328.73000,3344.75000,0.05,0.00,0,-26.35,600,0,-4.30,-26.35
10,1,2025.05.07 06:15:00,2025.05.07 22:19:57,Asian,3,1,6,Q68,3389.01000,3364.86000,3364.86000,3437.31000,0.05,40.25,38400,-95.75,24300,0,-21.85,-24.00,-70.20,-68.20,-55.20,-72.55,-55.15,-53.90,-67.35,-29.60,-21.25,-25.60,-11.35,-14.30,-22.45,-25.60,-33.80,-26.05,-34.70,-30.15,-34.20,-45.05,-26.85,-21.65,-18.35,-16.65,-23.60,-33.15,-16.80,-10.65,-14.55,-3.60,-4.40,13.65,20.95,20.05,17.70,14.85,7.55,4.40,11.65,1.00,6.85,10.30,16.75,3.40,23.80,34.80,21.70,6.50,11.50,-9.30,3.70,-13.30,-22.35,-17.05,-5.00,-18.80,-21.75,-11.50,-13.10,-15.80,-11.00,-32.70,-24.85,-21.60,-22.15,-34.80,-31.20,-37.90,-45.40,-27.80,-53.15,-79.20,-74.40,-70.20,-65.10,-53.75,-59.75,-78.00,-95.75,-74.15,-51.30,-25.70,-6.25,5.60,6.95,5.30,13.85,5.85,0.15,3.50,11.85,3.45,-7.75,-7.80,-11.80,-11.10,-11.00,-24.95,-15.15,-4.30,-17.85,-13.75,-11.00,-17.30,4.00,22.35,-0.90,3.60,-14.15,1.20,-8.65,-5.15,-1.50,6.10,9.25,6.70,11.90,-0.65,-12.00,-17.25,-16.15,-8.80,14.85,20.50,36.40,40.25,23.95,13.65,-7.80,-13.65,-41.95,-22.75,-28.25,-16.50,-6.35,-26.40,-22.40,-13.65,-15.80,-14.45,-11.15,-9.00,-17.95,-27.75,-23.60,-16.35,-16.45,-18.60,-22.10,-21.40,-19.65,-21.65,-15.60,-28.90,-42.40,-40.05,-33.55,-26.40,-16.45,-18.60,-1.25,-6.35,-10.70,-12.65,-10.70,-24.10,-15.70,-21.75,-22.15,-12.30,-7.95,-19.45,-11.35,-16.00,-18.90,8.00,23.40,33.20,-1.85,1.95,-8.30,-29.40,-20.00,-43.85,-27.65,-16.30,-18.55,-45.85,-45.00,-79.40
12,1,2025.05.08 02:40:00,2025.05.08 04:04:58,Asian,4,2,2,Q89,3374.56000,3394.00000,3364.84000,3394.00000,0.05,60.30,2700,0.00,0,0,6.90,5.50,6.20,9.85,0.10,3.60,20.40,40.55,60.30,53.90,35.90,41.20,39.55,52.75,52.95,27.90
14,1,2025.05.09 08:05:00,2025.05.12 01:00:00,London,5,2,8,Q66,3325.35000,3301.70000,3301.70000,3372.65000,0.05,106.60,40200,-54.40,1800,0,10.40,13.35,-1.00,-16.45,-19.30,-54.40,-40.90,-30.40,-46.45,-38.35,-19.50,-12.40,-14.60,-28.85,-31.40,-35.05,-21.80,-6.85,-19.40,-10.55,-21.85,-7.25,-0.20,11.60,17.70,9.70,9.30,3.95,-10.75,13.55,3.75,23.60,18.80,11.50,10.65,-4.05,-12.00,-12.30,-16.65,-4.60,-17.60,-16.85,-10.15,-3.00,7.35,13.15,15.70,3.00,2.75,8.50,8.60,3.90,0.30,8.70,1.15,2.50,-0.20,3.60,-0.85,-10.70,-3.05,5.00,15.90,-0.55,-5.30,-8.75,-6.45,-2.55,-1.70,3.35,-10.10,18.40,15.85,28.70,24.40,19.50,44.35,6.05,30.85,36.15,29.85,33.90,38.20,41.65,44.60,46.50,49.00,39.90,42.20,28.05,23.05,25.45,33.25,32.95,40.50,32.70,33.95,31.65,46.90,54.45,72.90,58.15,60.30,48.55,52.95,44.30,27.30,-3.25,-2.50,-17.70,20.65,33.00,63.10,56.05,57.95,60.55,71.35,62.95,58.80,67.70,70.55,77.10,67.60,73.70,71.10,77.65,95.30,88.80,83.40,86.25,99.35,104.95,95.50,106.60,103.45,76.10,72.60,83.00,76.15,68.10,78.15,67.60,57.35,61.65,63.70,58.65,63.50,77.75,69.75,79.00,81.35,80.60,78.15,80.30,78.05,84.00,70.20,68.15,69.05,72.75,70.35,59.40,60.30,59.35,61.20,62.30,67.10,64.00,44.05,49.40,48.55,38.05,22.90,10.60,14.10,9.95,7.10,7.90,17.10,13.60,17.55,19.10,19.75,14.45,23.55,18.80,17.50,17.75,15.25,7.20
16,1,2025.05.12 01:05:00,2025.05.12 10:49:58,Asian,1,2,1,Q75,3295.11000,3219.31000,3333.01000,3219.31000,0.05,368.45,34800,0.00,0,0,50.35,64.40,104.85,105.35,85.00,80.15,94.05,116.60,91.65,97.85,111.25,138.15,118.75,92.95,84.25,90.35,46.45,76.15,71.35,73.75,77.30,50.85,35.75,37.70,51.45,37.40,59.65,72.00,50.65,58.15,75.10,102.10,88.70,72.65,77.40,117.65,123.95,162.20,157.65,153.95,151.60,133.25,126.90,103.45,101.70,117.90,115.25,99.40,102.35,89.80,108.90,122.40,92.55,104.25,111.10,110.00,100.00,111.05,114.25,116.10,100.90,90.90,98.85,84.85,67.55,65.90,61.75,61.85,62.95,71.55,58.35,70.05,65.30,61.90,68.20,74.10,81.05,82.00,89.25,84.70,79.25,80.15,80.20,81.75,86.60,89.40,104.30,97.10,102.55,93.55,110.85,119.60,119.30,112.20,93.15,83.75,81.10,75.50,71.30,96.60,88.50,79.50,90.00,102.10,98.35,85.55,88.15,202.60,239.90,241.95,225.20,291.10,318.90,318.70,320.55,368.45
18,1,2025.05.13 12:40:00,2025.05.13 16:44:57,London,2,2,12,Q68,3252.15000,3234.15000,3261.15000,3234.15000,0.05,72.80,14400,-32.70,6300,0,1.30,-6.90,-15.30,-7.05,-12.20,-1.05,1.45,-15.35,-14.30,-13.95,-5.50,-4.20,-9.55,-10.95,-9.55,-4.10,-2.80,-9.85,-4.05,-13.45,-32.70,-18.95,-31.15,-21.75,-14.45,-2.35,-1.55,14.10,40.30,39.90,50.50,60.00,65.80,58.00,46.90,50.35,23.30,36.15,39.55,51.65,33.45,39.15,46.10,54.75,51.45,41.20,57.25,72.80
20,1,2025.05.14 03:45:00,2025.05.14 14:59:57,Asian,3,2,3,Q60,3244.83000,3220.29000,3257.10000,3220.29000,0.05,109.05,15600,-28.55,2700,0,4.35,-0.35,3.10,25.35,17.55,7.05,7.25,-7.25,-28.55,-15.25,-18.25,-1.30,7.80,19.40,30.45,43.80,25.85,30.15,38.55,42.20,47.10,33.55,52.65,56.10,49.65,45.35,59.55,68.50,66.40,76.50,70.90,68.05,76.90,76.35,64.50,74.90,82.00,84.45,81.15,83.85,88.90,100.55,100.15,91.20,92.15,74.60,81.15,88.60,84.50,101.70,103.65,109.05,89.60,99.10,100.65,89.20,102.60,94.15,83.05,80.35,64.20,55.20,54.15,55.60,42.20,56.75,60.10,52.80,69.70,72.85,69.70,60.30,65.90,69.95,80.25,69.40,94.80,89.25,89.45,73.70,58.40,63.45,34.10,44.65,46.00,40.45,33.95,27.30,27.50,45.90,35.50,34.35,51.20,59.25,60.05,66.80,56.00,62.65,60.50,61.60,55.00,60.55,66.80,68.55,66.20,68.15,69.50,49.60,43.15,49.10,62.40,71.10,59.60,52.90,52.90,54.45,58.05,65.70,58.45,65.90,71.05,56.15,44.55,46.05,49.90,36.05,39.85,34.35,36.80,41.10,55.70,68.65,91.25,93.90
22,1,2025.05.15 05:40:00,2025.05.15 16:09:58,Asian,4,3,5,Q71,3158.30000,3192.70000,3192.70000,3089.50000,0.05,163.60,12300,-161.55,37500,0,1.95,34.15,13.45,19.90,21.70,19.00,41.50,47.20,40.80,21.30,20.10,26.05,24.40,25.75,29.15,38.65,34.45,45.10,41.75,50.30,54.60,56.20,62.85,56.30,67.80,85.15,109.70,96.85,82.85,90.40,92.25,89.55,81.80,81.60,103.35,108.75,126.85,121.15,143.75,146.95,163.60,137.75,156.65,143.15,114.20,90.10,57.35,47.15,51.10,40.35,37.35,42.10,49.95,49.95,40.60,58.70,66.50,64.85,70.25,106.60,129.90,99.90,72.25,79.40,63.95,44.45,38.60,48.50,35.15,33.05,27.60,11.40,-2.45,-5.40,-13.85,-22.15,-6.95,-31.45,-38.45,-57.40,-54.35,-38.40,-59.95,-49.60,-51.40,-50.80,-39.65,-35.45,-47.05,-81.95,-81.60,-93.45,-87.10,-91.15,-96.95,-95.50,-96.20,-102.20,-97.80,-100.80,-100.60,-88.70,-97.25,-96.00,-86.85,-88.95,-76.45,-77.00,-89.60,-97.30,-98.85,-104.25,-117.00,-120.15,-111.20,-101.45,-123.45,-120.45,-137.40,-121.85,-120.20,-115.85,-151.95,-155.15,-161.55
24,1,2025.05.16 03:35:00,2025.05.16 13:49:58,Asian,5,3,3,Q59,3232.90000,3194.32000,3252.19000,3194.32000,0.05,182.25,36600,-52.05,1500,0,-5.40,-18.70,-21.90,-47.25,-52.05,-19.20,6.80,9.30,46.95,38.95,46.40,27.85,47.25,57.05,85.65,57.85,53.20,39.35,53.05,46.85,41.15,56.55,48.55,29.10,55.60,63.95,74.55,84.95,87.05,89.25,108.50,123.85,111.40,107.95,110.85,102.30,108.60,119.80,110.55,109.30,104.75,96.10,97.45,88.70,85.85,76.80,90.30,82.65,76.55,76.55,65.70,60.35,65.85,65.95,57.40,61.95,71.35,84.45,91.50,79.75,82.90,67.75,58.25,71.35,72.45,53.60,38.70,21.80,43.45,56.90,64.05,58.80,72.80,85.95,88.85,89.65,89.00,101.55,85.30,91.95,123.30,121.65,116.20,119.95,105.95,88.55,96.80,120.45,125.85,128.45,146.75,176.50,165.55,155.35,135.25,135.35,128.25,120.65,122.25,137.60,127.20,141.05,136.05,130.80,130.75,123.55,113.15,107.35,111.65,120.10,111.10,109.95,116.75,109.50,136.15,139.40,153.30,146.55,155.15,155.20,163.15,182.25
26,1,2025.05.19 04:55:00,2025.05.20 15:39:57,Asian,1,3,4,Q46,3219.85000,3249.80000,3249.80000,3159.95000,0.05,65.55,90300,-142.00,124800,0,7.90,-7.75,-16.60,-25.45,-31.50,-23.50,-29.10,-4.10,0.30,-7.05,-37.35,-36.70,-43.95,-43.75,-35.45,-27.75,-37.60,-34.55,-30.25,-15.00,-2.10,7.75,57.45,31.95,37.40,50.25,45.00,42.50,28.15,23.00,21.45,14.45,18.15,14.70,12.80,18.35,18.90,7.50,-7.80,6.75,13.60,8.10,8.30,7.10,4.45,9.40,12.80,9.90,-21.35,-23.15,-27.50,-35.90,-53.45,-52.10,-34.15,-30.95,-9.60,-14.55,-22.65,-23.35,-21.75,-43.30,-53.75,-47.30,-49.50,-54.65,-49.25,-47.30,-59.55,-63.05,-65.30,-64.90,-63.45,-54.05,-61.25,-79.60,-90.15,-84.45,-80.75,-80.10,-76.95,-92.95,-99.05,-107.70,-125.00,-126.05,-119.05,-105.00,-78.05,-86.00,-101.15,-96.55,-103.90,-96.95,-101.80,-105.80,-111.65,-81.05,-81.05,-97.90,-98.05,-95.30,-106.15,-100.50,-104.95,-101.75,-105.80,-120.85,-110.25,-106.25,-116.40,-118.70,-120.55,-113.05,-108.65,-119.75,-130.75,-131.65,-120.90,-126.05,-120.45,-112.95,-106.00,-115.25,-105.35,-100.95,-107.65,-102.65,-114.70,-109.10,-91.30,-71.80,-47.75,-53.30,-56.70,-91.30,-71.60,-72.40,-61.55,-40.40,-51.60,-64.45,-47.35,-45.75,-51.10,-15.65,5.70,-16.55,-37.50,-40.90,-58.55,-63.30,-53.10,-51.65,-73.40,-76.25,-71.15,-65.55,-72.10,-76.65,-63.75,-77.80,-74.10,-68.65,-65.80,-62.80,-81.20,-73.60,-59.15,-55.35,-48.65,-54.50,-47.60,-47.50,-46.30,-59.40,-66.60,-61.30,-71.65,-65.75,-60.95,-51.00,-45.10,-51.55,-51.45,-49.20,-54.65,-49.95,-31.75,-30.10,-43.25,-40.90,-33.90,-37.20,-42.15,-42.25,-52.25,-54.65,-71.70,-68.45,-74.60,-72.60,-70.15,-72.50,-69.05,-70.45,-75.10,-78.20,-70.60,-67.85,-72.85,-63.95,-64.70,-65.50,-69.45,-65.00,-67.20,-66.10,-62.45,-61.80,-57.70,-57.25,-49.40,-47.00,-50.75,-56.60,-56.40,-56.75,-55.05,-55.05,-55.05,-55.05,-55.05,-55.05,-55.05,-55.05,-55.05,-55.05,-55.05,-55.05,-55.05,-41.55,-50.05,-35.55,-31.35,-31.55,-36.35,-35.65,-32.10,-34.00,-31.00,-32.80,-35.50,-32.50,-19.40,-7.65,-15.05,-20.05,-13.55,-7.60,-4.30,-13.65,-18.35,-14.60,-16.65,-20.90,-16.80,-4.45,3.85,6.65,3.25,19.90,25.75,-7.65,-8.65,-4.05,-18.10,-44.30,-38.65,-42.50,-49.55,-17.80,-29.90,-45.25,-64.00,-38.00,-35.10,-19.20,-7.20,-11.60,19.50,18.55,40.10,33.55,43.00,40.35,45.90,47.25,44.50,46.45,65.55,58.70,46.25,42.30,34.10,32.40,35.20,47.70,48.05,39.40,37.55,38.25,41.45,33.70,34.95,32.35,33.25,30.40,34.20,32.55,37.50,34.50,25.85,12.80,12.90,14.40,9.05,22.25,17.35,23.35,21.00,21.75,40.40,40.90,39.45,42.65,32.55,42.95,16.35,15.60,4.55,22.90,23.65,32.30,45.75,47.80,46.80,53.90,49.60,41.90,36.65,45.85,37.50,24.05,18.45,22.15,-8.55,-13.20,-16.65,-23.70,-16.15,-11.40,-15.30,-4.25,-8.35,-2.30,-12.15,-28.10,-40.20,-40.10,-47.85,-55.80,-81.35,-64.90,-78.65,-68.70,-82.85,-85.10,-81.35,-86.10,-80.45,-76.75,-72.75,-79.00,-83.25,-81.10,-71.25,-72.35,-73.85,-66.90,-68.95,-73.10,-68.65,-82.20,-92.90,-80.35,-78.85,-86.90,-85.70,-92.25,-102.40,-96.20,-99.95,-98.00,-105.10,-95.70,-99.80,-101.75,-107.35,-105.05,-94.50,-83.75,-77.75,-88.45,-107.70,-142.00
28,1,2025.05.20 17:55:00,2025.06.02 19:09:57,New York,2,3,17,Q63,3282.93000,3378.87000,3234.96000,3378.87000,0.05,476.25,1127400,-176.05,728700,0,-2.20,-26.65,-35.30,-19.70,-13.00,-19.40,-24.60,-30.30,-26.30,-12.05,-21.80,-24.10,-29.00,-16.40,-7.70,-9.20,-7.60,-12.90,-22.00,-24.15,-34.65,-15.75,-24.40,-15.30,-20.35,-16.25,-7.80,-10.00,4.00,7.30,-3.95,7.75,17.75,9.15,11.30,16.75,17.70,14.05,21.25,16.30,7.95,21.35,27.25,24.50,23.85,24.80,28.40,27.30,23.00,25.05,24.90,26.90,31.60,37.55,34.15,33.75,36.35,41.15,56.75,49.80,55.85,59.40,61.50,61.85,59.10,55.00,37.40,32.80,36.80,37.15,36.85,36.25,35.05,35.05,35.05,35.05,35.05,35.05,35.05,35.05,35.05,35.05,35.05,35.05,35.05,50.40,79.10,84.25,89.75,81.00,65.60,59.70,65.65,50.75,64.05,72.00,69.55,41.05,39.30,47.70,39.85,43.30,45.80,34.85,43.25,45.60,44.25,44.20,38.50,46.00,51.75,58.25,52.25,60.15,64.20,83.90,103.15,95.90,93.20,95.75,102.65,102.20,103.60,73.65,54.10,23.25,30.95,33.05,48.65,55.70,68.05,69.65,58.20,51.05,57.90,71.95,57.20,55.30,58.80,72.50,81.80,104.35,98.25,103.25,94.20,89.95,86.30,101.60,101.70,111.15,125.00,117.35,122.35,121.20,133.40,128.45,122.90,111.15,112.75,110.85,115.20,100.15,106.05,100.70,109.65,109.15,114.15,103.15,95.95,91.55,86.50,84.95,82.15,91.10,98.90,92.85,108.80,148.10,149.85,170.70,166.15,153.05,141.20,159.10,159.75,163.20,178.80,176.50,175.55,181.20,170.10,186.40,183.20,165.50,158.55,143.25,134.50,149.15,148.55,148.00,156.90,158.65,136.70,132.95,136.45,132.55,120.80,112.15,127.75,131.35,120.80,123.55,133.70,130.95,132.30,131.70,128.05,138.75,135.60,123.50,126.85,136.30,139.45,139.75,128.80,123.20,135.70,139.30,153.85,147.25,144.80,142.90,155.10,166.90,167.20,171.95,165.80,140.30,130.30,139.55,144.20,160.60,146.85,134.60,142.45,143.90,148.60,130.50,130.80,124.25,129.80,140.10,141.40,141.15,130.65,134.60,129.60,98.00,65.40,56.30,75.05,80.30,84.90,98.60,98.90,107.40,100.35,113.55,116.15,104.95,108.80,126.95,104.00,110.70,90.85,88.70,103.45,75.95,75.45,78.40,88.45,111.00,116.80,109.55,107.10,102.75,120.05,115.80,107.90,114.50,128.05,146.30,158.25,151.70,143.90,140.50,147.40,145.75,148.70,152.35,145.10,144.35,145.45,148.80,148.70,145.45,134.85,110.45,125.40,115.05,117.35,105.15,100.85,116.00,128.75,141.45,146.15,160.75,140.70,140.05,142.35,152.65,150.35,149.25,167.15,148.15,151.95,150.80,153.05,156.50,155.15,160.10,162.05,161.65,163.25,155.15,157.05,178.25,199.75,199.15,198.55,201.50,208.45,201.25,195.70,197.55,197.95,181.10,177.80,178.55,172.20,165.75,168.35,163.95,172.70,172.00,162.30,163.85,160.60,154.10,165.60,165.60,165.60,165.60,165.60,165.60,165.60,165.60,165.60,165.60,165.60,165.60,165.60,184.30,173.95,172.10,181.50,187.05,183.00,173.65,173.00,176.45,179.85,177.05,174.95,180.40,185.65,189.45,195.90,199.40,198.20,204.75,196.70,195.75,196.20,182.95,186.95,195.25,208.10,204.25,199.40,190.60,188.20,198.60,196.95,203.20,201.95,210.50,204.20,218.00,219.20,221.50,237.45,272.60,277.65,279.05,280.80,298.80,288.40,291.25,276.00,273.75,278.80,287.70,279.35,274.40,272.10,279.00,284.80,303.10,302.25,290.85,291.05,288.90,296.05,297.65,299.30,300.55,286.40,287.25,287.05,282.85,277.15,268.95,262.40,253.00,259.70,261.00,266.35,267.55,269.80,265.05,266.20,267.35,275.15,274.75,278.15,279.65,273.00,268.35,266.35,277.50,274.25,271.85,274.05,265.15,239.00,226.50,247.05,259.40,250.25,253.20,243.30,234.10,243.85,233.85,246.85,239.90,228.60,217.10,217.85,213.70,217.60,212.45,215.50,237.10,234.20,223.50,223.10,225.30,232.80,230.80,222.85,221.65,225.35,219.60,205.30,198.50,178.55,157.85,161.95,159.90,156.45,161.65,141.60,153.35,140.70,140.75,127.45,109.35,118.75,125.75,126.60,127.55,132.55,133.60,108.55,108.95,109.80,109.60,106.00,101.75,80.50,63.30,67.45,82.15,72.40,67.10,32.10,28.15,24.75,51.70,45.00,57.95,59.25,68.70,74.65,85.15,92.25,126.15,157.10,148.00,123.15,122.35,133.05,131.10,138.85,137.65,107.45,119.30,105.10,103.15,106.15,143.80,145.65,159.70,156.70,150.80,141.05,144.50,120.25,118.40,98.65,66.25,23.85,3.55,45.05,35.15,54.95,60.55,73.10,77.45,84.40,98.90,90.30,88.65,71.10,50.15,11.85,33.10,39.00,49.15,57.45,53.00,32.60,48.15,51.85,58.80,59.65,61.05,48.50,54.75,57.35,79.35,83.95,79.35,101.20,98.55,108.70,95.35,93.15,78.20,83.70,76.90,81.55,73.65,64.30,52.30,54.35,61.55,58.40,60.20,69.25,76.90,68.30,74.60,52.00,62.65,57.05,52.00,61.30,55.50,60.15,60.80,55.45,68.60,67.10,63.50,59.05,52.40,35.45,44.35,55.95,52.00,44.15,50.95,36.95,42.00,36.95,40.65,43.45,42.80,50.60,54.50,54.00,52.15,56.35,58.15,58.05,58.05,58.05,58.05,58.05,58.05,58.05,58.05,58.05,58.05,58.05,58.05,58.05,73.05,65.85,68.25,63.10,65.25,77.65,65.30,72.05,74.50,68.45,68.60,74.15,83.15,86.30,81.30,76.65,78.80,81.75,81.05,82.15,79.30,92.85,90.80,85.70,59.30,78.80,86.35,99.40,108.75,101.45,124.65,118.95,99.75,64.95,58.75,92.10,94.15,106.40,101.75,87.70,100.70,105.90,76.35,87.10,107.10,105.15,97.35,111.75,104.80,86.65,81.80,65.30,68.45,56.25,52.70,66.00,54.85,53.20,63.90,69.70,74.05,77.55,79.80,75.00,83.70,76.30,85.90,90.30,92.80,96.30,92.45,95.45,102.40,105.45,115.45,135.35,143.70,146.05,154.60,154.70,154.50,159.40,153.95,153.10,158.85,158.65,174.05,175.40,190.95,186.90,176.75,183.45,174.80,190.50,206.75,203.55,231.30,223.70,227.20,219.10,208.45,214.10,219.75,217.90,227.85,232.05,234.05,240.80,228.10,225.55,235.55,238.55,239.00,240.00,231.85,233.90,241.65,253.50,242.35,231.05,222.10,226.50,230.90,222.30,214.25,200.20,219.65,219.75,213.30,208.25,214.35,217.20,231.00,225.15,226.10,227.40,239.65,246.20,242.75,235.40,233.55,232.75,232.80,228.95,213.35,205.85,217.15,226.00,224.50,224.20,219.25,234.15,242.35,230.55,240.15,228.25,227.80,228.55,219.40,230.50,240.95,243.95,225.30,215.85,252.55,319.35,303.15,322.50,328.60,343.30,335.25,328.40,344.35,323.45,356.10,379.05,375.90,370.45,345.40,372.80,386.90,354.40,362.00,353.00,340.50,341.90,295.30,306.40,314.10,302.85,311.30,286.85,297.45,326.80,306.60,349.15,343.95,342.50,339.05,353.55,350.35,356.20,369.25,381.40,380.40,379.65,370.55,349.35,350.60,376.70,375.60,368.00,371.70,383.85,385.50,394.85,382.60,375.20,387.55,385.50,387.10,387.25,395.40,394.35,401.00,398.45,381.55,380.40,383.55,379.05,388.35,381.65,401.10,414.35,411.15,410.65,404.50,405.40,401.35,398.60,404.60,411.30,411.35,408.95,411.10,410.85,413.70,407.55,410.60,403.15,395.90,396.00,412.85,407.40,407.30,411.30,404.90,406.80,393.50,395.90,392.05,386.25,384.45,389.50,390.10,389.55,392.45,385.90,386.95,391.80,381.40,377.05,374.40,382.45,381.00,354.75,354.75,354.75,354.75,354.75,354.75,354.75,354.75,354.75,354.75,354.75,354.75,354.75,354.75,354.75,354.75,354.75,354.75,354.75,354.75,354.75,354.75,354.75,354.75,354.75,354.75,354.75,354.75,354.75,354.75,354.75,354.75,354.75,354.75,354.75,354.75,354.75,354.75,354.75,354.75,354.75,354.75,354.75,354.75,354.75,354.75,354.75,354.75,354.75,354.75,354.75,354.75,354.75,354.75,354.75,354.75,354.75,354.75,354.75,354.75,354.75,354.75,354.75,354.75,354.75,354.75,354.75,354.75,354.75,354.75,354.75,354.75,354.75,354.75,354.75,354.75,354.75,354.75,354.75,354.75,354.75,354.75,354.75,354.75,354.75,354.75,354.75,354.75,354.75,354.75,354.75,354.75,354.75,354.75,354.75,354.75,354.75,354.75,354.75,354.75,354.75,354.75,354.75,354.75,354.75,354.75,354.75,354.75,354.75,354.75,354.75,354.75,354.75,354.75,354.75,354.75,354.75,354.75,354.75,354.75,354.75,354.75,354.75,354.75,354.75,354.75,354.75,354.75,354.75,354.75,354.75,354.75,354.75,354.75,354.75,354.75,354.75,354.75,354.75,354.75,354.75,354.75,354.75,354.75,354.75,354.75,354.75,354.75,354.75,354.75,354.75,354.75,354.75,354.75,354.75,354.75,354.75,354.75,354.75,354.75,354.75,354.75,354.75,354.75,354.75,354.75,354.75,354.75,354.75,354.75,354.75,354.75,354.75,354.75,354.75,354.75,354.75,354.75,354.75,354.75,354.75,354.75,354.75,354.75,354.75,354.75,354.75,354.75,354.75,354.75,354.75,354.75,354.75,354.75,354.75,354.75,354.75,354.75,354.75,354.75,354.75,354.75,354.75,354.75,354.75,354.75,354.75,354.75,354.75,354.75,354.75,354.75,354.75,354.75,354.75,354.75,354.75,354.75,354.75,354.75,354.75,354.75,354.75,354.75,354.75,354.75,354.75,354.75,354.75,354.75,354.75,354.75,354.75,354.75,354.75,354.75,354.75,354.75,354.75,354.75,354.75,354.75,354.75,354.75,354.75,354.75,354.75,354.75,354.75,354.75,354.75,354.75,354.75,354.75,354.75,354.75,354.75,354.75,354.75,354.75,354.75,354.75,354.75,354.75,354.75,354.75,354.75,354.75,354.75,354.75,354.75,354.75,354.75,354.75,354.75,354.75,354.75,354.75,354.75,354.75,354.75,354.75,354.75,354.75,354.75,354.75,354.75,354.75,354.75,354.75,354.75,354.75,354.75,354.75,354.75,354.75,354.75,354.75,354.75,354.75,354.75,354.75,354.75,354.75,354.75,354.75,354.75,354.75,354.75,354.75,354.75,354.75,354.75,354.75,354.75,354.75,354.75,354.75,354.75,354.75,354.75,354.75,354.75,354.75,354.75,354.75,354.75,354.75,354.75,354.75,354.75,354.75,354.75,354.75,354.75,354.75,354.75,354.75,354.75,354.75,354.75,354.75,354.75,354.75,354.75,354.75,354.75,354.75,354.75,354.75,354.75,354.75,354.75,354.75,354.75,354.75,354.75,354.75,354.75,354.75,354.75,354.75,354.75,354.75,354.75,354.75,354.75,354.75,354.75,354.75,354.75,354.75,354.75,354.75,354.75,354.75,354.75,354.75,354.75,354.75,354.75,354.75,354.75,354.75,354.75,354.75,354.75,354.75,354.75,354.75,354.75,354.75,354.75,354.75,354.75,354.75,354.75,354.75,354.75,354.75,354.75,354.75,354.75,354.75,354.75,354.75,354.75,354.75,354.75,354.75,354.75,354.75,354.75,354.75,354.75,354.75,354.75,354.75,354.75,354.75,354.75,354.75,354.75,354.75,354.75,354.75,354.75,354.75,354.75,354.75,354.75,354.75,354.75,354.75,354.75,354.75,354.75,354.75,354.75,354.75,354.75,354.75,354.75,354.75,354.75,354.75,354.75,354.75,354.75,354.75,354.75,354.75,354.75,354.75,354.75,354.75,354.75,354.75,354.75,354.75,354.75,354.75,354.75,354.75,354.75,354.75,354.75,354.75,354.75,354.75,354.75,354.75,354.75,354.75,354.75,354.75,354.75,354.75,354.75,354.75,354.75,354.75,354.75,354.75,354.75,354.75,354.75,354.75,354.75,354.75,354.75,354.75,354.75,354.75,354.75,354.75,354.75,354.75,354.75,354.75,354.75,354.75,354.75,354.75,354.75,354.75,354.75,354.75,354.75,354.75,354.75,354.75,354.75,354.75,354.75,354.75,354.75,354.75,354.75,354.75,354.75,354.75,354.75,354.75,354.75,354.75,354.75,354.75,354.75,354.75,354.75,354.75,354.75,354.75,354.75,354.75,354.75,354.75,354.75,354.75,354.75,354.75,354.75,354.75,354.75,354.75,354.75,354.75,354.75,354.75,354.75,354.75,354.75,354.75,354.75,354.75,354.75,354.75,354.75,354.75,354.75,354.75,354.75,354.75,354.75,354.75,354.75,354.75,354.75,354.75,354.75,354.75,354.75,354.75,354.75,354.75,354.75,354.75,354.75,354.75,354.75,354.75,354.75,354.75,354.75,354.75,354.75,354.75,354.75,328.50,325.40,343.00,315.40,307.55,305.65,316.00,332.55,333.40,339.75,323.85,307.90,334.65,330.25,328.60,320.05,320.70,329.00,324.85,323.00,314.90,304.45,306.35,299.15,307.15,295.10,269.90,273.10,269.65,262.45,267.25,273.15,254.75,263.55,280.95,298.35,275.10,276.35,277.35,294.20,269.40,292.60,307.25,304.00,310.00,311.70,318.85,308.90,324.85,321.75,323.35,322.15,323.75,325.30,335.20,349.30,351.40,363.55,341.50,326.20,333.60,321.90,326.10,317.15,314.25,309.85,324.55,324.90,325.00,328.35,324.40,323.30,325.55,329.30,329.10,329.10,328.00,325.45,331.45,319.20,332.05,340.85,330.85,334.50,329.30,332.20,330.35,322.55,329.40,311.75,308.45,312.25,328.95,323.80,327.45,322.15,317.25,311.80,315.40,302.95,296.35,285.20,291.65,300.75,299.50,293.05,280.05,271.10,271.50,267.05,258.35,249.10,262.85,257.85,256.75,255.55,255.70,259.85,265.85,272.05,276.10,265.25,257.45,264.35,257.70,267.25,266.70,253.75,256.10,256.55,253.95,259.20,258.50,257.35,255.20,257.75,247.00,220.65,223.90,232.45,229.35,220.30,230.80,228.05,233.95,245.85,245.95,248.75,250.40,241.55,240.60,234.75,233.15,236.85,238.90,243.05,248.30,244.35,242.60,241.90,243.15,243.50,236.60,236.85,239.20,243.80,250.70,251.40,253.30,260.30,255.35,250.85,227.20,219.75,231.50,244.60,254.90,247.25,254.50,257.35,257.80,252.50,256.35,276.95,276.95,276.95,276.95,276.95,276.95,276.95,276.95,276.95,276.95,276.95,276.95,276.95,276.95,276.95,276.95,277.20,277.85,271.85,268.90,271.55,278.35,274.15,277.25,279.90,280.10,280.25,280.20,277.60,277.05,275.85,279.65,275.10,281.35,275.90,279.10,278.55,284.30,288.10,289.90,293.10,300.15,298.05,295.70,295.85,292.90,293.90,294.55,291.60,289.45,289.90,293.10,292.50,291.30,291.95,291.15,291.60,293.00,292.80,292.65,293.55,293.50,304.70,304.70,304.70,304.70,304.70,304.70,304.70,304.70,304.70,304.70,304.70,304.70,304.70,304.70,304.70,304.70,304.70,304.70,304.70,304.70,304.70,304.70,304.70,304.70,304.70,304.70,304.70,304.70,304.70,304.70,304.70,304.70,304.70,304.70,304.70,304.70,304.70,304.70,304.70,304.70,304.70,304.70,304.70,317.20,302.85,303.55,307.20,311.50,319.60,328.25,320.60,323.15,323.60,322.80,323.65,321.80,321.25,317.75,319.10,321.15,321.95,323.00,322.35,318.75,316.90,312.55,315.95,311.35,321.75,332.65,317.60,307.45,306.75,317.45,304.10,311.65,307.35,300.35,310.75,297.10,290.80,302.20,287.80,278.85,281.90,288.60,262.30,246.15,249.50,254.60,265.30,267.20,275.05,283.45,292.40,283.45,291.00,290.40,292.15,291.70,294.65,300.05,299.95,304.25,298.55,305.90,316.15,317.35,319.20,315.20,310.00,306.80,298.25,294.75,290.95,288.60,286.75,288.80,289.10,283.10,284.80,272.75,273.95,267.10,253.45,256.15,239.85,239.30,237.75,228.05,227.55,223.50,220.35,216.85,206.95,207.85,197.00,209.05,203.00,203.00,211.25,205.25,208.30,200.95,187.20,183.35,171.90,168.30,151.30,122.25,129.05,118.50,119.65,138.20,126.25,126.25,126.25,126.25,123.35,134.70,117.95,54.15,66.55,122.60,124.60,113.85,113.00,121.85,118.90,83.45,99.10,84.20,86.60,83.65,78.25,83.10,129.20,116.40,110.45,106.10,91.45,70.50,62.15,66.80,65.55,73.90,66.15,76.90,77.30,69.50,61.15,78.70,57.70,56.75,66.40,65.70,65.30,57.45,52.65,66.10,59.75,53.05,39.50,40.05,36.75,40.30,50.70,44.25,47.90,38.10,26.50,37.05,46.55,56.45,62.90,67.75,61.05,52.80,56.90,57.70,59.75,53.10,56.30,73.70,68.70,76.35,72.30,63.60,67.85,101.80,82.25,89.95,77.65,66.70,58.80,35.10,62.05,74.80,65.55,69.20,66.10,72.00,77.40,78.40,87.85,85.70,84.00,88.10,94.30,75.05,62.35,61.25,65.90,55.55,38.95,43.20,55.95,47.30,53.85,58.75,56.50,62.95,65.70,77.30,75.70,69.75,70.10,66.55,64.90,68.80,74.55,70.95,74.95,81.80,87.70,95.20,95.15,91.80,97.40,103.70,101.65,97.35,92.20,95.80,95.25,96.85,87.25,85.65,91.35,97.50,93.60,91.85,99.60,103.55,100.85,106.90,106.20,107.10,106.85,108.40,109.40,112.15,119.80,109.35,109.35,109.35,109.35,105.20,102.80,103.35,105.35,110.45,104.25,107.45,109.20,104.35,101.25,86.30,90.50,90.50,90.50,90.50,90.50,90.50,90.50,90.50,90.50,90.50,90.50,90.50,90.50,107.45,105.15,103.15,104.25,111.75,108.45,105.10,109.85,107.15,111.65,105.30,102.70,112.60,111.00,119.65,124.10,129.75,127.85,128.40,134.05,136.75,133.15,139.45,132.65,138.95,142.65,141.05,141.85,144.75,145.60,161.30,161.25,156.80,153.25,140.75,127.55,126.15,103.25,116.80,116.55,119.90,120.55,123.40,115.85,92.95,96.65,95.70,93.55,105.80,115.05,117.05,120.45,117.90,134.10,130.05,125.70,113.35,96.45,99.85,96.55,96.40,96.05,93.60,73.70,65.40,54.95,50.10,67.40,75.45,68.45,69.35,74.05,74.95,69.70,71.65,64.95,58.40,60.50,67.20,71.90,67.85,64.75,73.20,66.80,77.20,86.90,100.70,118.15,116.25,127.65,114.55,116.00,131.60,116.10,123.00,121.65,107.00,88.40,82.75,95.95,101.75,106.10,105.40,109.10,118.45,125.45,121.75,126.90,124.35,134.20,149.85,144.35,140.20,138.55,147.80,142.15,173.05,183.85,189.45,181.10,189.00,186.05,203.80,192.60,175.65,177.95,175.00,172.00,172.20,188.45,198.00,193.25,197.45,192.65,193.85,192.60,198.15,201.40,195.55,194.65,198.45,204.80,204.65,206.25,208.55,203.15,182.80,181.00,187.70,182.65,172.45,163.90,164.50,154.65,154.85,152.85,147.90,150.20,134.25,141.70,142.65,151.65,151.10,143.80,142.45,124.95,135.35,142.95,143.60,134.40,131.45,138.00,128.45,141.15,153.10,143.55,142.20,151.30,146.10,146.65,148.45,132.95,120.10,136.70,126.95,113.40,127.10,103.90,92.95,106.75,118.30,112.00,123.00,111.95,106.10,106.65,121.30,124.65,118.90,101.25,106.85,97.70,91.95,98.40,73.25,76.15,81.00,81.40,80.55,62.20,61.45,63.25,62.45,60.35,63.10,66.65,65.15,62.20,71.40,79.15,76.45,72.45,58.75,55.25,44.65,39.20,47.40,53.65,49.00,43.85,65.65,76.75,77.95,69.95,71.60,74.60,72.30,64.60,66.35,69.45,70.80,86.40,82.70,84.60,95.00,93.55,89.50,92.30,88.90,91.00,97.35,95.60,90.35,82.90,64.25,68.95,72.65,55.85,63.75,71.00,60.05,69.05,73.25,71.05,66.00,66.35,55.85,63.50,64.25,69.80,70.75,62.90,55.40,40.25,16.60,23.90,23.90,23.90,23.90,23.90,23.90,23.90,23.90,23.90,23.90,23.90,23.90,23.90,34.90,42.25,37.15,33.55,20.25,12.80,19.60,19.10,14.55,15.00,20.55,18.25,-2.95,-28.60,-63.20,-63.10,-96.75,-83.50,-112.35,-118.40,-151.35,-120.05,-107.50,-114.95,-102.00,-105.75,-111.60,-122.25,-120.15,-107.25,-113.90,-93.15,-79.85,-73.65,-74.25,-89.50,-138.20,-137.20,-150.25,-176.05,-138.10,-133.10,-168.10,-138.90,-154.55,-122.30,-102.35,-96.85,-101.50,-88.00,-92.35,-93.50,-95.75,-87.60,-100.30,-89.65,-67.10,-53.15,-58.90,-64.80,-59.25,-58.45,-63.45,-54.25,-29.95,-43.50,-39.35,-34.40,-24.25,-35.15,-36.55,-41.75,-42.70,-52.30,-45.90,-46.15,-45.00,-39.80,-48.30,-47.80,-47.55,-48.35,-59.00,-68.25,-64.35,-72.00,-59.20,-57.70,-65.75,-55.05,-61.95,-82.10,-73.20,-82.10,-66.80,-52.10,-42.95,-62.55,-71.25,-51.50,-43.65,-46.25,-47.85,-56.30,-57.70,-59.45,-55.65,-55.75,-42.55,-39.70,-23.95,-21.35,-8.70,-9.65,-28.95,-25.80,-16.25,-9.90,7.75,16.75,15.10,9.45,6.05,1.90,-4.65,1.40,-9.80,-15.90,-12.65,-13.45,-13.25,-6.30,-9.25,-14.05,-17.75,-17.40,-29.20,-22.35,-7.30,-5.70,-5.80,-14.25,-7.70,-4.30,12.35,21.75,29.70,59.00,70.75,77.25,78.10,75.80,71.10,69.55,82.70,68.55,73.15,72.40,69.10,69.00,79.20,96.65,95.05,86.50,92.35,109.90,90.75,85.45,96.25,96.05,107.35,129.50,133.35,132.55,151.25,144.65,153.40,146.30,143.90,167.95,142.10,140.70,140.05,156.80,172.85,180.35,172.95,159.00,148.45,159.20,184.60,152.80,148.05,174.00,172.65,167.70,159.95,139.70,147.75,129.55,126.45,147.15,142.05,136.95,159.50,170.00,166.70,164.95,164.70,166.75,165.60,170.50,170.35,181.70,178.95,194.80,216.65,215.35,233.15,222.85,211.15,216.80,215.50,209.75,216.05,206.90,200.95,196.75,193.40,188.70,195.15,188.85,194.85,180.25,186.95,186.45,200.30,203.85,192.80,206.40,200.45,199.15,192.95,188.20,174.65,180.45,180.35,182.65,191.20,190.65,188.65,190.85,186.00,187.30,183.00,174.75,180.80,181.20,172.35,168.30,167.00,167.05,166.15,168.05,168.10,167.70,166.30,163.85,168.80,174.45,171.55,167.95,168.80,174.70,175.45,177.50,177.50,177.50,177.50,177.50,177.50,177.50,177.50,177.50,177.50,177.50,177.50,177.50,173.75,165.85,168.20,169.15,173.35,173.15,171.20,162.55,168.30,167.30,161.15,157.75,158.90,161.80,159.10,154.60,158.90,164.30,159.90,156.95,157.00,156.75,160.60,163.75,175.95,166.95,156.75,156.55,152.40,151.90,144.80,149.65,151.40,153.05,146.40,147.90,148.05,164.30,166.30,184.15,174.90,166.90,159.70,158.30,147.50,137.90,134.05,133.90,121.10,125.95,113.75,113.55,96.05,94.90,95.50,87.75,86.90,72.30,67.10,71.80,77.85,92.10,87.35,79.55,78.85,69.35,80.95,72.25,54.15,43.75,66.65,57.85,51.35,48.15,54.95,58.70,57.20,59.30,54.05,51.65,48.00,56.65,55.85,66.45,55.65,47.55,47.25,49.60,62.55,69.75,78.80,86.15,81.55,89.25,100.05,104.10,92.95,65.65,56.55,57.85,57.00,41.15,59.15,74.20,64.85,73.60,90.30,93.45,67.20,54.20,46.00,57.70,67.60,65.35,60.30,52.55,55.45,67.60,69.95,58.20,64.75,54.40,63.40,74.10,73.10,74.25,70.05,68.25,69.45,67.95,62.25,63.05,60.95,63.55,75.15,77.75,73.15,65.25,58.95,63.30,75.00,74.85,72.00,63.05,79.50,82.10,83.70,85.15,70.65,67.75,63.50,59.15,57.45,53.00,61.15,61.40,70.10,64.55,53.05,45.70,46.50,52.40,51.20,48.75,46.25,39.85,47.00,55.75,33.25,31.00,99.80,95.00,89.75,92.95,82.50,95.30,108.80,98.15,100.65,105.15,107.60,117.80,98.55,75.95,82.30,54.85,47.00,67.15,33.20,16.10,-7.45,-29.35,-29.25,2.50,-3.80,8.55,13.15,5.60,-15.60,-31.25,-20.15,-28.00,-12.05,-1.25,-14.80,-9.60,5.35,12.65,27.25,20.50,32.45,34.95,38.95,35.90,28.25,28.30,35.20,26.90,30.40,33.70,30.90,31.15,16.45,13.55,24.20,30.40,44.75,51.95,48.50,45.25,57.55,42.20,46.10,43.35,45.10,51.80,55.05,46.75,45.40,40.10,50.70,58.10,55.30,48.50,53.00,58.20,59.80,55.30,57.70,56.25,56.35,54.40,58.90,54.00,56.75,48.70,53.25,51.65,52.35,50.95,54.85,45.10,58.00,59.95,58.05,55.70,51.10,41.20,41.55,36.35,38.25,37.85,45.60,44.35,36.75,77.10,77.10,77.10,77.10,77.10,77.10,77.10,77.10,77.10,77.10,77.10,77.10,77.10,77.10,77.10,77.10,77.10,77.10,77.10,77.10,77.10,77.10,77.10,77.10,77.10,77.10,77.10,77.10,77.10,77.10,77.10,77.10,77.10,77.10,77.10,77.10,77.10,77.10,77.10,77.10,77.10,77.10,77.10,77.10,77.10,77.10,77.10,77.10,77.10,77.10,77.10,77.10,77.10,77.10,77.10,77.10,77.10,77.10,77.10,77.10,77.10,77.10,77.10,77.10,77.10,77.10,77.10,77.10,77.10,77.10,77.10,77.10,77.10,77.10,77.10,77.10,77.10,77.10,77.10,77.10,77.10,77.10,77.10,77.10,77.10,77.10,77.10,77.10,77.10,77.10,77.10,77.10,77.10,77.10,77.10,77.10,77.10,77.10,77.10,77.10,77.10,77.10,77.10,77.10,77.10,77.10,77.10,77.10,77.10,77.10,77.10,77.10,77.10,77.10,77.10,77.10,77.10,77.10,77.10,77.10,77.10,77.10,77.10,77.10,77.10,77.10,77.10,77.10,77.10,77.10,77.10,77.10,77.10,77.10,77.10,77.10,77.10,77.10,77.10,77.10,77.10,77.10,77.10,77.10,77.10,77.10,77.10,77.10,77.10,77.10,77.10,77.10,77.10,77.10,77.10,77.10,77.10,77.10,77.10,77.10,77.10,77.10,77.10,77.10,77.10,77.10,77.10,77.10,77.10,77.10,77.10,77.10,77.10,77.10,77.10,77.10,77.10,77.10,77.10,77.10,77.10,77.10,77.10,77.10,77.10,77.10,77.10,77.10,77.10,77.10,77.10,77.10,77.10,77.10,77.10,77.10,77.10,77.10,77.10,77.10,77.10,77.10,77.10,77.10,77.10,77.10,77.10,77.10,77.10,77.10,77.10,77.10,77.10,77.10,77.10,77.10,77.10,77.10,77.10,77.10,77.10,77.10,77.10,77.10,77.10,77.10,77.10,77.10,77.10,77.10,77.10,77.10,77.10,77.10,77.10,77.10,77.10,77.10,77.10,77.10,77.10,77.10,77.10,77.10,77.10,77.10,77.10,77.10,77.10,77.10,77.10,77.10,77.10,77.10,77.10,77.10,77.10,77.10,77.10,77.10,77.10,77.10,77.10,77.10,77.10,77.10,77.10,77.10,77.10,77.10,77.10,77.10,77.10,77.10,77.10,77.10,77.10,77.10,77.10,77.10,77.10,77.10,77.10,77.10,77.10,77.10,77.10,77.10,77.10,77.10,77.10,77.10,77.10,77.10,77.10,77.10,77.10,77.10,77.10,77.10,77.10,77.10,77.10,77.10,77.10,77.10,77.10,77.10,77.10,77.10,77.10,77.10,77.10,77.10,77.10,77.10,77.10,77.10,77.10,77.10,77.10,77.10,77.10,77.10,77.10,77.10,77.10,77.10,77.10,77.10,77.10,77.10,77.10,77.10,77.10,77.10,77.10,77.10,77.10,77.10,77.10,77.10,77.10,77.10,77.10,77.10,77.10,77.10,77.10,77.10,77.10,77.10,77.10,77.10,77.10,77.10,77.10,77.10,77.10,77.10,77.10,77.10,77.10,77.10,77.10,77.10,77.10,77.10,77.10,77.10,77.10,77.10,77.10,77.10,77.10,77.10,77.10,77.10,77.10,77.10,77.10,77.10,77.10,77.10,77.10,77.10,77.10,77.10,77.10,77.10,77.10,77.10,77.10,77.10,77.10,77.10,77.10,77.10,77.10,77.10,77.10,77.10,77.10,77.10,77.10,77.10,77.10,77.10,77.10,77.10,77.10,77.10,77.10,77.10,77.10,77.10,77.10,77.10,77.10,77.10,77.10,77.10,77.10,77.10,77.10,77.10,77.10,77.10,77.10,77.10,77.10,77.10,77.10,77.10,77.10,77.10,77.10,77.10,77.10,77.10,77.10,77.10,77.10,77.10,77.10,77.10,77.10,77.10,77.10,77.10,77.10,77.10,77.10,77.10,77.10,77.10,77.10,77.10,77.10,77.10,77.10,77.10,77.10,77.10,77.10,77.10,77.10,77.10,77.10,77.10,77.10,77.10,77.10,77.10,77.10,77.10,77.10,77.10,77.10,77.10,77.10,77.10,77.10,77.10,77.10,77.10,77.10,77.10,77.10,77.10,77.10,77.10,77.10,77.10,77.10,77.10,77.10,77.10,77.10,77.10,77.10,77.10,77.10,77.10,77.10,77.10,77.10,77.10,77.10,77.10,77.10,77.10,77.10,77.10,77.10,77.10,77.10,77.10,77.10,77.10,77.10,77.10,77.10,77.10,77.10,77.10,77.10,77.10,77.10,77.10,77.10,77.10,77.10,77.10,77.10,77.10,77.10,77.10,77.10,77.10,77.10,77.10,77.10,77.10,77.10,77.10,77.10,77.10,77.10,77.10,77.10,77.10,77.10,77.10,77.10,77.10,77.10,77.10,77.10,77.10,77.10,77.10,77.10,77.10,77.10,77.10,77.10,77.10,77.10,77.10,77.10,77.10,77.10,77.10,77.10,77.10,77.10,77.10,77.10,77.10,77.10,77.10,77.10,77.10,77.10,77.10,77.10,77.10,77.10,101.25,127.60,122.40,121.10,99.05,105.00,104.15,105.65,113.90,123.65,137.35,150.65,161.15,155.35,153.70,149.55,147.70,145.70,148.30,146.35,142.10,143.45,137.90,136.25,144.45,151.90,151.20,152.15,146.75,151.05,139.15,118.50,122.25,129.05,139.65,142.00,142.90,150.95,146.65,132.35,133.20,132.30,122.65,127.90,117.40,104.75,103.60,103.15,117.95,121.65,127.75,125.15,118.60,119.45,127.10,126.90,121.55,123.00,117.80,121.25,119.35,114.20,111.85,115.20,124.25,112.15,108.90,107.70,112.40,121.10,123.45,129.50,140.55,139.05,143.30,151.00,146.90,153.25,155.95,152.75,158.65,155.60,160.30,155.05,165.05,163.15,178.95,171.50,169.40,176.05,178.10,182.60,198.50,198.75,202.80,204.70,216.20,223.15,225.45,255.10,259.50,273.30,270.15,281.60,310.45,292.75,289.75,307.65,314.55,327.65,341.45,365.95,367.80,352.25,367.60,360.15,357.45,353.40,346.80,348.00,362.65,362.90,353.45,351.80,351.60,350.85,341.80,356.00,353.60,361.85,356.40,346.00,340.40,332.45,327.75,338.60,333.05,320.75,315.40,309.30,318.05,323.25,320.80,327.25,331.35,324.30,317.15,327.45,334.65,331.55,327.00,328.80,311.05,320.40,322.30,328.15,320.15,330.00,331.75,330.50,346.80,352.55,363.70,378.50,368.65,361.35,360.90,365.95,356.90,376.65,374.45,382.65,396.80,389.40,393.95,396.65,394.30,388.25,367.75,363.35,357.10,356.45,367.65,369.85,362.35,364.85,365.80,380.20,418.15,414.50,457.55,455.40,446.65,434.85,458.10,473.85,452.25,452.65,458.55,459.55,474.35,466.35,473.95,464.70,470.65,471.70,459.90,466.85,460.90,452.35,449.50,452.80,459.20,459.45,454.65,456.75,476.25
30,1,2025.06.03 02:10:00,2025.06.03 03:19:58,Asian,2,1,2,Q32,3389.25000,3378.97000,3378.97000,3409.81000,0.05,2.35,900,-37.05,3900,0,-1.90,2.30,2.35,-16.45,-27.85,-16.20,-13.20,-15.25,-18.80,-9.45,-23.30,-30.60,-37.05
32,1,2025.06.04 01:35:00,2025.06.04 03:44:57,Asian,3,1,1,Q42,3358.02000,3351.22000,3351.22000,3371.62000,0.05,11.70,2400,-25.40,5700,0,-0.25,1.05,0.10,-3.55,-4.25,-1.70,7.00,11.70,11.40,1.50,2.70,3.30,-3.90,6.45,8.05,5.35,10.20,-9.30,-25.40,-20.65,2.90,-9.30,-2.80,-13.65,-23.50
34,1,2025.06.05 02:30:00,2025.06.05 04:49:58,Asian,4,1,2,Q52,3378.80000,3371.86000,3371.86000,3392.68000,0.05,21.45,5700,-25.25,8100,0,-12.55,-17.50,-16.10,-16.35,-8.65,-2.20,-19.65,-13.10,-2.65,-1.40,13.40,10.85,5.35,-9.35,-15.95,-7.95,3.35,7.10,21.45,15.60,5.35,-7.35,-15.70,-5.70,-24.75,-24.50,-25.25
36,1,2025.06.06 02:40:00,2025.06.06 06:59:57,Asian,5,1,2,Q49,3359.32000,3371.74000,3353.11000,3371.74000,0.05,57.60,15000,-6.20,300,0,-6.20,10.65,14.05,12.35,21.80,16.60,22.40,21.50,18.95,17.90,20.25,11.55,10.75,-5.55,-0.70,-1.65,0.55,9.55,12.55,18.00,33.75,46.00,20.95,16.05,12.05,14.90,21.30,22.80,20.95,21.75,25.80,26.10,21.40,22.50,25.55,19.55,23.05,28.10,31.20,23.05,14.05,14.25,10.75,17.15,23.95,37.00,44.55,47.15,54.45,57.60,57.25
38,1,2025.06.09 04:40:00,2025.06.09 09:24:58,Asian,1,2,4,Q69,3303.86000,3318.67000,3318.67000,3274.24000,0.05,39.10,1200,-65.95,16800,0,-17.45,-13.25,2.90,39.10,36.95,30.55,28.25,12.75,-4.50,7.35,-2.75,4.45,5.90,-10.30,-14.75,-8.95,-17.20,-20.80,-20.15,-14.90,-17.10,-3.45,-14.15,-12.30,-25.35,-35.70,-38.40,-36.10,-38.85,-38.55,-35.70,-37.35,-45.05,-42.30,-34.95,-43.70,-43.05,-42.05,-39.70,-40.25,-31.40,-33.80,-38.70,-37.70,-34.00,-40.80,-40.10,-49.45,-58.70,-61.40,-56.65,-55.70,-48.25,-59.60,-65.75,-65.95
40,1,2025.06.10 01:00:00,2025.06.10 04:34:58,Asian,2,2,1,Q38,3325.86000,3308.94000,3334.32000,3308.94000,0.05,72.85,12600,-9.70,6900,0,7.55,8.70,4.85,0.50,0.20,2.95,3.75,8.00,17.75,13.60,9.20,10.20,5.20,2.25,1.60,-2.05,-2.30,-1.90,-1.35,-3.70,0.35,0.40,-9.70,-5.35,20.85,25.40,11.05,8.25,14.75,24.90,30.25,36.25,48.20,43.65,49.55,45.40,31.55,45.60,63.35,56.75,71.50,72.85
42,1,2025.06.11 01:15:00,2025.06.11 03:44:57,Asian,3,2,1,Q51,3321.93000,3334.55000,3334.55000,3296.69000,0.05,5.10,4200,-60.80,8700,0,-3.60,-4.20,-1.30,-5.35,-11.40,-25.65,-18.40,-13.30,-13.60,-11.35,-21.85,-20.55,-0.25,5.10,-0.50,1.90,-19.75,-18.35,-21.95,-23.10,-31.25,-17.90,-30.90,-33.10,-48.50,-49.00,-48.20,-51.35,-60.80
44,1,2025.06.12 01:00:00,2025.06.12 10:44:58,Asian,4,2,1,Q51,3356.66000,3343.12000,3343.12000,3383.74000,0.05,101.80,17100,-17.45,34800,0,6.10,16.70,21.55,30.95,32.55,35.70,43.05,53.60,46.75,41.70,53.30,61.20,76.65,66.90,50.55,49.70,49.15,39.40,48.80,38.95,46.30,30.50,11.05,43.70,33.95,39.70,41.25,50.65,44.65,52.60,48.90,63.10,50.90,70.70,57.75,45.60,49.40,60.75,53.60,66.30,81.95,93.70,80.65,82.10,59.95,65.85,69.20,71.75,85.00,67.60,77.20,84.40,79.90,90.20,91.60,98.85,101.80,94.85,88.50,89.70,85.75,93.70,95.15,89.80,89.40,90.20,88.20,92.05,89.65,88.00,76.60,84.10,72.20,70.90,66.95,69.95,73.25,75.95,75.65,77.50,83.65,81.20,75.50,68.35,67.90,73.05,70.95,81.40,88.80,90.00,94.90,89.40,89.20,89.70,90.75,88.30,88.15,80.10,74.25,47.65,57.45,65.80,70.85,81.90,76.70,82.95,91.40,89.80,83.35,77.80,74.25,67.85,71.30,66.35,27.20,-17.45
46,1,2025.06.13 03:20:00,2025.06.17 06:24:58,Asian,5,2,3,Q71,3410.59000,3379.76000,3379.76000,3472.25000,0.05,200.35,252000,-148.80,356400,0,-0.55,16.00,23.55,-2.25,-19.75,15.60,35.90,25.85,45.80,29.40,74.95,79.90,79.65,95.30,82.25,80.20,96.60,97.85,85.10,83.25,74.45,94.70,96.15,94.55,117.80,109.90,132.40,139.25,136.75,132.95,161.10,153.75,153.05,136.55,105.40,77.50,69.05,98.35,87.75,85.90,98.10,102.60,83.50,74.45,68.30,86.50,87.15,85.25,97.15,83.50,81.95,89.90,89.50,86.15,82.80,73.65,73.10,82.50,72.45,83.05,60.40,46.05,57.65,58.15,64.95,65.40,70.05,76.65,76.10,72.75,58.45,56.75,62.70,73.35,75.50,85.30,40.05,-8.00,17.35,28.60,8.30,-7.55,11.35,20.75,18.65,28.10,35.55,29.60,28.50,39.35,27.80,21.65,31.65,47.25,59.80,50.15,76.05,65.70,73.70,64.50,66.05,69.45,75.45,69.20,62.20,64.00,72.35,58.20,61.15,55.95,60.70,64.80,62.40,68.65,67.20,68.65,78.25,73.15,46.70,34.30,36.70,57.90,37.55,22.10,20.10,21.75,19.95,26.10,21.95,17.90,30.40,37.65,45.65,44.35,55.30,49.10,56.70,51.70,45.40,58.25,64.70,69.95,67.40,57.35,74.45,86.50,97.65,108.50,104.70,100.30,129.35,128.25,142.70,126.30,151.05,137.25,154.55,162.75,156.05,172.25,158.15,146.30,117.70,131.35,120.30,124.30,92.90,84.95,109.65,125.20,120.65,129.85,129.00,146.20,90.80,86.50,89.05,85.85,69.35,91.40,88.35,77.20,62.70,71.80,68.20,67.45,70.20,78.35,86.55,53.60,48.35,61.65,73.20,83.40,90.70,100.45,94.30,88.00,95.75,96.95,93.80,102.20,104.80,110.00,105.55,106.85,101.20,99.25,94.85,87.30,90.45,98.80,107.50,116.70,113.35,91.35,95.30,109.60,127.35,114.65,123.20,139.45,134.90,129.70,131.60,129.90,128.45,134.90,127.25,123.25,121.30,118.40,120.50,113.75,108.35,108.50,94.55,101.30,111.75,110.45,110.60,111.45,103.50,111.65,116.45,111.60,111.50,117.25,117.25,117.25,117.25,117.25,117.25,117.25,117.25,117.25,117.25,117.25,117.25,117.25,117.25,117.25,117.25,117.25,117.25,117.25,117.25,117.25,117.25,117.25,117.25,117.25,117.25,117.25,117.25,117.25,117.25,117.25,117.25,117.25,117.25,117.25,117.25,117.25,117.25,117.25,117.25,117.25,117.25,117.25,117.25,117.25,117.25,117.25,117.25,117.25,117.25,117.25,117.25,117.25,117.25,117.25,117.25,117.25,117.25,117.25,117.25,117.25,117.25,117.25,117.25,117.25,117.25,117.25,117.25,117.25,117.25,117.25,117.25,117.25,117.25,117.25,117.25,117.25,117.25,117.25,117.25,117.25,117.25,117.25,117.25,117.25,117.25,117.25,117.25,117.25,117.25,117.25,117.25,117.25,117.25,117.25,117.25,117.25,117.25,117.25,117.25,117.25,117.25,117.25,117.25,117.25,117.25,117.25,117.25,117.25,117.25,117.25,117.25,117.25,117.25,117.25,117.25,117.25,117.25,117.25,117.25,117.25,117.25,117.25,117.25,117.25,117.25,117.25,117.25,117.25,117.25,117.25,117.25,117.25,117.25,117.25,117.25,117.25,117.25,117.25,117.25,117.25,117.25,117.25,117.25,117.25,117.25,117.25,117.25,117.25,117.25,117.25,117.25,117.25,117.25,117.25,117.25,117.25,117.25,117.25,117.25,117.25,117.25,117.25,117.25,117.25,117.25,117.25,117.25,117.25,117.25,117.25,117.25,117.25,117.25,117.25,117.25,117.25,117.25,117.25,117.25,117.25,117.25,117.25,117.25,117.25,117.25,117.25,117.25,117.25,117.25,117.25,117.25,117.25,117.25,117.25,117.25,117.25,117.25,117.25,117.25,117.25,117.25,117.25,117.25,117.25,117.25,117.25,117.25,117.25,117.25,117.25,117.25,117.25,117.25,117.25,117.25,117.25,117.25,117.25,117.25,117.25,117.25,117.25,117.25,117.25,117.25,117.25,117.25,117.25,117.25,117.25,117.25,117.25,117.25,117.25,117.25,117.25,117.25,117.25,117.25,117.25,117.25,117.25,117.25,117.25,117.25,117.25,117.25,117.25,117.25,117.25,117.25,117.25,117.25,117.25,117.25,117.25,117.25,117.25,117.25,117.25,117.25,117.25,117.25,117.25,117.25,117.25,117.25,117.25,117.25,117.25,117.25,117.25,117.25,117.25,117.25,117.25,117.25,117.25,117.25,117.25,117.25,117.25,117.25,117.25,117.25,117.25,117.25,117.25,117.25,117.25,117.25,117.25,117.25,117.25,117.25,117.25,117.25,117.25,117.25,117.25,117.25,117.25,117.25,117.25,117.25,117.25,117.25,117.25,117.25,117.25,117.25,117.25,117.25,117.25,117.25,117.25,117.25,117.25,117.25,117.25,117.25,117.25,117.25,117.25,117.25,117.25,117.25,117.25,117.25,117.25,117.25,117.25,117.25,117.25,117.25,117.25,117.25,117.25,117.25,117.25,117.25,117.25,117.25,117.25,117.25,117.25,117.25,117.25,117.25,117.25,117.25,117.25,117.25,117.25,117.25,117.25,117.25,117.25,117.25,117.25,117.25,117.25,117.25,117.25,117.25,117.25,117.25,117.25,117.25,117.25,117.25,117.25,117.25,117.25,117.25,117.25,117.25,117.25,117.25,117.25,117.25,117.25,117.25,117.25,117.25,117.25,117.25,117.25,117.25,117.25,117.25,117.25,117.25,117.25,117.25,117.25,117.25,117.25,117.25,117.25,117.25,117.25,117.25,117.25,117.25,117.25,117.25,117.25,117.25,117.25,117.25,117.25,117.25,117.25,117.25,117.25,117.25,117.25,117.25,117.25,117.25,117.25,117.25,117.25,117.25,117.25,117.25,117.25,117.25,117.25,117.25,117.25,117.25,117.25,117.25,117.25,117.25,117.25,117.25,117.25,117.25,117.25,117.25,117.25,117.25,117.25,117.25,117.25,117.25,117.25,117.25,117.25,117.25,117.25,117.25,117.25,117.25,117.25,117.25,117.25,117.25,117.25,117.25,117.25,117.25,117.25,117.25,117.25,117.25,117.25,117.25,117.25,117.25,117.25,117.25,117.25,117.25,117.25,117.25,117.25,117.25,117.25,117.25,117.25,117.25,117.25,117.25,117.25,117.25,117.25,117.25,117.25,117.25,117.25,117.25,117.25,117.25,117.25,117.25,117.25,117.25,117.25,117.25,117.25,117.25,117.25,117.25,117.25,117.25,117.25,117.25,117.25,117.25,117.25,117.25,117.25,117.25,117.25,117.25,117.25,117.25,117.25,117.25,117.25,117.25,117.25,117.25,117.25,117.25,117.25,117.25,117.25,117.25,117.25,117.25,117.25,117.25,117.25,117.25,117.25,117.25,117.25,117.25,117.25,117.25,117.25,117.25,117.25,117.25,117.25,117.25,117.25,117.25,117.25,117.25,117.25,117.25,117.25,117.25,117.25,117.25,117.25,117.25,117.25,117.25,117.25,117.25,117.25,117.25,117.25,117.25,117.25,117.25,117.25,117.25,117.25,117.25,117.25,117.25,117.25,117.25,117.25,117.25,117.25,117.25,117.25,117.25,117.25,152.10,167.35,195.85,200.35,198.40,182.90,162.00,177.95,173.20,193.05,189.90,189.10,192.10,183.40,184.05,171.05,187.50,186.80,179.65,185.25,176.65,163.45,158.25,170.00,146.20,168.25,174.50,177.95,194.85,190.35,176.50,170.95,151.85,132.00,124.45,128.45,139.55,141.90,149.30,148.70,136.60,127.00,132.10,137.70,140.65,150.35,150.90,154.45,162.95,175.75,167.60,167.30,170.05,159.60,152.45,156.75,164.35,151.45,152.45,138.70,138.70,142.25,135.20,125.50,129.65,130.25,117.75,117.40,109.60,103.80,102.00,104.55,104.55,97.80,94.95,101.00,98.10,98.30,105.35,101.40,96.00,92.95,90.10,84.75,73.35,90.90,82.90,73.45,80.20,86.45,63.65,65.80,50.85,58.30,58.05,54.75,41.10,29.10,41.15,30.90,33.35,27.60,30.15,33.05,43.65,28.45,33.60,36.35,41.30,20.30,2.05,2.55,16.50,16.00,13.15,26.25,17.70,3.80,13.60,9.85,13.80,1.40,22.30,29.35,16.60,13.30,25.80,27.75,30.15,28.20,23.50,15.20,23.85,35.75,31.30,30.00,38.40,40.95,31.45,36.95,27.70,16.10,10.65,8.50,14.25,22.95,17.05,13.55,16.50,18.85,27.85,36.40,43.50,40.90,45.70,52.40,56.20,41.65,45.95,47.65,56.00,46.65,35.50,39.40,23.60,14.10,22.70,22.35,21.80,31.75,31.00,31.05,14.40,21.35,12.65,24.60,13.90,13.40,33.15,25.40,23.95,23.15,20.05,26.10,18.75,28.15,20.65,3.70,-9.05,-6.90,-103.00,-115.25,-83.35,-74.20,-71.05,-72.05,-77.00,-92.65,-86.10,-94.45,-77.05,-69.55,-71.75,-68.20,-50.45,-47.30,-49.55,-51.70,-43.40,-30.65,-27.40,-30.20,-34.15,-39.25,-35.80,-30.85,-36.55,-35.10,-49.25,-48.20,-58.35,-53.35,-55.00,-56.00,-52.40,-54.45,-55.15,-56.15,-59.75,-61.80,-58.85,-61.95,-66.75,-63.50,-83.85,-84.60,-86.70,-93.40,-87.45,-89.70,-91.85,-95.40,-97.30,-104.30,-112.15,-103.45,-104.05,-101.90,-105.70,-111.60,-113.15,-125.90,-128.85,-137.05,-132.75,-137.55,-134.65,-129.80,-117.50,-115.60,-121.35,-119.25,-118.30,-132.60,-130.70,-131.20,-129.70,-128.90,-129.95,-129.50,-127.75,-125.50,-133.10,-133.35,-131.15,-121.65,-121.65,-121.65,-121.65,-121.65,-121.65,-121.65,-121.65,-121.65,-121.65,-121.65,-121.65,-121.65,-110.75,-116.55,-114.10,-113.10,-112.05,-114.10,-100.80,-88.75,-83.60,-64.90,-77.05,-75.45,-72.95,-73.85,-78.65,-72.10,-66.20,-59.60,-65.80,-68.95,-82.75,-72.45,-53.25,-38.50,-53.85,-48.65,-44.25,-59.80,-62.05,-55.40,-43.45,-47.75,-53.65,-66.35,-78.80,-81.75,-59.50,-57.25,-50.45,-44.85,-50.15,-54.55,-52.55,-53.50,-53.70,-76.20,-83.45,-84.20,-81.30,-77.55,-76.05,-68.45,-69.55,-66.85,-63.60,-69.00,-54.45,-55.00,-83.80,-103.85,-112.00,-126.60,-128.75,-148.80
48,1,2025.06.17 08:30:00,2025.06.17 09:44:58,London,2,3,8,Q62,3393.64000,3383.20000,3383.20000,3414.52000,0.05,2.40,1500,-33.80,3900,0,-8.90,-5.50,-4.50,-11.00,2.40,-5.30,-27.10,-27.45,-16.55,-23.30,-19.10,-26.40,-33.80,-32.65
50,1,2025.06.18 01:00:00,2025.06.18 04:44:58,Asian,3,3,1,Q49,3390.53000,3382.30000,3382.30000,3406.99000,0.05,24.90,300,-34.95,8100,0,24.90,13.60,15.40,15.00,11.85,10.20,-0.05,-3.80,2.65,2.75,-1.10,-6.75,-6.95,-2.40,-3.20,-3.90,-5.50,-2.90,-9.15,-8.20,-25.10,-23.10,-15.65,-16.20,-23.90,-17.35,-34.95,-27.95,-26.40,-30.00,-32.55,-28.70,-22.05,-14.85,-24.65,-23.85,-25.05,-30.65,-32.65,-32.65,-24.75,-14.30,-17.50,-31.40
52,1,2025.06.19 04:30:00,2025.06.19 05:04:57,Asian,4,3,4,Q53,3380.16000,3374.18000,3374.18000,3392.12000,0.05,1.30,1200,-26.55,1800,0,-3.75,-3.85,-8.90,1.30,-7.05,-26.55
54,1,2025.06.20 01:30:00,2025.06.20 06:14:58,Asian,5,3,1,Q59,3366.41000,3348.23000,3375.50000,3348.23000,0.05,88.35,16800,-14.55,3300,0,8.25,15.10,8.30,8.30,9.70,2.20,4.10,7.05,-1.20,-7.75,-14.55,-9.00,-2.65,-0.60,-5.10,-12.15,-11.85,-11.20,-14.20,-9.90,-11.05,-8.45,-2.30,2.25,5.80,3.50,1.25,-1.70,-5.55,-9.45,3.15,14.45,35.25,34.85,18.95,22.20,23.30,27.70,25.40,12.10,37.80,48.85,31.65,38.00,50.05,40.70,41.40,43.10,57.35,56.80,49.10,66.75,69.50,68.85,66.10,88.35
56,1,2025.06.23 01:50:00,2025.06.23 03:24:58,Asian,1,4,1,Q50,3380.42000,3364.68000,3364.68000,3411.90000,0.05,18.55,300,-72.85,5400,0,18.55,-6.75,-30.55,-25.00,-22.20,-26.35,-28.45,-26.90,-22.70,-13.50,-18.05,-40.20,-28.80,-36.80,-50.45,-61.50,-60.30,-72.85
58,1,2025.06.24 01:15:00,2025.06.24 15:34:57,Asian,2,4,1,Q53,3357.63000,3308.71000,3382.09000,3308.71000,0.05,220.30,50400,-7.00,2100,0,23.25,30.25,4.95,1.70,3.30,-1.50,-7.00,-1.00,9.65,14.60,10.65,16.25,28.05,22.90,26.05,59.05,49.25,32.30,48.85,59.85,65.80,108.10,87.65,62.90,54.00,53.30,44.70,40.60,36.80,27.35,26.30,23.65,31.85,37.20,38.45,41.85,31.85,32.80,38.30,43.75,57.75,62.40,69.35,52.35,48.75,33.95,29.50,33.60,44.60,53.25,51.95,43.80,31.20,40.80,32.30,29.50,27.00,22.45,20.45,21.00,20.10,27.65,22.95,6.45,16.45,22.50,19.55,23.90,25.25,31.85,32.35,41.40,37.85,42.60,42.85,44.50,41.95,43.65,42.60,44.35,44.70,46.35,61.40,77.80,74.70,84.85,94.55,101.65,119.60,122.65,121.70,144.90,126.25,133.35,145.90,163.45,159.05,167.75,174.00,190.80,182.70,199.25,174.75,173.45,173.65,169.20,181.10,178.65,184.60,186.35,177.25,150.40,151.75,165.55,171.90,147.95,137.95,145.80,146.80,131.80,135.75,149.40,152.15,150.80,149.05,146.45,148.70,157.55,151.10,163.00,167.45,162.80,170.90,183.95,184.15,182.55,179.70,176.25,182.45,192.85,190.55,183.70,178.75,170.50,170.15,168.15,160.25,157.35,154.65,152.15,152.05,151.50,159.75,160.15,167.00,157.60,150.45,154.80,165.00,168.20,178.80,172.40,188.90,188.20,183.15,190.60,187.95,220.30,208.20,202.95,220.25
60,1,2025.06.25 06:40:00,2025.06.25 10:44:58,Asian,3,4,6,Q72,3328.62000,3335.23000,3335.23000,3315.40000,0.05,8.55,3300,-28.40,13800,0,-6.85,-1.95,-0.40,0.70,4.70,6.10,7.45,2.70,-0.90,5.90,8.55,7.25,8.00,-0.40,0.95,5.05,2.50,1.85,-3.90,-3.95,-3.55,-7.75,-13.20,-18.20,-20.30,-22.75,-22.55,-16.00,-22.50,-12.80,-7.00,-9.90,-10.95,-10.10,-8.10,-7.10,-19.75,-21.25,-17.45,-16.90,-11.70,-8.55,2.60,6.05,-7.40,-28.40,-21.30,-24.75
62,1,2025.06.26 04:35:00,2025.06.26 05:44:57,Asian,4,4,4,Q57,3331.02000,3340.14000,3340.14000,3312.78000,0.05,3.75,1500,-36.95,3900,0,-4.60,-3.15,-8.45,-2.05,3.75,-0.55,-1.70,-5.45,-13.80,-16.90,-24.05,-32.30,-36.95
64,1,2025.06.27 01:40:00,2025.06.27 06:19:57,Asian,5,4,1,Q38,3322.02000,3301.34000,3332.36000,3301.34000,0.05,84.55,16500,-6.95,1800,0,9.90,5.40,-2.00,2.05,-0.60,-6.95,-5.85,-3.15,-5.65,1.30,16.15,12.75,11.70,7.75,19.90,15.65,26.55,22.45,25.00,27.60,37.85,33.85,37.60,40.80,34.05,35.20,20.55,15.15,13.45,24.60,25.90,29.20,22.60,3.10,7.95,16.35,26.00,28.45,20.05,27.00,17.45,9.40,19.95,13.15,27.15,40.25,42.80,50.85,50.50,54.05,54.55,65.15,62.05,73.05,84.55
66,1,2025.06.30 12:05:00,2025.06.30 19:54:57,London,1,5,12,Q60,3287.05000,3296.84000,3296.84000,3267.47000,0.05,57.30,8400,-42.65,27900,0,26.15,19.70,20.00,1.50,12.60,36.75,15.30,7.60,-1.05,0.70,-4.95,-4.60,4.00,-0.10,1.25,3.40,4.30,2.45,9.90,19.40,21.05,18.10,17.80,24.00,36.75,31.75,39.95,57.30,55.00,46.55,41.25,39.75,43.20,37.40,43.75,25.80,27.10,28.80,23.10,9.65,12.95,1.35,-7.70,-7.55,-4.30,15.30,24.65,14.75,10.15,32.20,24.05,32.45,20.65,23.50,36.85,19.75,9.70,5.20,8.70,-5.80,4.35,22.70,29.05,10.25,9.75,-7.75,-3.05,-3.75,2.25,1.85,-3.70,-7.05,-3.10,10.95,-11.55,-7.55,-1.65,-3.40,-4.75,-2.95,-1.30,-12.85,-14.40,-14.65,-22.05,-32.50,-28.85,-29.20,-27.50,-36.10,-33.05,-39.30,-42.65
68,1,2025.07.01 08:15:00,2025.07.01 13:54:58,London,2,1,8,Q60,3328.40000,3349.16000,3318.02000,3349.16000,0.05,100.80,20100,-5.65,4200,0,0.95,5.05,5.75,15.55,12.35,8.35,6.65,1.50,2.40,0.45,-0.20,-2.10,-2.55,-5.65,-1.15,0.45,8.85,18.55,24.35,16.75,15.40,15.95,27.90,39.75,45.95,36.90,51.30,39.60,36.10,46.45,45.65,54.75,55.45,65.50,61.50,47.20,49.15,58.55,56.50,58.00,59.15,52.35,52.75,56.80,55.65,49.65,53.45,59.00,60.15,71.60,72.80,79.55,80.50,87.70,86.95,97.05,87.05,90.95,86.30,95.15,94.90,97.45,91.85,91.00,86.15,96.05,100.80
70,1,2025.07.02 06:45:00,2025.07.02 10:14:57,Asian,3,1,6,Q40,3339.80000,3328.83000,3328.83000,3361.74000,0.05,16.75,6300,-51.25,12300,0,6.50,5.20,0.75,5.95,3.70,1.10,6.50,2.95,0.80,1.15,2.40,1.30,5.20,5.90,1.40,1.20,-1.00,2.05,10.60,11.15,16.75,0.75,-7.25,-12.10,-12.40,-9.15,-4.85,-13.90,-10.00,-12.65,-19.00,-26.05,-20.30,-26.70,-29.40,-33.80,-39.90,-41.55,-33.35,-46.50,-51.25
72,1,2025.07.03 01:00:00,2025.07.03 01:29:58,Asian,4,1,1,Q32,3358.16000,3365.32000,3354.58000,3365.32000,0.05,22.85,1500,0.00,0,0,4.05,7.40,11.70,19.75,22.85
74,1,2025.07.04 01:25:00,2025.07.04 01:54:57,Asian,5,1,1,Q31,3324.73000,3329.04000,3329.04000,3316.11000,0.05,0.00,0,-18.05,1500,0,-2.55,-4.35,-11.45,-15.50,-18.05
76,1,2025.07.07 01:15:00,2025.07.07 02:14:57,Asian,1,1,1,Q29,3338.35000,3331.56000,3331.56000,3351.93000,0.05,0.00,0,-32.60,3300,0,-16.95,-22.80,-24.10,-12.70,-14.20,-19.35,-22.25,-24.35,-24.15,-26.15,-32.60
78,1,2025.07.08 05:50:00,2025.07.08 06:29:57,Asian,2,2,5,Q64,3337.59000,3329.62000,3329.62000,3353.53000,0.05,0.00,0,-39.40,2100,0,-3.10,-16.25,-22.95,-25.05,-27.75,-33.00,-39.40
80,1,2025.07.09 01:35:00,2025.07.09 03:04:58,Asian,3,2,1,Q54,3301.49000,3304.81000,3304.81000,3294.85000,0.05,15.20,4200,-12.70,3000,0,-3.50,-2.20,-1.45,1.80,-1.40,-1.65,-3.55,-9.55,-11.40,-12.70,0.60,5.65,5.40,15.20,2.75,1.10,-6.35
82,1,2025.07.10 06:25:00,2025.07.10 08:19:58,Asian,4,2,6,Q47,3318.66000,3324.61000,3324.61000,3306.76000,0.05,16.90,2400,-28.50,6600,0,3.85,3.80,1.50,-6.45,3.25,6.85,13.90,16.90,12.90,9.60,12.45,10.65,12.45,11.70,5.80,0.15,-5.75,-16.70,-18.85,-22.75,-25.90,-28.50
84,1,2025.07.11 03:35:00,2025.07.11 15:49:58,Asian,5,2,3,Q62,3333.04000,3355.66000,3321.73000,3355.66000,0.05,97.05,43800,-35.55,3000,0,12.95,14.15,6.35,-3.55,-12.90,-25.15,-29.55,-33.55,-34.10,-35.55,-21.25,-16.15,-15.20,-9.85,-10.75,-18.85,-17.20,-29.00,-17.95,-11.55,-10.15,-10.15,-10.50,-12.85,-6.60,3.30,3.60,5.90,-1.75,2.70,8.70,9.35,12.90,14.40,14.00,7.05,2.35,11.30,12.35,5.00,3.45,8.00,6.95,9.30,2.70,-1.70,-7.15,-8.80,-10.00,-12.80,-11.85,-6.40,-5.25,-0.80,2.35,1.80,7.00,27.60,36.00,22.90,19.05,8.90,0.10,5.25,4.85,3.30,13.35,19.70,43.35,50.00,49.05,43.45,35.20,30.80,11.95,8.70,-3.40,-1.05,-5.90,3.10,6.55,8.85,6.90,9.35,19.50,26.25,34.00,37.00,43.80,47.50,43.25,45.30,49.60,41.75,27.70,21.20,26.10,25.95,29.25,1.30,-0.05,5.75,7.55,7.45,7.80,9.90,4.90,18.10,13.15,13.65,18.50,24.70,32.50,43.75,44.05,47.25,52.10,52.45,63.25,64.05,64.60,71.95,73.25,68.70,59.90,60.80,59.15,75.65,55.75,54.85,59.80,69.50,71.20,78.90,80.15,75.35,72.90,74.65,73.75,59.55,73.45,65.95,71.80,87.65,86.50,97.05
86,1,2025.07.14 02:10:00,2025.07.14 15:39:57,Asian,1,2,2,Q46,3372.00000,3353.54000,3353.54000,3408.92000,0.05,12.95,30000,-88.25,18600,0,1.50,2.60,-19.65,-18.60,-22.95,-19.80,-21.95,-18.00,-16.10,-22.50,-30.60,-29.15,-19.45,-20.25,-10.85,-6.95,-2.70,0.00,0.40,-11.50,-10.25,-23.05,-18.15,-44.55,-33.20,-38.10,-49.90,-53.55,-54.15,-62.25,-61.15,-72.50,-62.80,-66.85,-72.65,-81.80,-80.85,-80.75,-74.05,-63.25,-77.70,-86.10,-82.80,-74.55,-73.20,-72.70,-72.80,-70.70,-68.40,-80.35,-75.40,-74.85,-75.75,-71.10,-71.55,-76.95,-80.95,-75.35,-83.70,-83.10,-82.40,-88.25,-83.30,-79.15,-70.05,-54.50,-61.85,-62.30,-63.85,-61.60,-64.75,-65.35,-67.35,-64.55,-79.00,-79.15,-74.00,-67.40,-71.50,-73.35,-76.45,-71.75,-72.00,-70.70,-60.65,-54.55,-64.50,-58.20,-63.80,-52.85,-46.85,-35.10,-19.65,-15.90,-10.60,-4.70,-22.00,-6.05,-10.15,12.95,7.00,-1.75,-1.40,-6.55,-5.95,-1.40,-4.75,-4.15,1.65,-5.00,-11.40,-22.50,-25.10,-32.45,-20.25,-22.55,-24.00,-30.00,-34.00,-24.25,-26.85,-18.75,-20.70,-25.15,-32.90,-33.55,-32.85,-24.10,-24.40,-8.10,5.35,11.65,10.80,3.80,0.00,-7.55,-6.25,-0.55,-4.25,-5.50,-1.75,1.00,-1.25,-8.00,-1.55,0.05,-7.70,-13.25,-5.30,-4.70,-6.35,-19.45,-25.15,-39.35,-29.35,-43.60,-49.50,-46.55,-60.80,-70.10,-73.80
88,1,2025.07.15 03:05:00,2025.07.15 06:09:58,Asian,2,3,3,Q64,3346.55000,3354.15000,3342.75000,3354.15000,0.05,31.35,10800,-1.00,300,0,-1.00,0.55,3.45,5.85,4.95,5.45,0.55,2.15,4.70,0.60,4.35,8.00,8.65,10.95,14.95,10.45,9.20,14.75,14.65,1.50,5.25,0.60,-0.15,4.25,11.60,16.00,19.65,22.50,17.65,11.60,15.65,13.00,11.50,11.70,22.20,31.35
90,1,2025.07.16 01:35:00,2025.07.16 02:39:58,Asian,3,3,1,Q34,3326.17000,3331.25000,3331.25000,3316.01000,0.05,1.95,900,-21.10,3600,0,-2.80,-1.90,1.95,-1.15,-2.90,-6.70,-4.95,-12.70,-12.55,-20.50,-14.50,-21.10
92,1,2025.07.17 07:55:00,2025.07.17 08:49:57,Asian,4,3,7,Q88,3342.80000,3336.21000,3336.21000,3355.98000,0.05,0.00,0,-28.55,3000,0,-0.80,-6.15,-8.60,-13.10,-18.50,-14.75,-11.35,-20.90,-26.65,-28.55
94,1,2025.07.18 02:35:00,2025.07.18 04:09:58,Asian,5,3,2,Q54,3342.32000,3337.45000,3337.45000,3352.06000,0.05,0.00,0,-18.45,3600,0,-2.75,-6.35,-4.55,-12.50,-11.55,-10.60,-11.85,-8.25,-10.05,-15.00,-16.45,-18.45,-15.75,-17.80,-16.35,-16.55,-12.15,-14.65
96,1,2025.07.21 04:10:00,2025.07.21 15:24:57,Asian,1,3,4,Q50,3357.40000,3380.94000,3345.63000,3380.94000,0.05,104.50,40200,-32.00,10500,0,-2.00,-3.50,1.30,3.50,4.05,0.10,-3.15,-3.20,-1.75,-5.95,-10.30,-14.35,-15.90,-9.05,-5.70,-1.90,-14.45,-16.75,-22.00,-24.85,-19.05,-16.60,-17.40,-14.30,-5.60,-8.35,-12.95,-12.95,-18.85,-27.65,-24.75,-29.70,-30.60,-30.95,-32.00,-26.65,-31.30,-23.90,-20.55,-13.05,-8.30,-8.15,-2.70,-2.30,3.20,1.90,8.50,11.60,27.35,31.75,39.20,48.25,58.15,48.80,49.60,50.55,48.90,46.60,43.30,45.70,46.70,52.00,53.85,61.80,63.35,59.80,57.85,64.75,58.70,54.80,62.45,59.10,54.00,46.00,37.95,42.95,46.30,48.10,41.70,42.00,35.30,36.70,33.65,31.20,33.60,33.25,38.35,40.75,42.50,39.05,38.80,43.85,42.30,42.85,43.45,35.65,40.10,42.40,41.80,37.95,32.95,31.45,33.65,34.10,39.20,43.85,51.15,48.30,50.15,44.75,39.85,40.05,28.65,32.05,30.75,33.35,38.05,43.60,48.10,52.45,60.25,64.95,71.85,80.80,72.65,71.60,82.30,83.30,82.10,89.60,93.10,94.50,92.30,104.50
98,1,2025.07.22 06:45:00,2025.07.22 08:49:57,Asian,2,4,6,Q73,3393.14000,3386.21000,3386.21000,3407.00000,0.05,0.00,0,-33.95,7200,0,-1.40,-2.80,-2.60,-8.40,-15.30,-13.30,-13.45,-13.20,-16.35,-15.80,-21.30,-19.20,-20.80,-18.00,-8.70,-15.75,-19.75,-24.30,-27.95,-25.10,-25.85,-21.80,-28.40,-33.95
100,1,2025.07.23 10:30:00,2025.07.23 16:04:58,London,3,4,10,Q51,3427.10000,3417.94000,3417.94000,3445.42000,0.05,27.45,6600,-35.65,19800,0,-4.00,-6.70,-19.95,-30.10,-33.95,-32.05,-20.60,-21.15,-10.50,-2.20,-2.55,-14.35,-11.95,-4.60,-1.30,-7.55,-2.45,6.75,6.80,14.30,15.40,27.45,26.55,22.80,23.45,24.10,20.45,18.00,19.65,20.20,3.85,-6.20,-11.55,-16.20,-23.25,-18.25,-22.35,-17.05,-21.10,-25.55,-22.00,-22.80,-21.55,-29.60,-26.65,-31.20,-21.75,-9.10,-1.10,1.75,7.55,10.80,7.80,5.05,10.45,7.40,3.95,4.75,-7.30,-6.45,-16.85,-11.15,-3.65,-18.30,-33.65,-35.65
102,1,2025.07.24 03:45:00,2025.07.24 04:09:58,Asian,4,4,3,Q67,3391.20000,3386.71000,3386.71000,3400.18000,0.05,10.10,1200,0.00,0,0,3.45,3.90,2.15,10.10
104,1,2025.07.25 01:15:00,2025.07.25 03:39:58,Asian,5,4,1,Q38,3367.14000,3373.10000,3373.10000,3355.22000,0.05,3.85,1200,-24.90,7800,0,1.45,-1.50,1.95,3.85,2.45,1.00,-1.15,-0.60,-9.15,-8.25,-17.25,-17.80,-17.25,-15.25,-5.50,-8.55,-12.85,-12.55,-7.95,-11.30,-12.50,-9.75,-13.90,-17.25,-23.25,-24.90,-24.80,-24.55
106,1,2025.07.28 01:05:00,2025.07.28 06:54:58,Asian,1,4,1,Q41,3331.05000,3340.26000,3340.26000,3312.63000,0.05,30.60,3000,-42.95,20700,0,-18.20,-10.10,-9.45,-5.90,1.20,-2.35,-0.30,11.90,12.25,30.60,6.70,-18.80,-28.80,-21.95,-27.40,-24.60,-13.40,1.95,-4.35,-9.55,-7.95,-12.05,-14.00,-19.50,-18.45,-15.30,-9.25,-7.80,-9.30,-4.05,-3.90,6.90,-6.10,-4.25,-11.05,-25.45,-27.95,-20.70,-31.70,-34.75,-22.75,-24.25,-24.50,-33.75,-23.95,-14.35,-5.00,-1.65,-8.90,-10.10,-11.30,-12.45,-23.00,-20.60,-8.60,-8.30,-12.15,-20.75,-22.65,-26.70,-30.60,-35.75,-38.60,-32.00,-29.95,-35.10,-38.70,-40.40,-42.95
108,1,2025.07.29 02:20:00,2025.07.29 04:39:58,Asian,2,5,2,Q43,3313.61000,3318.34000,3318.34000,3304.15000,0.05,23.75,5100,-12.65,8100,0,6.35,10.55,8.00,8.00,5.05,0.00,4.80,4.85,-2.40,15.25,12.70,17.20,22.05,23.40,15.05,18.70,23.75,9.30,10.15,9.65,15.05,15.00,11.80,2.00,-4.55,-1.60,-12.65
110,1,2025.07.30 14:35:00,2025.07.30 15:54:58,New York,3,5,14,Q58,3328.21000,3316.43000,3334.10000,3316.43000,0.05,39.00,4500,-13.30,1500,0,6.50,10.90,8.50,-4.85,-13.30,-11.30,-7.00,0.55,6.00,-4.90,-1.95,22.10,18.80,22.05,39.00
112,1,2025.07.31 13:45:00,2025.08.01 15:34:57,New York,4,5,13,Q55,3300.87000,3313.19000,3313.19000,3276.23000,0.05,89.65,54600,-46.80,6900,0,7.45,21.75,21.05,11.40,-1.35,-2.45,-8.95,-12.60,-7.55,-21.20,-24.05,-22.55,-24.45,-25.50,-25.50,-21.15,-22.55,-33.75,-30.10,-26.95,-31.70,-41.60,-46.80,-39.15,-45.40,-38.60,-34.60,-21.00,-23.95,-42.55,-39.50,-41.60,-37.95,-33.25,-30.00,-14.90,-8.00,-11.20,-1.85,-2.75,7.45,-0.65,16.00,18.40,20.75,35.05,21.15,16.75,35.85,24.90,23.05,34.40,28.50,21.00,12.15,22.35,25.50,21.20,28.60,34.60,38.55,27.00,26.15,44.50,43.15,47.50,48.50,44.70,40.20,40.10,31.30,23.85,24.40,24.70,29.15,21.00,13.20,15.20,18.35,15.60,23.75,28.60,22.10,27.00,31.05,29.70,28.65,36.70,35.65,31.00,32.60,21.65,20.85,27.95,24.00,26.90,27.05,28.25,25.05,24.95,25.25,30.10,33.70,46.85,48.15,43.60,39.50,30.20,34.35,44.30,48.50,38.10,45.40,41.45,44.55,47.75,46.40,45.45,43.80,44.45,51.25,46.40,46.40,46.40,46.40,46.40,46.40,46.40,46.40,46.40,46.40,46.40,46.40,46.40,46.40,46.40,48.10,47.05,40.05,35.65,36.75,36.05,34.50,33.30,32.00,30.20,28.55,39.15,41.35,50.75,59.50,51.90,42.75,47.90,49.50,46.05,50.30,54.10,61.80,64.75,65.95,61.55,66.50,62.90,61.00,59.95,55.55,39.50,44.10,49.60,52.95,46.10,47.60,44.15,48.70,55.40,51.90,60.10,63.20,63.90,72.15,89.65,85.05,59.75,57.75,48.65,54.90,56.40,56.00,56.00,60.70,56.45,58.35,48.65,44.65,39.55,33.70,23.85,33.00,35.10,40.30,41.85,42.70,43.85,40.25,45.05,46.70,41.60,48.00,46.25,40.45,42.20,39.60,32.35,28.85,43.30,49.90,48.85,43.50,33.85,33.00,40.60,39.80,39.10,37.70,35.45,34.00,26.55,20.00,16.40,20.40,19.50,21.05,28.20,30.10,32.25,43.00,46.25,46.25,46.40,49.85,46.20,42.50,53.15,43.65,41.85,51.25,47.25,49.05,62.90,72.40,65.90,61.55,70.05,70.30,72.30,65.20,64.60,60.60,64.25,63.75,69.35,57.60,57.10,51.20,38.75,31.80,31.10,29.40,27.45,30.10,30.30,31.90,35.20,31.15,24.80,25.70,32.45,30.70,27.60,27.15,30.60,33.15,34.65,33.10,22.25,28.70,24.50,19.40,7.05,10.10,5.25,6.00,0.35,9.60,4.50,4.75,1.50,3.65,6.75,13.45,11.60,1.35,7.15,8.65,-0.90,-9.45,-12.00,-0.20
114,1,2025.08.01 16:45:00,2025.08.29 19:59:57,New York,5,1,16,Q67,3347.82000,3448.82000,3297.32000,3448.82000,0.05,500.25,2430600,-179.15,1597500,0,-23.55,-30.50,-14.40,-16.25,10.50,5.30,23.95,24.00,-9.30,-22.00,-25.65,-14.70,-2.55,-17.95,-8.70,-16.85,5.70,6.35,11.75,10.50,8.65,15.45,2.90,4.70,1.45,11.00,3.55,-9.05,-6.30,-11.35,-18.50,-28.70,-33.50,-25.50,-32.45,-25.90,-25.30,-12.30,-2.90,0.55,-1.50,-5.60,-1.45,5.50,-2.30,2.80,-1.80,0.80,2.05,0.55,2.85,-8.15,-0.00,2.50,-1.15,0.40,7.90,6.00,11.95,15.10,9.30,0.45,-0.10,1.05,3.35,5.45,5.80,12.60,15.90,44.90,58.80,62.05,65.85,53.60,46.55,59.50,60.95,61.60,61.85,64.10,62.75,68.10,70.90,74.20,74.05,75.65,75.65,75.65,75.65,75.65,75.65,75.65,75.65,75.65,75.65,75.65,75.65,75.65,75.65,75.65,75.65,75.65,75.65,75.65,75.65,75.65,75.65,75.65,75.65,75.65,75.65,75.65,75.65,75.65,75.65,75.65,75.65,75.65,75.65,75.65,75.65,75.65,75.65,75.65,75.65,75.65,75.65,75.65,75.65,75.65,75.65,75.65,75.65,75.65,75.65,75.65,75.65,75.65,75.65,75.65,75.65,75.65,75.65,75.65,75.65,75.65,75.65,75.65,75.65,75.65,75.65,75.65,75.65,75.65,75.65,75.65,75.65,75.65,75.65,75.65,75.65,75.65,75.65,75.65,75.65,75.65,75.65,75.65,75.65,75.65,75.65,75.65,75.65,75.65,75.65,75.65,75.65,75.65,75.65,75.65,75.65,75.65,75.65,75.65,75.65,75.65,75.65,75.65,75.65,75.65,75.65,75.65,75.65,75.65,75.65,75.65,75.65,75.65,75.65,75.65,75.65,75.65,75.65,75.65,75.65,75.65,75.65,75.65,75.65,75.65,75.65,75.65,75.65,75.65,75.65,75.65,75.65,75.65,75.65,75.65,75.65,75.65,75.65,75.65,75.65,75.65,75.65,75.65,75.65,75.65,75.65,75.65,75.65,75.65,75.65,75.65,75.65,75.65,75.65,75.65,75.65,75.65,75.65,75.65,75.65,75.65,75.65,75.65,75.65,75.65,75.65,75.65,75.65,75.65,75.65,75.65,75.65,75.65,75.65,75.65,75.65,75.65,75.65,75.65,75.65,75.65,75.65,75.65,75.65,75.65,75.65,75.65,75.65,75.65,75.65,75.65,75.65,75.65,75.65,75.65,75.65,75.65,75.65,75.65,75.65,75.65,75.65,75.65,75.65,75.65,75.65,75.65,75.65,75.65,75.65,75.65,75.65,75.65,75.65,75.65,75.65,75.65,75.65,75.65,75.65,75.65,75.65,75.65,75.65,75.65,75.65,75.65,75.65,75.65,75.65,75.65,75.65,75.65,75.65,75.65,75.65,75.65,75.65,75.65,75.65,75.65,75.65,75.65,75.65,75.65,75.65,75.65,75.65,75.65,75.65,75.65,75.65,75.65,75.65,75.65,75.65,75.65,75.65,75.65,75.65,75.65,75.65,75.65,75.65,75.65,75.65,75.65,75.65,75.65,75.65,75.65,75.65,75.65,75.65,75.65,75.65,75.65,75.65,75.65,75.65,75.65,75.65,75.65,75.65,75.65,75.65,75.65,75.65,75.65,75.65,75.65,75.65,75.65,75.65,75.65,75.65,75.65,75.65,75.65,75.65,75.65,75.65,75.65,75.65,75.65,75.65,75.65,75.65,75.65,75.65,75.65,75.65,75.65,75.65,75.65,75.65,75.65,75.65,75.65,75.65,75.65,75.65,75.65,75.65,75.65,75.65,75.65,75.65,75.65,75.65,75.65,75.65,75.65,75.65,75.65,75.65,75.65,75.65,75.65,75.65,75.65,75.65,75.65,75.65,75.65,75.65,75.65,75.65,75.65,75.65,75.65,75.65,75.65,75.65,75.65,75.65,75.65,75.65,75.65,75.65,75.65,75.65,75.65,75.65,75.65,75.65,75.65,75.65,75.65,75.65,75.65,75.65,75.65,75.65,75.65,75.65,75.65,75.65,75.65,75.65,75.65,75.65,75.65,75.65,75.65,75.65,75.65,75.65,75.65,75.65,75.65,75.65,75.65,75.65,75.65,75.65,75.65,75.65,75.65,75.65,75.65,75.65,75.65,75.65,75.65,75.65,75.65,75.65,75.65,75.65,75.65,75.65,75.65,75.65,75.65,75.65,75.65,75.65,75.65,75.65,75.65,75.65,75.65,75.65,75.65,75.65,75.65,75.65,75.65,75.65,75.65,75.65,75.65,75.65,75.65,75.65,75.65,75.65,75.65,75.65,75.65,75.65,75.65,75.65,75.65,75.65,75.65,75.65,75.65,75.65,75.65,75.65,75.65,75.65,75.65,75.65,75.65,75.65,75.65,75.65,75.65,75.65,75.65,75.65,75.65,75.65,75.65,75.65,75.65,75.65,75.65,75.65,75.65,75.65,75.65,75.65,75.65,75.65,75.65,75.65,75.65,75.65,75.65,75.65,75.65,75.65,75.65,75.65,75.65,75.65,75.65,75.65,75.65,75.65,75.65,75.65,75.65,75.65,75.65,75.65,75.65,75.65,75.65,75.65,75.65,75.65,75.65,75.65,75.65,75.65,75.65,75.65,75.65,75.65,75.65,75.65,75.65,75.65,75.65,75.65,75.65,75.65,75.65,75.65,75.65,75.65,75.65,75.65,75.65,75.65,75.65,75.65,75.65,75.65,75.65,75.65,75.65,75.65,75.65,75.65,75.65,75.65,75.65,75.65,75.65,75.65,75.65,75.65,75.65,75.65,75.65,75.65,75.65,75.65,75.65,75.65,75.65,75.65,75.65,75.65,75.65,75.65,75.65,75.65,75.65,75.65,75.65,75.65,75.65,75.65,75.65,75.65,75.65,75.65,75.65,75.65,75.65,75.65,75.65,75.65,75.65,75.65,75.65,75.65,75.65,75.65,75.65,75.65,75.65,75.65,75.65,78.15,63.55,62.35,67.25,63.95,48.95,61.80,60.00,53.45,55.15,56.45,54.55,51.55,52.55,47.15,42.80,41.15,41.10,52.00,49.15,61.70,66.75,70.70,49.55,56.85,42.15,40.55,36.70,38.45,31.85,31.95,22.55,25.00,22.05,21.15,23.20,15.35,9.10,9.00,-6.85,-0.35,-2.25,4.90,7.00,16.15,23.05,22.10,18.10,18.35,17.05,24.75,29.95,31.00,27.25,24.80,28.45,29.10,29.85,33.00,39.95,45.80,40.35,33.50,42.20,45.35,40.70,45.70,50.20,54.40,62.80,62.30,64.90,65.80,65.70,64.80,65.45,65.45,64.70,64.80,64.20,64.40,58.40,55.75,63.65,59.95,60.30,58.65,57.95,55.05,47.10,43.60,45.20,43.30,43.70,47.35,40.40,49.55,56.75,50.55,41.25,30.60,45.30,58.70,62.55,63.00,68.55,73.20,62.55,58.20,66.75,48.45,39.00,29.95,41.20,32.20,36.25,32.30,38.05,40.90,38.00,37.55,42.55,50.75,56.85,54.90,52.10,51.80,52.25,57.55,57.35,52.95,55.65,64.95,57.10,60.25,64.15,66.05,60.55,53.70,57.35,55.80,55.70,50.20,48.90,48.30,51.50,45.85,28.20,43.15,51.65,48.65,51.45,46.10,50.50,50.25,58.75,70.05,80.65,89.60,100.00,99.35,97.10,90.25,101.40,100.95,103.80,112.30,111.60,107.95,96.25,99.05,96.25,80.65,79.95,73.70,76.85,98.70,92.60,100.05,122.20,119.05,127.10,136.75,140.30,137.65,140.05,144.20,141.50,169.95,187.75,178.45,163.20,163.40,148.40,143.65,145.55,147.70,158.00,153.50,144.45,128.60,122.35,124.00,137.60,127.00,131.40,130.60,121.20,121.85,124.30,136.25,139.60,136.10,131.85,132.30,135.90,141.25,148.80,143.80,143.15,131.05,125.50,120.90,119.65,116.65,120.35,115.65,124.70,120.55,120.85,121.20,125.85,122.85,126.85,125.00,125.65,125.60,128.00,131.05,128.75,131.45,132.40,137.75,143.45,140.60,142.80,139.80,138.90,143.00,141.00,139.35,142.50,143.95,141.50,141.35,140.90,143.50,144.65,144.05,140.95,134.20,135.85,139.95,134.65,136.60,141.85,144.30,141.10,140.50,136.00,132.50,128.60,130.35,141.85,141.85,141.85,141.85,141.85,141.85,141.85,141.85,141.85,141.85,141.85,141.85,141.85,141.85,141.85,139.00,134.50,135.50,134.75,134.25,137.45,132.95,131.85,132.60,135.15,134.60,146.00,148.75,154.50,149.70,149.95,157.30,157.10,148.10,147.80,151.50,149.70,147.95,155.05,146.40,146.65,146.70,149.10,149.05,157.20,154.20,158.80,162.40,163.85,160.35,160.90,169.15,159.20,160.35,157.20,160.80,163.40,164.55,164.55,167.15,167.05,156.20,161.00,160.75,163.30,154.60,143.50,139.90,145.85,141.95,138.20,136.85,139.95,129.30,135.05,131.75,127.75,133.70,130.00,127.20,128.60,124.30,125.45,130.85,134.70,121.15,121.15,118.65,123.30,123.65,124.15,123.15,119.40,121.25,119.90,122.20,117.85,116.65,114.00,111.20,106.00,104.80,110.40,107.75,112.90,120.15,113.70,120.80,124.15,131.15,120.50,114.25,114.15,108.25,108.85,108.25,105.70,102.70,93.15,95.30,96.55,92.30,100.20,108.35,108.20,116.25,129.00,132.65,136.75,131.90,127.90,122.95,121.35,128.90,122.35,119.40,120.85,122.20,129.10,124.80,127.25,117.80,105.05,101.25,94.05,91.55,86.30,89.90,86.40,87.90,86.95,85.10,77.95,75.00,80.30,86.75,65.70,59.55,67.30,44.85,44.50,42.30,48.50,42.20,42.80,48.25,49.20,42.05,37.90,26.65,24.60,27.55,27.35,22.85,24.40,21.55,14.50,12.55,17.90,23.70,27.20,17.85,20.45,31.60,26.55,33.35,49.55,65.50,76.70,80.10,79.95,86.80,89.35,92.80,94.70,97.40,105.50,106.55,110.75,112.90,141.70,151.95,145.20,147.75,127.10,143.25,142.15,135.20,124.65,144.30,171.90,160.80,171.10,174.55,181.80,178.00,191.45,187.30,188.40,194.40,193.45,200.10,189.00,186.05,173.65,183.60,194.15,205.20,208.35,208.50,211.15,205.85,196.15,176.30,177.50,173.90,171.75,160.60,162.70,159.20,164.85,171.25,166.40,165.90,166.55,167.10,166.35,161.90,166.40,172.85,169.80,162.85,162.40,161.00,156.75,161.55,155.90,154.25,165.70,159.05,159.30,163.85,160.00,163.30,160.95,160.90,153.80,158.00,161.45,163.80,161.95,159.00,162.65,162.50,158.85,156.65,162.55,155.85,157.15,160.05,159.30,161.15,160.60,159.60,155.05,160.50,159.60,156.25,166.60,166.60,166.60,166.60,166.60,166.60,166.60,166.60,166.60,166.60,166.60,166.60,166.60,166.60,166.60,162.75,160.25,157.75,158.85,156.35,152.30,156.25,158.95,162.75,159.95,159.00,160.95,165.60,165.30,169.50,167.80,170.35,173.35,171.60,173.85,172.45,174.70,176.95,177.10,173.95,175.55,178.50,181.20,185.05,181.90,179.35,174.60,172.95,174.85,177.30,167.90,161.90,150.80,147.40,150.85,151.40,154.85,167.60,156.80,147.90,137.45,140.30,140.70,141.45,136.50,135.40,136.55,137.70,145.95,145.15,142.15,139.40,139.45,142.55,146.35,139.85,139.95,148.15,149.90,145.80,136.30,132.30,136.50,135.95,132.00,134.05,135.75,136.15,134.20,139.65,135.55,134.55,135.35,138.00,134.70,129.00,125.45,122.15,126.40,121.45,121.50,121.95,115.70,119.55,125.00,121.05,114.95,121.45,125.85,132.05,142.55,142.05,138.05,136.50,150.25,146.85,151.75,148.50,145.40,141.75,136.55,136.75,129.80,125.70,121.45,123.05,110.45,112.05,117.25,128.25,134.15,143.65,139.40,127.80,123.05,107.25,106.95,97.65,99.00,93.90,85.65,96.00,92.70,92.55,88.90,86.50,92.25,91.50,90.65,95.90,86.25,83.65,80.00,78.85,72.55,65.80,64.15,54.55,59.35,61.50,75.25,81.30,85.90,79.40,69.80,68.15,66.80,77.60,77.50,78.65,66.15,72.85,82.30,82.50,88.45,91.80,94.65,87.90,88.80,85.90,82.50,85.90,77.95,77.60,64.25,73.95,83.25,82.35,78.35,71.60,82.30,83.65,102.75,98.75,113.45,111.65,103.10,113.20,105.30,107.65,94.85,94.75,91.40,97.90,126.00,119.00,128.90,115.80,120.45,124.60,140.00,143.30,139.80,145.20,147.20,151.95,147.65,157.45,156.10,155.40,151.60,146.45,143.25,144.30,137.15,128.20,138.50,141.35,153.25,147.90,150.50,155.70,138.45,133.25,140.50,134.70,136.40,138.65,142.60,137.40,135.60,141.30,143.80,144.85,133.55,124.45,119.05,124.05,128.80,138.90,138.65,137.65,136.50,133.60,127.45,120.10,111.60,110.10,111.10,109.40,116.35,115.45,124.65,130.70,124.05,120.20,114.35,115.75,116.10,121.45,121.20,119.35,118.80,121.05,120.10,117.95,116.10,118.35,117.75,112.85,111.35,110.15,106.65,104.65,100.50,102.55,99.25,101.70,123.85,123.85,123.85,123.85,123.85,123.85,123.85,123.85,123.85,123.85,123.85,123.85,123.85,123.85,123.85,134.05,119.85,116.30,116.40,117.45,112.80,117.05,120.90,114.35,119.40,121.05,107.95,114.20,112.40,111.05,116.00,105.80,103.25,106.15,104.40,112.70,108.05,112.20,96.85,101.05,110.20,115.60,109.50,123.35,131.90,125.70,118.85,119.05,122.20,122.75,120.65,130.95,142.95,141.00,144.70,151.10,156.65,157.00,169.35,162.50,167.85,172.45,166.05,171.70,170.15,161.15,161.20,155.95,156.65,165.65,165.15,165.20,164.85,158.80,150.85,154.25,150.35,145.90,149.30,151.45,147.25,154.35,149.30,154.35,155.85,159.65,158.15,153.25,153.50,156.55,160.00,150.00,156.05,153.90,153.55,151.90,154.35,148.90,157.80,160.95,155.50,152.75,151.40,158.80,135.05,134.00,122.05,120.90,127.45,142.15,144.45,147.75,153.15,158.55,154.45,162.65,164.15,168.15,188.40,188.35,188.85,198.95,196.75,200.45,200.65,209.60,210.85,221.45,233.20,238.55,234.55,242.45,239.90,242.80,222.25,183.50,168.55,160.30,131.25,132.00,141.20,149.95,153.00,165.55,159.40,151.60,145.50,157.55,166.05,149.75,158.65,144.60,133.25,137.15,153.00,157.90,148.85,144.50,142.00,142.05,149.20,143.30,150.75,133.15,139.20,142.05,147.35,144.05,126.40,125.35,126.80,135.95,161.15,163.30,166.85,170.55,168.30,147.35,156.25,153.05,147.30,152.30,160.30,142.35,142.75,155.00,157.90,166.95,200.45,187.90,185.65,165.20,171.70,164.95,179.15,180.80,183.85,182.80,186.35,193.55,203.60,193.20,213.25,198.60,209.85,183.90,180.20,165.60,211.20,188.35,166.85,171.40,191.95,198.35,197.20,196.45,200.90,199.75,200.50,205.00,207.85,198.50,194.65,192.20,200.70,195.95,191.15,201.20,208.45,211.95,217.95,220.80,215.00,217.20,211.35,209.45,204.95,199.10,202.95,206.60,205.75,204.75,192.90,191.15,188.30,192.40,198.10,205.55,201.80,208.65,219.40,224.25,223.20,222.05,227.60,226.40,217.90,218.00,210.60,206.55,206.35,211.95,206.80,208.30,204.20,202.15,201.45,204.80,206.00,209.45,207.25,210.25,244.85,246.40,259.15,255.90,257.45,259.95,260.45,255.90,261.45,260.30,261.95,267.05,253.80,268.45,255.65,242.15,275.60,275.60,275.60,275.60,275.60,275.60,275.60,275.60,275.60,275.60,275.60,275.60,275.60,275.60,275.60,269.50,233.95,214.65,219.85,226.35,237.45,269.20,266.75,250.35,263.35,280.20,274.15,263.95,259.90,260.30,257.20,250.55,263.90,265.50,264.85,264.05,264.30,263.65,259.30,268.30,260.15,233.85,219.15,219.40,218.45,210.65,230.35,233.05,221.80,210.55,209.65,184.75,182.90,189.65,174.40,184.20,179.85,181.70,176.35,186.70,179.35,177.65,184.90,181.20,198.65,200.70,199.80,194.75,201.85,204.80,204.90,204.40,206.05,202.00,199.65,182.25,191.50,196.40,200.20,204.80,223.70,244.75,239.80,237.40,239.40,239.95,242.80,243.40,242.65,244.30,251.30,251.55,249.70,248.55,249.40,255.20,249.10,232.20,234.70,229.50,231.90,236.00,231.55,219.90,213.75,227.30,222.85,222.20,232.30,222.95,236.50,238.50,235.35,230.85,232.85,230.05,220.60,216.90,211.45,209.65,222.20,228.20,251.25,249.35,241.30,246.90,239.90,235.50,249.20,233.25,254.00,268.65,277.60,271.45,269.50,269.00,265.20,267.50,259.30,257.35,252.10,257.65,255.85,249.45,239.35,233.00,247.55,245.40,254.15,262.05,258.95,258.75,257.40,257.85,262.35,261.75,260.35,264.50,264.80,256.35,246.25,225.75,222.00,212.65,208.55,196.80,202.35,204.40,202.40,186.05,194.45,191.40,188.15,175.35,172.50,170.45,195.75,186.40,196.65,195.80,187.90,191.35,191.65,200.40,198.55,206.00,220.10,232.65,254.65,264.90,255.95,244.00,242.35,219.45,204.85,226.85,239.05,223.95,199.20,223.90,216.50,235.60,243.30,250.20,257.15,261.25,245.00,211.15,201.00,206.55,205.40,176.85,196.60,197.55,195.65,195.30,206.85,214.25,218.00,210.40,217.10,226.65,228.70,227.25,224.10,230.55,223.20,229.70,230.90,238.10,243.10,246.40,236.75,235.55,248.95,250.00,258.15,251.90,253.85,261.05,260.65,248.50,243.25,248.95,254.85,251.50,244.25,253.55,246.00,243.85,246.70,248.85,246.25,169.80,251.60,263.15,249.80,219.70,242.30,232.05,233.55,220.20,239.50,232.35,254.85,237.90,236.50,242.65,250.30,252.50,251.85,232.55,239.20,232.35,242.40,246.30,249.70,253.60,249.15,246.30,235.35,233.80,237.45,237.95,228.40,245.55,249.55,250.50,263.40,263.40,263.40,263.40,263.40,263.40,263.40,263.40,263.40,263.40,263.40,263.40,263.40,263.40,263.40,263.40,263.40,263.40,263.40,263.40,263.40,263.40,263.40,263.40,263.40,263.40,263.40,263.40,263.40,263.40,263.40,263.40,263.40,263.40,263.40,263.40,263.40,263.40,263.40,263.40,263.40,263.40,263.40,263.40,263.40,263.40,263.40,263.40,263.40,263.40,263.40,263.40,263.40,263.40,263.40,263.40,263.40,263.40,263.40,263.40,263.40,263.40,263.40,263.40,263.40,263.40,263.40,263.40,263.40,263.40,263.40,263.40,263.40,263.40,263.40,263.40,263.40,263.40,263.40,263.40,263.40,263.40,263.40,263.40,263.40,263.40,263.40,263.40,263.40,263.40,263.40,263.40,263.40,263.40,263.40,263.40,263.40,263.40,263.40,263.40,263.40,263.40,263.40,263.40,263.40,263.40,263.40,263.40,263.40,263.40,263.40,263.40,263.40,263.40,263.40,263.40,263.40,263.40,263.40,263.40,263.40,263.40,263.40,263.40,263.40,263.40,263.40,263.40,263.40,263.40,263.40,263.40,263.40,263.40,263.40,263.40,263.40,263.40,263.40,263.40,263.40,263.40,263.40,263.40,263.40,263.40,263.40,263.40,263.40,263.40,263.40,263.40,263.40,263.40,263.40,263.40,263.40,263.40,263.40,263.40,263.40,263.40,263.40,263.40,263.40,263.40,263.40,263.40,263.40,263.40,263.40,263.40,263.40,263.40,263.40,263.40,263.40,263.40,263.40,263.40,263.40,263.40,263.40,263.40,263.40,263.40,263.40,263.40,263.40,263.40,263.40,263.40,263.40,263.40,263.40,263.40,263.40,263.40,263.40,263.40,263.40,263.40,263.40,263.40,263.40,263.40,263.40,263.40,263.40,263.40,263.40,263.40,263.40,263.40,263.40,263.40,263.40,263.40,263.40,263.40,263.40,263.40,263.40,263.40,263.40,263.40,263.40,263.40,263.40,263.40,263.40,263.40,263.40,263.40,263.40,263.40,263.40,263.40,263.40,263.40,263.40,263.40,263.40,263.40,263.40,263.40,263.40,263.40,263.40,263.40,263.40,263.40,263.40,263.40,263.40,263.40,263.40,263.40,263.40,263.40,263.40,263.40,263.40,263.40,263.40,263.40,263.40,263.40,263.40,263.40,263.40,263.40,263.40,263.40,263.40,263.40,263.40,263.40,263.40,263.40,263.40,263.40,263.40,263.40,263.40,263.40,263.40,263.40,263.40,263.40,263.40,263.40,263.40,263.40,263.40,263.40,263.40,263.40,263.40,263.40,263.40,263.40,263.40,263.40,263.40,263.40,263.40,263.40,263.40,263.40,263.40,263.40,263.40,263.40,263.40,263.40,263.40,263.40,263.40,263.40,263.40,263.40,263.40,263.40,263.40,263.40,263.40,263.40,263.40,263.40,263.40,263.40,263.40,263.40,263.40,263.40,263.40,263.40,263.40,263.40,263.40,263.40,263.40,263.40,263.40,263.40,263.40,263.40,263.40,263.40,263.40,263.40,263.40,263.40,263.40,263.40,263.40,263.40,263.40,263.40,263.40,263.40,263.40,263.40,263.40,263.40,263.40,263.40,263.40,263.40,263.40,263.40,263.40,263.40,263.40,263.40,263.40,263.40,263.40,263.40,263.40,263.40,263.40,263.40,263.40,263.40,263.40,263.40,263.40,263.40,263.40,263.40,263.40,263.40,263.40,263.40,263.40,263.40,263.40,263.40,263.40,263.40,263.40,263.40,263.40,263.40,263.40,263.40,263.40,263.40,263.40,263.40,263.40,263.40,263.40,263.40,263.40,263.40,263.40,263.40,263.40,263.40,263.40,263.40,263.40,263.40,263.40,263.40,263.40,263.40,263.40,263.40,263.40,263.40,263.40,263.40,263.40,263.40,263.40,263.40,263.40,263.40,263.40,263.40,263.40,263.40,263.40,263.40,263.40,263.40,263.40,263.40,263.40,263.40,263.40,263.40,263.40,263.40,263.40,263.40,263.40,263.40,263.40,263.40,263.40,263.40,263.40,263.40,263.40,263.40,263.40,263.40,263.40,263.40,263.40,263.40,263.40,263.40,263.40,263.40,263.40,263.40,263.40,263.40,263.40,263.40,263.40,263.40,263.40,263.40,263.40,263.40,263.40,263.40,263.40,263.40,263.40,263.40,263.40,263.40,263.40,263.40,263.40,263.40,263.40,263.40,263.40,263.40,263.40,263.40,263.40,263.40,263.40,263.40,263.40,263.40,263.40,263.40,263.40,263.40,263.40,263.40,263.40,263.40,263.40,263.40,263.40,263.40,263.40,263.40,263.40,263.40,263.40,263.40,263.40,263.40,263.40,263.40,263.40,263.40,263.40,263.40,263.40,263.40,263.40,263.40,263.40,263.40,263.40,263.40,263.40,263.40,263.40,263.40,263.40,263.40,263.40,263.40,263.40,263.40,263.40,263.40,263.40,263.40,263.40,263.40,263.40,263.40,263.40,263.40,263.40,263.40,263.40,263.40,263.40,263.40,263.40,263.40,263.40,263.40,263.40,263.40,263.40,263.40,263.40,263.40,263.40,263.40,263.40,263.40,263.40,248.60,234.65,241.85,229.20,233.65,226.35,229.20,228.95,227.25,239.20,237.40,229.95,241.15,229.30,230.90,236.25,234.15,234.90,231.60,230.75,229.85,219.85,219.20,204.45,206.90,198.40,206.20,207.00,200.90,191.95,186.15,179.20,182.50,177.95,169.05,168.30,120.45,125.45,121.15,136.35,136.70,134.30,124.55,134.75,145.65,150.50,148.25,149.65,133.55,128.00,124.00,141.45,150.55,132.90,136.60,141.30,151.30,155.85,146.70,147.40,148.00,150.75,155.95,157.35,152.90,138.85,140.15,136.05,138.75,152.10,152.75,146.75,148.60,150.70,148.45,152.45,149.40,146.30,151.60,148.45,149.50,139.75,140.10,134.60,139.75,153.50,156.00,156.45,147.10,150.05,142.05,143.40,147.65,152.00,147.40,132.35,130.25,127.95,124.90,111.30,93.60,98.90,88.10,90.10,102.00,96.95,89.90,73.75,66.45,75.45,84.10,86.35,88.20,70.45,60.60,72.30,54.25,49.35,61.70,62.90,69.90,56.15,64.40,88.80,85.75,77.50,73.85,77.20,71.70,73.85,70.10,59.50,47.90,41.00,42.35,65.10,78.35,63.65,58.10,55.40,56.20,30.10,27.55,40.70,50.85,60.15,72.00,74.95,65.75,77.40,70.05,64.25,59.70,58.75,52.95,49.80,34.30,33.00,35.40,25.20,20.95,17.40,14.05,29.40,31.65,18.20,36.35,39.50,45.50,29.85,27.50,39.40,2.15,12.15,30.90,36.00,34.60,40.30,43.70,30.45,11.90,11.15,12.55,11.20,12.80,41.60,30.05,51.65,62.25,65.30,53.70,47.60,42.10,53.80,44.05,38.00,20.50,14.85,-17.20,-5.40,1.80,-3.85,-6.55,-5.45,-7.55,-7.80,-5.50,2.05,10.05,18.25,16.45,7.05,8.05,7.45,7.85,-3.25,-9.65,-0.90,3.30,4.65,-6.70,-16.20,-20.30,-16.65,-21.60,-18.20,-18.30,-23.30,-23.10,-23.35,-24.15,-28.00,-12.15,-23.80,36.55,53.40,41.95,44.50,49.10,44.90,41.60,31.75,26.75,31.25,37.45,34.10,40.15,40.40,37.55,38.80,41.70,38.05,32.75,26.80,23.65,24.55,25.35,23.95,29.65,30.60,28.60,25.20,16.95,14.95,13.95,12.60,13.00,12.25,9.60,7.75,-1.35,-4.15,-19.75,-17.55,-17.55,-17.55,-17.55,-17.55,-17.55,-17.55,-17.55,-17.55,-17.55,-17.55,-17.55,-17.55,-17.55,-17.55,-13.55,-8.25,-13.80,-12.50,-15.95,-21.80,-24.65,-23.20,-20.45,-15.60,-4.50,-2.50,-5.15,-1.20,-3.10,-1.70,-4.75,5.05,-3.75,-0.30,7.00,6.70,5.75,5.55,13.20,17.70,18.15,15.80,14.40,27.00,28.80,34.80,35.00,38.15,33.40,32.90,38.60,43.15,41.35,20.05,16.70,4.95,10.90,10.30,18.40,12.20,10.15,17.75,19.65,16.55,14.90,18.10,22.60,30.45,19.55,13.70,19.05,27.10,26.40,30.85,35.60,35.35,24.05,20.40,17.30,12.25,13.80,12.25,10.95,3.60,8.75,11.30,20.55,17.25,18.05,20.60,20.95,21.75,28.25,32.10,31.50,38.55,33.35,33.95,33.60,29.55,27.80,33.55,27.20,29.90,26.60,23.65,24.15,23.05,34.80,17.15,10.15,3.50,-11.90,-19.55,-14.00,-14.50,0.80,4.95,-3.25,-10.75,-12.95,-3.85,-13.30,-14.85,-3.80,-7.25,6.80,26.70,42.80,38.25,40.55,35.00,38.90,24.35,33.40,26.00,23.85,16.30,9.90,4.95,-4.45,-3.75,-7.75,-4.70,0.50,8.80,15.30,15.65,12.85,8.35,2.85,3.85,2.20,1.60,-7.15,-8.00,-11.70,-15.70,-2.40,3.35,8.15,-3.50,7.45,5.25,-2.35,-13.55,-12.80,-8.30,-14.60,-23.05,-19.55,-20.45,-28.45,-21.65,-23.70,-37.35,-22.70,-7.25,-7.45,0.45,-1.25,-7.05,-11.65,-17.90,-19.65,-43.30,-39.55,11.40,1.10,8.45,51.10,21.75,9.90,16.50,-0.10,-19.95,-11.25,-3.90,-1.20,-3.80,-34.90,34.70,14.05,-8.65,-10.60,-24.90,-23.90,-59.70,-74.65,-67.85,-64.40,-51.90,-56.40,-58.55,-75.35,-67.35,-52.10,-35.20,-34.30,-24.15,-12.40,1.55,36.05,17.20,21.30,27.25,22.45,13.60,9.95,6.55,8.55,-4.35,-5.10,-0.05,6.15,16.50,7.45,5.95,0.90,4.90,8.30,1.40,5.45,9.65,6.25,9.50,1.35,3.25,9.50,2.80,-2.05,0.95,6.10,10.45,9.20,5.95,6.75,2.40,6.05,8.80,2.90,3.85,5.25,6.30,5.45,5.55,-6.75,-6.10,-7.30,-5.75,1.75,3.25,2.65,0.65,1.50,-3.30,-1.80,-6.80,-5.05,-5.15,-0.65,1.70,1.15,1.15,-0.35,7.35,8.20,10.50,10.50,10.50,10.50,10.50,10.50,10.50,10.50,10.50,10.50,10.50,10.50,10.50,10.50,10.50,11.90,17.80,21.60,22.20,19.95,18.30,16.20,11.30,16.60,11.85,13.15,16.55,15.15,17.05,18.70,20.55,18.35,16.40,21.05,17.60,14.65,13.35,13.70,8.30,-3.65,-0.05,-9.05,-18.95,-5.95,-6.90,-11.30,-11.80,-17.45,-18.05,-21.25,-8.95,-3.90,3.25,-2.65,-22.10,-10.60,-1.85,7.65,8.90,11.30,12.35,15.15,0.75,-4.60,-4.25,7.70,11.75,20.15,13.05,23.10,25.70,26.75,28.05,19.80,9.40,15.40,15.80,15.85,20.10,17.80,10.85,14.90,16.75,10.75,11.60,8.75,13.05,7.25,19.60,16.25,15.55,14.10,12.30,13.60,12.65,12.40,18.10,20.00,18.55,13.95,11.75,9.75,10.15,15.95,5.25,-1.15,-8.90,0.10,6.70,7.20,19.95,23.40,28.50,35.40,42.05,36.50,31.60,42.05,34.90,38.75,39.20,46.35,37.60,42.15,51.45,54.50,62.00,56.75,61.75,60.15,45.00,48.70,38.65,32.35,25.70,31.05,30.15,31.50,31.70,30.20,47.90,57.85,60.75,72.55,60.10,62.65,60.10,58.45,57.55,64.65,69.35,71.05,77.00,78.55,87.35,85.90,84.55,83.65,84.15,80.00,80.75,90.25,79.05,83.25,90.05,92.40,88.70,92.95,92.30,91.25,82.50,75.20,74.70,70.90,65.85,61.75,59.55,58.70,55.85,59.40,62.20,72.70,68.70,46.50,47.65,55.75,65.10,54.45,53.65,55.20,53.10,62.20,50.70,51.35,37.30,34.30,48.95,40.40,43.10,46.70,47.15,68.50,73.40,70.35,87.10,86.90,92.35,104.80,94.65,89.65,82.05,85.70,92.90,91.00,81.35,75.65,71.20,77.10,66.65,61.60,52.50,44.80,47.70,40.20,37.85,39.30,37.25,46.10,44.15,49.75,47.65,50.10,57.00,59.20,59.65,59.20,63.40,50.55,47.65,56.00,53.95,50.95,51.55,48.40,53.35,51.90,53.55,49.20,36.70,36.40,33.50,33.00,30.00,29.20,21.20,30.95,26.65,21.75,15.70,16.00,16.65,26.75,24.15,26.35,32.85,29.45,25.70,23.85,30.30,32.35,43.15,38.65,38.10,39.40,39.75,42.90,49.80,49.80,44.95,47.80,49.10,44.20,44.35,46.05,42.55,41.90,41.90,41.25,46.15,46.15,46.15,46.15,46.15,46.15,46.15,46.15,46.15,46.15,46.15,46.15,46.15,46.15,46.15,48.90,45.25,49.80,48.35,46.25,48.00,51.90,48.35,50.75,48.50,48.85,63.80,64.30,61.90,64.20,62.00,65.95,67.05,73.35,74.85,74.20,73.55,74.50,88.05,96.75,100.50,106.60,119.80,125.70,119.75,119.90,116.50,117.60,114.55,108.05,102.40,107.85,106.25,108.00,92.90,91.70,88.25,90.75,94.55,104.45,104.60,97.95,99.65,102.35,103.95,98.05,98.00,87.80,86.00,98.75,99.70,90.25,84.10,75.10,66.05,57.85,60.25,48.00,54.35,48.10,43.05,41.30,47.25,50.70,50.10,64.65,61.20,61.25,63.00,61.75,62.20,66.15,56.10,65.85,64.80,64.70,66.15,63.15,63.40,64.70,65.40,67.15,55.55,56.95,48.95,53.40,54.75,55.60,55.95,55.40,45.05,58.85,57.60,54.55,51.10,55.15,56.90,54.75,54.20,52.45,62.90,71.05,88.60,83.30,74.10,76.50,79.90,73.65,55.20,46.35,24.00,14.30,5.55,-9.25,-13.65,-16.25,-16.85,-9.55,-0.90,9.20,6.05,-9.95,-7.60,-6.90,-5.20,-8.20,7.20,23.20,34.80,49.75,46.10,42.05,44.90,42.35,35.90,37.65,51.10,43.80,41.30,39.30,52.10,49.35,47.55,48.45,52.30,47.50,33.10,25.40,29.55,36.35,44.40,38.30,32.40,25.15,36.25,37.10,37.30,35.60,31.25,34.15,38.25,38.30,39.20,46.90,37.65,29.00,35.50,25.65,1.15,12.85,25.50,20.70,14.35,13.30,31.10,39.00,25.65,24.35,-10.45,-16.55,-7.75,2.40,1.30,-5.85,-4.10,-18.60,-13.70,-56.50,-47.50,-18.80,-14.40,-14.95,-16.25,-22.75,-35.25,-38.40,-32.90,-35.75,-52.95,-53.85,-54.15,-42.85,-56.00,-41.45,-37.00,-36.75,-36.40,-30.20,-29.65,-29.65,-36.00,-52.50,-67.25,-72.00,-74.40,-79.05,-72.95,-71.65,-68.70,-73.40,-67.80,-67.90,-75.10,-59.55,-53.20,-57.05,-48.60,-53.90,-56.90,-56.65,-52.70,-50.60,-48.50,-49.50,-57.10,-56.60,-54.80,-52.25,-54.15,-53.85,-47.90,-46.50,-45.90,-44.45,-44.85,-49.20,-36.80,-38.85,-34.65,-37.05,-41.20,-36.60,-37.35,-40.10,-41.35,-43.35,-44.70,-49.30,-53.25,-55.70,-63.20,-59.95,-61.80,-61.85,-62.65,-63.65,-62.90,-63.30,-56.55,-56.55,-56.55,-56.55,-56.55,-56.55,-56.55,-56.55,-56.55,-56.55,-56.55,-56.55,-56.55,-56.55,-56.55,-56.50,-62.25,-70.30,-68.80,-69.05,-70.40,-65.60,-70.05,-73.40,-74.05,-72.50,-73.95,-74.00,-71.05,-70.80,-67.40,-66.30,-66.90,-59.60,-57.15,-57.65,-63.95,-61.25,-73.40,-62.45,-72.70,-67.30,-63.15,-59.55,-62.20,-57.95,-56.70,-53.65,-47.55,-52.90,-51.65,-58.05,-56.00,-67.55,-61.50,-56.10,-54.45,-46.30,-46.25,-44.10,-42.55,-41.00,-40.00,-47.05,-45.95,-47.85,-51.10,-49.10,-42.45,-40.20,-42.20,-40.10,-40.70,-35.65,-36.35,-36.70,-33.90,-35.30,-35.55,-34.90,-20.80,-21.85,-27.65,-17.05,-20.55,-22.25,-17.45,-16.75,-12.65,-14.60,-12.85,-10.80,-12.65,-17.75,-13.30,-13.10,-17.40,-13.30,0.20,-5.35,-9.15,-16.20,-19.60,-22.80,-21.10,-15.05,-7.25,-15.20,-14.15,-20.15,-24.35,-29.20,-28.95,-23.50,-30.45,-31.80,-29.85,-23.45,-29.65,-22.75,-29.60,-36.45,-29.65,-33.30,-29.10,-17.75,-12.75,-15.75,-25.25,-35.90,-22.75,-20.35,-13.50,-8.50,-6.85,-17.30,-31.00,-34.70,-35.75,-42.40,-34.55,-41.65,-42.20,-27.40,-34.45,-33.20,-30.45,-42.50,-42.10,-28.50,-16.15,-18.10,-21.40,-30.15,-29.85,-32.05,-26.95,-25.80,-31.05,-38.85,-38.45,-39.20,-39.55,-48.80,-42.00,-50.10,-48.55,-37.35,-50.35,-50.70,-39.20,-48.40,-41.15,-42.85,-43.65,-39.15,-28.75,-23.45,-22.70,-27.40,-22.15,-27.35,-33.00,-42.15,-43.35,-47.95,-47.45,-50.60,-44.60,-33.40,-25.15,-27.60,-37.30,-25.60,-29.15,-32.50,-31.95,-52.60,-45.75,-48.05,-56.25,-57.40,-57.40,-61.65,-69.75,-62.70,-51.00,-49.80,-45.30,-30.80,-34.25,-46.15,-35.80,-29.45,-28.55,-29.95,-28.15,-29.20,-20.75,-22.60,-27.05,-20.95,-21.60,-22.45,-20.55,-20.65,-25.75,-24.85,-27.15,-27.20,-32.75,-34.50,-39.85,-44.45,-50.95,-45.70,-48.50,-42.30,-46.55,-51.75,-55.80,-48.05,-54.20,-63.45,-60.35,-57.80,-54.20,-57.00,-58.80,-55.05,-55.65,-58.45,-60.10,-58.55,-61.65,-62.10,-57.85,-56.65,-48.75,-53.35,-53.35,-54.85,-55.40,-58.55,-60.00,-59.20,-61.70,-59.85,-62.35,-62.05,-59.05,-52.75,-50.45,-51.55,-54.45,-52.65,-46.60,-44.40,-42.85,-45.95,-48.05,-50.50,-52.35,-54.70,-54.95,-54.15,-58.10,-60.20,-62.35,-62.35,-62.35,-62.35,-62.35,-62.35,-62.35,-62.35,-62.35,-62.35,-62.35,-62.35,-62.35,-62.35,-62.35,-62.35,-62.35,-62.35,-62.35,-62.35,-62.35,-62.35,-62.35,-62.35,-62.35,-62.35,-62.35,-62.35,-62.35,-62.35,-62.35,-62.35,-62.35,-62.35,-62.35,-62.35,-62.35,-62.35,-62.35,-62.35,-62.35,-62.35,-62.35,-62.35,-62.35,-62.35,-62.35,-62.35,-62.35,-62.35,-62.35,-62.35,-62.35,-62.35,-62.35,-62.35,-62.35,-62.35,-62.35,-62.35,-62.35,-62.35,-62.35,-62.35,-62.35,-62.35,-62.35,-62.35,-62.35,-62.35,-62.35,-62.35,-62.35,-62.35,-62.35,-62.35,-62.35,-62.35,-62.35,-62.35,-62.35,-62.35,-62.35,-62.35,-62.35,-62.35,-62.35,-62.35,-62.35,-62.35,-62.35,-62.35,-62.35,-62.35,-62.35,-62.35,-62.35,-62.35,-62.35,-62.35,-62.35,-62.35,-62.35,-62.35,-62.35,-62.35,-62.35,-62.35,-62.35,-62.35,-62.35,-62.35,-62.35,-62.35,-62.35,-62.35,-62.35,-62.35,-62.35,-62.35,-62.35,-62.35,-62.35,-62.35,-62.35,-62.35,-62.35,-62.35,-62.35,-62.35,-62.35,-62.35,-62.35,-62.35,-62.35,-62.35,-62.35,-62.35,-62.35,-62.35,-62.35,-62.35,-62.35,-62.35,-62.35,-62.35,-62.35,-62.35,-62.35,-62.35,-62.35,-62.35,-62.35,-62.35,-62.35,-62.35,-62.35,-62.35,-62.35,-62.35,-62.35,-62.35,-62.35,-62.35,-62.35,-62.35,-62.35,-62.35,-62.35,-62.35,-62.35,-62.35,-62.35,-62.35,-62.35,-62.35,-62.35,-62.35,-62.35,-62.35,-62.35,-62.35,-62.35,-62.35,-62.35,-62.35,-62.35,-62.35,-62.35,-62.35,-62.35,-62.35,-62.35,-62.35,-62.35,-62.35,-62.35,-62.35,-62.35,-62.35,-62.35,-62.35,-62.35,-62.35,-62.35,-62.35,-62.35,-62.35,-62.35,-62.35,-62.35,-62.35,-62.35,-62.35,-62.35,-62.35,-62.35,-62.35,-62.35,-62.35,-62.35,-62.35,-62.35,-62.35,-62.35,-62.35,-62.35,-62.35,-62.35,-62.35,-62.35,-62.35,-62.35,-62.35,-62.35,-62.35,-62.35,-62.35,-62.35,-62.35,-62.35,-62.35,-62.35,-62.35,-62.35,-62.35,-62.35,-62.35,-62.35,-62.35,-62.35,-62.35,-62.35,-62.35,-62.35,-62.35,-62.35,-62.35,-62.35,-62.35,-62.35,-62.35,-62.35,-62.35,-62.35,-62.35,-62.35,-62.35,-62.35,-62.35,-62.35,-62.35,-62.35,-62.35,-62.35,-62.35,-62.35,-62.35,-62.35,-62.35,-62.35,-62.35,-62.35,-62.35,-62.35,-62.35,-62.35,-62.35,-62.35,-62.35,-62.35,-62.35,-62.35,-62.35,-62.35,-62.35,-62.35,-62.35,-62.35,-62.35,-62.35,-62.35,-62.35,-62.35,-62.35,-62.35,-62.35,-62.35,-62.35,-62.35,-62.35,-62.35,-62.35,-62.35,-62.35,-62.35,-62.35,-62.35,-62.35,-62.35,-62.35,-62.35,-62.35,-62.35,-62.35,-62.35,-62.35,-62.35,-62.35,-62.35,-62.35,-62.35,-62.35,-62.35,-62.35,-62.35,-62.35,-62.35,-62.35,-62.35,-62.35,-62.35,-62.35,-62.35,-62.35,-62.35,-62.35,-62.35,-62.35,-62.35,-62.35,-62.35,-62.35,-62.35,-62.35,-62.35,-62.35,-62.35,-62.35,-62.35,-62.35,-62.35,-62.35,-62.35,-62.35,-62.35,-62.35,-62.35,-62.35,-62.35,-62.35,-62.35,-62.35,-62.35,-62.35,-62.35,-62.35,-62.35,-62.35,-62.35,-62.35,-62.35,-62.35,-62.35,-62.35,-62.35,-62.35,-62.35,-62.35,-62.35,-62.35,-62.35,-62.35,-62.35,-62.35,-62.35,-62.35,-62.35,-62.35,-62.35,-62.35,-62.35,-62.35,-62.35,-62.35,-62.35,-62.35,-62.35,-62.35,-62.35,-62.35,-62.35,-62.35,-62.35,-62.35,-62.35,-62.35,-62.35,-62.35,-62.35,-62.35,-62.35,-62.35,-62.35,-62.35,-62.35,-62.35,-62.35,-62.35,-62.35,-62.35,-62.35,-62.35,-62.35,-62.35,-62.35,-62.35,-62.35,-62.35,-62.35,-62.35,-62.35,-62.35,-62.35,-62.35,-62.35,-62.35,-62.35,-62.35,-62.35,-62.35,-62.35,-62.35,-62.35,-62.35,-62.35,-62.35,-62.35,-62.35,-62.35,-62.35,-62.35,-62.35,-62.35,-62.35,-62.35,-62.35,-62.35,-62.35,-62.35,-62.35,-62.35,-62.35,-62.35,-62.35,-62.35,-62.35,-62.35,-62.35,-62.35,-62.35,-62.35,-62.35,-62.35,-62.35,-62.35,-62.35,-62.35,-62.35,-62.35,-62.35,-62.35,-62.35,-62.35,-62.35,-62.35,-62.35,-62.35,-62.35,-62.35,-62.35,-62.35,-62.35,-62.35,-62.35,-62.35,-62.35,-62.35,-62.35,-62.35,-62.35,-62.35,-62.35,-62.35,-62.35,-62.35,-62.35,-62.35,-62.35,-62.35,-62.35,-62.35,-62.35,-62.35,-62.35,-62.35,-62.35,-62.35,-62.35,-62.35,-62.35,-62.35,-62.35,-62.35,-62.35,-62.35,-62.35,-62.35,-62.35,-62.35,-62.35,-62.35,-62.35,-62.35,-62.35,-62.35,-62.35,-62.35,-62.35,-62.35,-62.35,-62.35,-62.35,-62.35,-62.35,-62.35,-62.35,-62.35,-62.35,-62.35,-62.35,-62.35,-62.35,-62.35,-62.35,-62.35,-62.35,-62.35,-62.35,-62.35,-62.35,-62.35,-62.35,-62.35,-62.35,-62.35,-62.35,-62.35,-62.35,-62.35,-62.35,-62.35,-62.35,-62.35,-62.35,-62.35,-62.35,-62.35,-62.35,-62.35,-62.35,-70.80,-72.15,-68.60,-64.05,-64.70,-66.65,-66.90,-65.70,-66.95,-68.05,-67.65,-74.60,-74.30,-87.80,-115.20,-110.60,-93.25,-96.45,-97.00,-98.00,-101.25,-99.05,-103.60,-95.65,-80.60,-64.95,-51.80,-41.50,-37.90,-37.65,-33.15,-35.35,-28.65,-34.00,-36.30,-35.40,-23.75,-25.20,-27.50,-33.80,-37.05,-34.90,-19.20,-18.15,-11.05,-5.85,-4.95,-9.15,-8.10,-16.95,-20.70,-22.25,-25.00,-21.45,-19.25,-18.75,-23.60,-23.70,-22.40,-13.00,-18.50,-19.35,-9.40,-6.60,-5.75,0.20,-0.30,2.25,15.20,7.50,-3.90,5.65,10.15,14.90,18.35,17.40,23.00,25.30,32.80,36.45,43.80,44.85,48.45,43.25,36.25,37.20,30.80,25.10,16.95,7.45,-3.20,1.30,5.65,3.75,8.85,13.90,9.80,9.10,-1.80,4.10,8.25,3.55,8.55,7.75,5.90,4.85,8.30,10.20,15.00,29.05,32.15,36.35,22.05,12.20,11.15,14.00,10.45,1.70,6.00,-1.65,-3.10,-11.80,-11.70,-11.10,-0.00,-1.15,4.65,4.60,2.90,3.65,3.80,6.40,13.40,12.75,8.05,6.50,3.85,9.65,14.10,7.60,4.20,4.50,0.70,9.65,5.75,10.60,7.15,5.40,4.25,6.15,5.45,7.35,3.05,-1.10,-6.15,2.60,1.90,1.25,2.40,2.90,3.75,-1.70,0.70,-4.40,-4.95,-8.45,-10.90,-5.40,-8.50,-4.00,-12.30,-8.40,-6.90,-6.60,0.70,-0.10,-7.25,-15.75,-16.45,-25.80,-30.90,-33.30,-29.10,-19.50,-24.15,-35.60,-45.85,-39.05,-44.00,-52.55,-55.45,-55.10,-61.85,-61.60,-57.90,-55.55,-60.60,-50.00,-56.60,-61.05,-61.45,-73.20,-66.15,-75.90,-69.50,-65.95,-69.70,-68.00,-65.75,-69.95,-61.80,-64.25,-57.65,-66.00,-60.35,-72.05,-73.45,-72.00,-77.00,-76.90,-76.40,-79.55,-67.05,-76.35,-74.20,-69.80,-67.45,-76.40,-72.65,-69.95,-73.35,-75.65,-76.20,-76.25,-70.95,-67.50,-66.45,-71.90,-71.10,-72.80,-72.25,-74.30,-78.10,-77.25,-74.40,-76.25,-79.05,-79.35,-79.00,-81.45,-79.05,-79.45,-86.00,-83.15,-85.10,-79.00,-80.05,-77.20,-78.10,-82.05,-75.75,-74.05,-69.55,-69.05,-71.45,-71.20,-70.70,-72.30,-72.45,-70.25,-73.50,-74.55,-75.15,-72.85,-72.85,-72.85,-72.85,-72.85,-72.85,-72.85,-72.85,-72.85,-72.85,-72.85,-72.85,-72.85,-72.85,-72.85,-71.75,-74.30,-71.95,-68.15,-70.10,-69.00,-70.20,-72.55,-72.25,-71.65,-66.75,-68.20,-66.85,-71.55,-72.35,-75.00,-77.85,-81.50,-76.95,-74.85,-80.30,-83.20,-84.25,-93.00,-72.75,-58.40,-47.30,-58.85,-52.85,-54.45,-56.75,-59.50,-69.60,-68.00,-63.35,-79.10,-81.00,-82.15,-72.90,-70.20,-76.40,-71.90,-73.15,-73.40,-73.60,-69.25,-74.65,-86.30,-78.55,-78.60,-78.50,-66.25,-70.25,-70.85,-71.55,-70.45,-65.55,-58.55,-48.80,-46.20,-39.85,-33.70,-35.25,-32.45,-34.25,-41.45,-45.40,-47.25,-52.05,-49.20,-49.95,-52.70,-52.85,-54.65,-53.95,-49.35,-57.50,-49.15,-61.55,-63.15,-61.95,-51.60,-51.25,-47.75,-49.95,-48.95,-52.85,-45.35,-39.40,-45.90,-46.65,-46.25,-48.35,-54.20,-59.00,-52.00,-50.60,-52.35,-49.70,-56.15,-56.60,-52.75,-58.70,-64.95,-57.70,-56.75,-59.10,-56.55,-34.20,-46.30,-37.65,-42.00,-40.10,-44.95,-44.25,-39.90,-42.70,-39.70,-35.35,-44.05,-49.35,-54.40,-47.40,-47.80,-45.75,-50.60,-47.80,-46.65,-44.60,-45.15,-49.00,-45.15,-48.10,-52.05,-48.95,-51.10,-50.35,-51.90,-51.60,-44.25,-44.45,-44.50,-42.40,-35.85,-30.85,-25.35,-19.15,-17.50,-20.10,-22.60,-22.30,-26.10,-24.60,-23.65,-20.95,-21.10,-16.60,-23.85,-26.80,-28.10,-30.45,-31.80,-33.30,-32.60,-29.10,-36.20,-40.40,-42.40,-50.80,-54.95,-42.95,-49.60,-49.30,-54.90,-57.60,-59.45,-54.45,-60.35,-64.90,-66.65,-85.85,-90.90,-87.20,-83.60,-80.25,-60.80,-60.60,-48.95,-59.10,-56.30,-67.80,-60.00,-55.00,-65.20,-61.05,-62.90,-61.60,-75.15,-96.95,-107.35,-120.20,-129.70,-110.75,-125.65,-123.90,-123.20,-117.35,-114.35,-118.55,-109.80,-110.25,-123.65,-127.45,-127.70,-125.70,-119.25,-128.20,-134.30,-130.25,-139.90,-141.70,-146.45,-146.30,-142.95,-145.80,-153.15,-152.00,-148.60,-147.50,-149.70,-154.00,-150.25,-161.45,-154.25,-152.75,-142.65,-148.15,-148.75,-151.65,-152.85,-151.75,-148.70,-145.35,-144.90,-144.45,-144.00,-144.30,-148.25,-138.65,-143.75,-146.50,-146.75,-154.95,-152.50,-149.10,-153.20,-153.70,-156.95,-160.30,-159.05,-155.85,-158.65,-159.95,-158.75,-159.25,-161.90,-159.05,-157.85,-155.40,-152.90,-156.85,-159.80,-161.75,-156.75,-156.75,-156.75,-156.75,-156.75,-156.75,-156.75,-156.75,-156.75,-156.75,-156.75,-156.75,-156.75,-156.75,-156.75,-157.15,-155.95,-157.20,-157.60,-153.50,-156.90,-157.70,-156.05,-157.75,-154.55,-155.10,-158.55,-160.30,-163.00,-163.25,-162.40,-161.50,-160.15,-159.10,-161.80,-163.55,-169.20,-167.95,-170.70,-163.90,-169.45,-172.20,-169.75,-170.65,-174.20,-173.20,-170.65,-160.45,-162.50,-158.90,-168.80,-169.30,-172.30,-163.95,-167.95,-179.15,-171.50,-166.65,-152.45,-154.55,-158.35,-163.00,-165.55,-172.95,-166.75,-164.45,-165.25,-166.40,-166.65,-165.25,-174.35,-168.60,-167.05,-168.95,-164.75,-152.55,-156.10,-153.15,-154.40,-152.60,-154.50,-148.45,-149.55,-150.20,-148.30,-151.60,-147.55,-145.10,-145.70,-143.00,-145.00,-146.75,-140.80,-135.80,-137.60,-140.25,-142.95,-145.60,-137.75,-139.40,-142.50,-146.20,-145.85,-144.95,-139.50,-135.00,-137.45,-136.25,-129.70,-121.95,-117.30,-117.20,-111.75,-111.00,-119.30,-121.40,-121.00,-119.30,-118.00,-123.95,-123.15,-123.35,-124.00,-115.70,-109.15,-102.90,-113.50,-116.35,-117.25,-113.65,-111.45,-109.55,-117.15,-115.10,-117.85,-117.80,-124.40,-127.50,-129.95,-130.85,-131.15,-123.35,-121.30,-122.20,-115.80,-114.35,-120.35,-106.55,-104.55,-107.60,-109.65,-111.95,-111.25,-107.25,-110.25,-108.50,-105.90,-108.30,-108.75,-107.20,-109.60,-110.45,-113.85,-104.95,-103.70,-104.15,-104.00,-104.00,-109.20,-107.10,-106.65,-97.40,-94.30,-93.50,-91.35,-86.20,-85.40,-86.50,-94.25,-89.25,-85.15,-77.00,-66.40,-67.50,-64.50,-55.75,-53.70,-48.55,-42.55,-39.10,-40.60,-33.95,-28.85,-25.00,-29.35,-27.05,-23.25,-33.05,-37.30,-35.25,-25.60,-27.60,-5.05,-33.55,-25.35,-14.60,-21.45,-32.55,-28.45,-24.95,-27.20,-16.50,-10.15,-6.95,-8.05,6.85,-1.40,-4.70,-13.15,-24.10,-24.95,-26.70,-36.00,-32.90,-39.35,-30.25,-36.45,-37.50,-43.45,-35.65,-23.30,-24.15,-22.75,-18.10,-24.65,-20.70,-15.15,-17.85,-11.45,-17.45,-14.95,-13.50,-12.25,-16.05,-8.70,-10.80,-11.50,-11.05,-11.40,-10.15,-8.60,-7.05,-0.95,-3.80,-14.85,-16.65,-15.65,-15.95,-17.25,-18.25,-12.35,-9.90,-12.60,-10.90,-10.35,-10.65,-12.50,-5.45,-0.20,2.65,6.00,3.75,0.55,0.65,1.40,4.60,4.45,3.85,5.05,-0.15,-0.60,0.20,3.15,6.30,4.00,5.15,3.60,2.85,16.10,16.10,16.10,16.10,16.10,16.10,16.10,16.10,16.10,16.10,16.10,16.10,16.10,16.10,16.10,18.40,15.60,12.15,6.50,11.45,15.35,12.00,11.75,12.00,11.75,8.75,4.45,0.25,-0.05,-0.90,1.80,0.55,1.95,-5.20,-5.65,-6.30,-2.45,-4.80,-12.65,-16.55,-15.90,-14.05,-20.45,-19.95,-23.10,-24.00,-19.30,-24.80,-25.45,-27.30,-28.50,-31.95,-19.80,-24.85,-28.05,-25.20,-16.05,-11.70,-16.20,-19.90,-20.65,-25.45,-25.90,-24.00,-23.90,-29.95,-33.45,-32.40,-28.15,-30.55,-29.10,-22.60,-16.45,-16.15,-17.60,-22.35,-19.40,-21.60,-20.60,-25.25,-26.10,-23.95,-27.15,-34.95,-39.45,-39.75,-37.60,-37.50,-40.20,-40.85,-40.85,-39.30,-36.10,-45.65,-45.30,-46.85,-47.05,-47.70,-47.05,-50.60,-52.45,-43.20,-46.75,-42.90,-36.80,-41.15,-43.40,-38.40,-40.25,-45.30,-46.60,-46.50,-47.30,-52.70,-61.45,-66.05,-59.20,-50.45,-52.10,-57.95,-60.10,-56.20,-57.35,-53.95,-44.00,-51.45,-48.95,-49.35,-47.40,-41.75,-39.80,-37.35,-34.45,-40.90,-40.20,-38.85,-37.65,-39.45,-42.15,-38.55,-34.75,-39.85,-44.80,-45.90,-36.65,-41.35,-44.90,-37.35,-36.80,-43.50,-44.85,-42.50,-42.75,-42.15,-41.90,-35.05,-38.50,-36.00,-37.60,-40.20,-37.55,-40.25,-43.45,-42.10,-53.45,-70.75,-86.65,-81.75,-93.90,-94.35,-107.60,-99.95,-91.80,-90.35,-84.65,-83.80,-85.65,-74.00,-70.50,-76.15,-68.65,-71.15,-49.40,-34.20,-31.85,-40.85,-48.65,-44.70,-14.65,-33.90,-43.05,-28.45,-37.70,-29.70,-31.30,-30.65,-28.15,-16.20,-17.30,-11.90,-5.00,-7.20,-33.65,-36.45,-48.65,-41.90,-41.60,-26.10,-15.00,-18.70,-15.75,-15.15,-9.60,-3.55,-24.35,-26.15,-19.20,-16.90,-28.00,-32.25,-45.55,-41.70,-41.75,-23.35,-22.80,-14.30,-10.70,-15.30,-21.90,-21.20,-25.30,-21.95,-29.80,-32.80,-37.35,-34.00,-36.50,-40.55,-34.95,-39.30,-42.85,-40.40,-35.20,-30.70,-33.15,-39.45,-38.30,-46.20,-40.25,-43.55,-48.85,-45.85,-48.50,-53.95,-52.65,-52.15,-51.95,-44.05,-45.80,-46.40,-46.10,-46.40,-46.25,-46.05,-42.65,-42.50,-42.85,-40.45,-38.15,-33.85,-32.85,-31.40,-29.90,-31.55,-35.30,-36.50,-48.25,-43.90,-47.35,-46.70,-46.90,-47.45,-48.10,-45.95,-46.15,-46.90,-47.35,-46.85,-39.40,-39.40,-39.40,-39.40,-39.40,-39.40,-39.40,-39.40,-39.40,-39.40,-39.40,-39.40,-39.40,-39.40,-39.40,-46.10,-43.65,-42.40,-39.10,-37.95,-37.80,-38.95,-38.75,-38.15,-41.85,-43.80,-45.25,-46.65,-48.70,-49.70,-49.15,-50.35,-49.85,-42.05,-45.10,-43.85,-48.05,-47.85,-54.35,-51.65,-56.80,-59.60,-49.75,-51.20,-43.80,-51.45,-52.40,-46.65,-43.45,-41.30,-43.80,-42.40,-44.40,-48.50,-52.05,-52.40,-51.30,-48.75,-49.05,-54.55,-65.55,-68.45,-70.05,-61.60,-66.50,-60.25,-61.25,-63.25,-65.65,-64.40,-69.55,-72.45,-67.70,-68.60,-77.95,-75.15,-76.65,-73.55,-71.15,-71.10,-67.60,-63.40,-68.75,-74.20,-74.25,-79.05,-81.05,-79.70,-79.85,-84.45,-89.05,-92.20,-90.70,-93.30,-93.40,-96.55,-98.45,-97.30,-94.20,-98.70,-95.90,-97.75,-101.20,-90.20,-90.60,-95.35,-88.85,-84.75,-86.60,-89.40,-96.70,-89.70,-91.95,-87.80,-102.20,-101.90,-101.75,-105.35,-109.20,-107.40,-97.35,-92.25,-82.95,-70.40,-73.30,-65.65,-72.80,-77.15,-87.45,-88.95,-97.40,-104.60,-105.00,-101.85,-98.00,-104.35,-96.20,-102.20,-98.40,-93.20,-89.20,-94.90,-98.40,-92.30,-96.75,-95.30,-89.65,-87.50,-83.40,-86.30,-90.00,-98.05,-92.10,-84.80,-86.85,-86.95,-88.90,-88.70,-83.45,-83.05,-85.60,-90.20,-90.55,-86.50,-84.00,-86.60,-87.65,-85.80,-83.10,-84.45,-86.45,-88.05,-91.65,-96.00,-93.20,-92.05,-88.85,-89.00,-92.80,-96.15,-98.35,-92.30,-100.35,-100.40,-110.60,-91.10,-105.80,-110.65,-120.25,-120.00,-117.40,-108.65,-109.55,-121.80,-112.80,-109.90,-115.00,-100.70,-99.45,-93.65,-83.55,-67.35,-71.40,-72.75,-69.95,-61.85,0.70,38.10,55.60,94.10,71.20,91.50,128.65,127.60,127.70,129.85,130.90,129.90,145.65,137.55,143.10,135.90,144.75,146.15,153.50,142.65,120.60,103.65,110.00,101.05,116.50,125.90,118.65,121.50,116.45,105.50,114.35,118.25,114.80,113.25,107.50,113.70,123.30,124.50,121.00,127.85,128.95,130.15,130.25,132.25,132.70,133.55,135.40,131.70,130.80,129.70,130.00,126.10,118.75,125.15,129.50,127.20,122.10,128.25,126.85,124.55,119.85,120.00,115.10,113.55,108.90,110.90,108.75,109.35,111.25,114.55,120.35,128.35,123.65,120.15,117.30,115.10,112.85,117.30,117.50,116.20,119.90,120.05,104.45,104.45,104.45,104.45,104.45,104.45,104.45,104.45,104.45,104.45,104.45,104.45,104.45,104.45,104.45,104.45,104.45,104.45,104.45,104.45,104.45,104.45,104.45,104.45,104.45,104.45,104.45,104.45,104.45,104.45,104.45,104.45,104.45,104.45,104.45,104.45,104.45,104.45,104.45,104.45,104.45,104.45,104.45,104.45,104.45,104.45,104.45,104.45,104.45,104.45,104.45,104.45,104.45,104.45,104.45,104.45,104.45,104.45,104.45,104.45,104.45,104.45,104.45,104.45,104.45,104.45,104.45,104.45,104.45,104.45,104.45,104.45,104.45,104.45,104.45,104.45,104.45,104.45,104.45,104.45,104.45,104.45,104.45,104.45,104.45,104.45,104.45,104.45,104.45,104.45,104.45,104.45,104.45,104.45,104.45,104.45,104.45,104.45,104.45,104.45,104.45,104.45,104.45,104.45,104.45,104.45,104.45,104.45,104.45,104.45,104.45,104.45,104.45,104.45,104.45,104.45,104.45,104.45,104.45,104.45,104.45,104.45,104.45,104.45,104.45,104.45,104.45,104.45,104.45,104.45,104.45,104.45,104.45,104.45,104.45,104.45,104.45,104.45,104.45,104.45,104.45,104.45,104.45,104.45,104.45,104.45,104.45,104.45,104.45,104.45,104.45,104.45,104.45,104.45,104.45,104.45,104.45,104.45,104.45,104.45,104.45,104.45,104.45,104.45,104.45,104.45,104.45,104.45,104.45,104.45,104.45,104.45,104.45,104.45,104.45,104.45,104.45,104.45,104.45,104.45,104.45,104.45,104.45,104.45,104.45,104.45,104.45,104.45,104.45,104.45,104.45,104.45,104.45,104.45,104.45,104.45,104.45,104.45,104.45,104.45,104.45,104.45,104.45,104.45,104.45,104.45,104.45,104.45,104.45,104.45,104.45,104.45,104.45,104.45,104.45,104.45,104.45,104.45,104.45,104.45,104.45,104.45,104.45,104.45,104.45,104.45,104.45,104.45,104.45,104.45,104.45,104.45,104.45,104.45,104.45,104.45,104.45,104.45,104.45,104.45,104.45,104.45,104.45,104.45,104.45,104.45,104.45,104.45,104.45,104.45,104.45,104.45,104.45,104.45,104.45,104.45,104.45,104.45,104.45,104.45,104.45,104.45,104.45,104.45,104.45,104.45,104.45,104.45,104.45,104.45,104.45,104.45,104.45,104.45,104.45,104.45,104.45,104.45,104.45,104.45,104.45,104.45,104.45,104.45,104.45,104.45,104.45,104.45,104.45,104.45,104.45,104.45,104.45,104.45,104.45,104.45,104.45,104.45,104.45,104.45,104.45,104.45,104.45,104.45,104.45,104.45,104.45,104.45,104.45,104.45,104.45,104.45,104.45,104.45,104.45,104.45,104.45,104.45,104.45,104.45,104.45,104.45,104.45,104.45,104.45,104.45,104.45,104.45,104.45,104.45,104.45,104.45,104.45,104.45,104.45,104.45,104.45,104.45,104.45,104.45,104.45,104.45,104.45,104.45,104.45,104.45,104.45,104.45,104.45,104.45,104.45,104.45,104.45,104.45,104.45,104.45,104.45,104.45,104.45,104.45,104.45,104.45,104.45,104.45,104.45,104.45,104.45,104.45,104.45,104.45,104.45,104.45,104.45,104.45,104.45,104.45,104.45,104.45,104.45,104.45,104.45,104.45,104.45,104.45,104.45,104.45,104.45,104.45,104.45,104.45,104.45,104.45,104.45,104.45,104.45,104.45,104.45,104.45,104.45,104.45,104.45,104.45,104.45,104.45,104.45,104.45,104.45,104.45,104.45,104.45,104.45,104.45,104.45,104.45,104.45,104.45,104.45,104.45,104.45,104.45,104.45,104.45,104.45,104.45,104.45,104.45,104.45,104.45,104.45,104.45,104.45,104.45,104.45,104.45,104.45,104.45,104.45,104.45,104.45,104.45,104.45,104.45,104.45,104.45,104.45,104.45,104.45,104.45,104.45,104.45,104.45,104.45,104.45,104.45,104.45,104.45,104.45,104.45,104.45,104.45,104.45,104.45,104.45,104.45,104.45,104.45,104.45,104.45,104.45,104.45,104.45,104.45,104.45,104.45,104.45,104.45,104.45,104.45,104.45,104.45,104.45,104.45,104.45,104.45,104.45,104.45,104.45,104.45,104.45,104.45,104.45,104.45,104.45,104.45,104.45,104.45,104.45,104.45,104.45,104.45,104.45,104.45,104.45,104.45,104.45,104.45,104.45,104.45,104.45,104.45,104.45,104.45,104.45,104.45,104.45,104.45,104.45,104.45,104.45,104.45,104.45,104.45,104.45,104.45,104.45,104.45,104.45,104.45,104.45,104.45,104.45,104.45,104.45,104.45,104.45,104.45,104.45,104.45,104.45,104.45,104.45,104.45,104.45,104.45,104.45,104.45,104.45,104.45,104.45,104.45,104.45,104.45,104.45,104.45,104.45,104.45,104.45,104.45,104.45,104.45,104.45,104.45,104.45,104.45,104.45,104.45,104.45,104.45,104.45,104.45,104.45,104.45,104.45,104.45,104.45,104.45,104.45,104.45,104.45,104.45,104.45,104.45,104.45,104.45,104.45,104.45,104.45,104.45,104.45,104.45,104.45,104.25,99.15,100.60,102.55,99.25,97.40,94.80,92.25,96.55,98.10,97.05,95.00,100.15,98.75,100.30,99.85,97.65,96.70,98.55,96.75,106.55,112.95,106.25,92.15,87.35,87.35,85.50,87.75,85.30,85.25,83.80,84.50,80.25,82.55,85.20,90.20,84.00,83.70,86.75,89.40,83.80,78.05,75.65,72.05,71.10,68.65,75.30,72.60,64.25,63.60,69.45,71.80,72.85,81.20,82.95,79.95,78.85,79.70,81.80,87.60,90.45,93.80,96.25,89.20,92.55,94.60,91.85,98.05,99.50,99.00,97.25,89.30,80.80,89.60,86.95,86.80,89.05,90.35,90.10,89.80,87.20,90.05,91.00,85.15,88.60,87.40,84.90,86.50,80.00,84.25,85.25,85.05,82.30,82.20,83.95,92.50,97.35,99.05,100.40,101.90,104.15,97.95,90.75,101.50,105.70,105.35,104.55,105.05,107.75,99.75,93.75,99.25,105.60,102.90,94.25,102.50,98.85,95.65,92.10,87.30,91.95,88.95,86.65,82.05,79.95,83.95,80.95,80.85,84.45,83.05,80.10,77.70,76.05,74.00,73.35,74.45,74.20,85.10,85.95,91.95,97.15,97.30,97.90,100.00,99.10,99.25,100.00,93.30,87.45,99.75,96.95,96.05,92.45,87.20,91.10,96.40,98.05,95.05,100.15,97.00,100.15,108.85,108.45,109.80,113.00,116.25,113.95,108.80,105.65,104.00,108.70,108.80,106.35,98.05,95.80,90.10,90.95,88.50,83.35,78.85,74.75,79.55,86.10,77.85,81.50,91.30,98.35,101.35,108.75,110.55,114.90,125.15,116.25,129.85,127.00,124.55,116.35,118.45,126.30,131.95,133.55,130.90,132.60,132.15,136.40,137.70,131.40,135.85,131.20,127.25,122.20,126.35,130.00,131.70,131.00,129.50,127.80,126.75,126.85,124.85,125.20,126.15,123.75,127.15,128.40,126.35,130.05,129.30,129.80,131.90,133.40,129.40,125.85,119.95,119.55,123.90,122.55,120.85,116.75,116.35,116.95,122.15,123.10,122.45,122.70,121.30,120.40,121.25,115.00,114.35,113.50,105.70,106.05,104.55,101.75,103.30,102.65,103.95,103.90,97.65,95.80,91.30,89.00,90.60,87.00,86.40,85.00,88.45,85.90,83.85,84.30,84.55,84.00,93.70,93.70,93.70,93.70,93.70,93.70,93.70,93.70,93.70,93.70,93.70,93.70,93.70,93.70,93.70,87.60,86.65,84.30,85.30,83.90,82.05,79.65,82.70,85.70,84.55,82.00,76.85,73.60,53.10,43.40,47.55,39.75,28.05,26.95,30.00,25.25,31.20,35.00,47.80,62.20,105.95,121.50,152.05,147.85,167.95,155.35,170.10,177.00,185.30,177.55,167.20,138.10,140.10,126.35,134.15,130.75,125.05,122.30,141.05,136.80,140.40,144.55,148.75,152.60,145.85,146.10,151.50,148.95,147.55,146.95,137.90,126.90,128.80,137.90,125.55,117.95,115.75,112.75,120.40,122.10,124.15,127.20,124.65,126.85,123.25,121.70,127.15,127.35,127.10,137.30,136.25,138.10,139.45,148.15,149.25,150.65,154.05,147.80,150.30,145.80,136.40,130.35,127.40,127.25,128.45,136.40,147.45,145.35,139.80,143.65,138.70,140.05,142.50,134.00,125.10,128.25,138.50,139.40,135.80,142.95,145.40,141.90,142.05,130.30,121.00,105.35,107.95,115.00,129.35,134.10,148.45,149.45,143.60,144.55,152.25,148.25,144.90,146.20,141.50,154.95,158.50,156.35,148.70,152.00,149.95,143.90,138.85,144.30,145.45,151.50,143.25,137.30,123.85,120.40,123.00,112.55,112.25,121.15,129.15,124.00,119.25,122.35,118.50,113.50,103.50,102.60,107.95,109.90,117.10,121.70,126.15,141.60,143.10,146.65,148.20,152.60,150.30,153.80,155.80,156.35,151.65,148.30,146.25,148.00,150.95,155.80,151.90,145.65,148.05,143.45,152.00,149.10,137.85,120.50,114.95,121.25,123.55,122.15,117.40,129.00,138.30,141.85,148.00,128.70,143.00,138.95,130.30,120.70,118.20,134.35,136.85,131.70,135.85,135.25,143.05,152.50,155.05,157.80,161.40,158.55,168.00,162.00,172.35,170.60,176.00,179.30,185.45,186.95,190.15,194.20,194.50,186.60,186.85,178.15,188.00,183.30,188.00,185.20,177.60,178.35,176.45,175.95,177.15,175.10,177.85,180.70,188.30,180.85,179.45,170.05,170.25,173.20,169.60,169.35,164.65,164.75,173.25,172.70,175.45,174.90,178.15,181.80,182.90,187.20,185.50,188.85,189.85,198.85,202.40,202.75,206.15,203.25,202.65,203.05,205.50,213.15,213.05,209.80,209.85,215.30,211.05,212.80,211.35,212.15,215.30,212.20,216.30,217.45,214.70,214.70,214.70,214.70,214.70,214.70,214.70,214.70,214.70,214.70,214.70,214.70,214.70,214.70,214.70,218.35,208.15,205.45,211.80,209.45,218.35,217.15,214.90,213.75,216.20,216.65,216.50,217.05,219.15,221.05,222.60,219.20,218.80,213.15,213.65,217.10,217.95,215.35,215.70,220.95,222.75,226.55,220.60,218.05,210.45,210.65,208.05,208.60,216.50,209.15,198.15,196.75,192.65,188.45,186.75,184.70,186.45,180.05,191.20,190.10,197.90,191.85,186.40,188.85,190.15,192.50,185.00,189.00,185.50,175.15,179.35,185.75,180.95,181.70,182.90,180.70,180.85,175.35,173.40,171.70,172.05,172.90,173.35,172.50,167.95,164.05,159.80,159.20,158.85,156.60,151.35,147.30,144.80,144.80,135.60,135.50,131.30,136.05,137.15,139.70,134.55,139.50,143.55,139.30,150.85,151.75,149.65,153.05,147.95,146.80,152.05,153.25,157.55,168.50,164.45,165.80,161.75,155.70,159.75,158.70,148.00,148.10,137.50,141.70,133.65,136.20,135.45,136.10,137.60,146.20,151.55,159.55,164.00,168.10,171.65,174.40,171.50,177.35,184.65,182.40,174.40,173.60,179.10,176.10,179.85,183.65,183.80,184.80,184.20,184.05,179.30,172.90,176.10,171.80,169.70,167.00,153.25,152.35,145.65,148.35,149.05,151.10,150.30,143.30,137.70,145.35,140.15,142.80,139.70,139.55,141.45,145.55,144.75,140.05,135.45,137.40,136.80,136.25,135.85,144.95,147.10,144.80,140.40,141.90,145.90,150.00,163.00,169.50,169.20,167.00,167.85,170.80,171.65,167.90,164.75,179.20,172.75,178.60,181.40,171.50,154.45,167.80,151.55,142.10,150.45,150.30,146.95,152.85,159.30,164.45,170.00,176.20,169.90,174.40,178.80,177.70,187.65,193.20,189.40,199.80,206.65,199.15,199.65,200.50,200.65,208.40,205.15,195.70,196.25,201.95,203.70,203.90,205.65,208.90,213.70,216.20,230.80,235.35,233.80,249.10,239.80,238.30,243.00,242.75,242.25,243.05,245.70,243.10,240.75,239.30,240.15,240.95,238.40,236.45,233.00,223.20,228.60,235.10,235.50,237.70,233.50,236.60,241.10,237.25,236.95,233.55,237.90,238.30,239.00,236.55,235.35,238.25,234.65,234.70,237.65,233.80,236.25,241.95,237.90,235.10,236.60,234.55,236.40,240.15,242.70,243.20,242.65,241.65,250.95,250.95,250.95,250.95,250.95,250.95,250.95,250.95,250.95,250.95,250.95,250.95,250.95,250.95,250.95,241.90,245.55,242.45,240.55,243.00,247.15,244.60,246.55,242.10,243.40,239.75,251.60,248.15,250.05,250.15,251.35,252.85,253.05,253.40,255.55,240.00,241.85,239.80,243.25,235.85,234.35,241.45,247.95,238.95,240.50,241.20,248.15,242.20,227.20,220.70,218.30,212.80,214.10,213.35,206.90,201.75,199.30,194.20,192.50,190.75,189.10,190.05,193.50,187.95,192.95,196.60,193.65,195.65,190.25,196.10,200.75,212.90,213.80,217.45,219.00,220.30,220.60,216.55,215.70,213.05,213.45,218.20,211.50,207.75,210.05,211.45,206.05,207.75,210.35,214.40,215.85,216.70,217.65,220.15,217.65,215.35,212.60,211.70,210.20,213.70,210.65,210.60,208.25,213.15,210.60,209.40,202.05,201.45,203.20,207.85,217.35,218.10,214.40,207.70,219.55,212.00,216.25,230.90,237.65,234.30,236.35,236.55,234.70,237.80,244.70,241.05,235.65,236.60,233.70,231.05,235.45,233.10,237.55,238.60,245.05,238.40,233.85,238.05,238.15,239.20,246.85,259.05,253.55,263.90,262.25,264.90,267.45,263.80,266.40,266.10,263.05,258.00,258.20,260.05,257.85,257.85,262.10,257.55,241.90,237.45,237.35,237.15,236.85,244.55,243.55,239.65,246.85,247.15,247.25,246.05,249.30,243.45,248.90,255.60,268.75,282.20,287.25,292.10,284.65,287.85,290.35,281.55,288.75,300.85,293.55,301.25,299.85,295.40,281.30,271.35,273.65,260.75,257.45,246.70,257.95,244.90,252.30,267.05,281.25,286.30,292.95,285.15,289.30,300.35,310.25,297.10,310.75,309.75,318.80,312.95,310.25,314.25,317.60,318.10,319.90,320.70,319.70,322.05,318.90,316.90,319.00,306.75,300.05,292.75,298.05,293.10,292.95,303.30,310.60,315.60,313.05,319.80,330.65,330.95,335.35,339.15,345.75,336.40,334.55,346.10,341.25,338.35,344.35,340.65,338.85,339.55,338.00,336.70,340.55,338.95,341.45,343.55,353.30,350.80,352.00,351.45,351.50,354.70,349.60,352.15,353.90,354.10,354.70,350.35,361.50,360.65,360.20,355.40,354.05,359.35,356.90,358.35,354.85,351.80,353.70,361.70,370.95,372.50,360.20,360.85,358.40,349.05,348.10,347.05,347.85,347.90,344.55,344.65,346.20,346.20,346.20,346.20,346.20,346.20,346.20,346.20,346.20,346.20,346.20,346.20,346.20,346.20,346.20,346.25,346.95,346.65,348.70,345.35,341.90,342.35,342.35,342.45,344.20,345.00,342.80,341.50,341.60,343.10,343.30,339.90,339.50,337.15,337.35,338.50,339.50,335.10,342.50,344.50,347.15,338.10,328.90,334.30,331.35,332.80,329.75,329.35,332.75,328.50,322.30,322.35,320.65,317.15,314.50,312.20,308.40,301.40,313.55,310.90,310.55,310.65,319.15,321.45,325.00,321.55,325.20,321.60,321.65,324.55,328.70,324.20,321.15,317.60,319.85,319.05,311.25,316.10,317.20,320.75,316.90,323.45,323.75,322.95,320.25,315.20,308.85,305.90,308.25,304.10,303.35,303.35,303.55,305.10,304.15,304.50,302.80,305.50,302.15,303.85,299.85,298.55,298.90,301.30,307.30,307.00,308.60,312.20,313.00,312.50,323.55,318.45,318.10,319.75,318.90,318.90,315.85,310.60,308.15,310.35,312.85,311.50,320.05,315.10,309.75,305.00,302.15,297.30,296.05,300.65,310.15,315.10,319.90,321.90,325.45,324.90,330.35,324.35,322.25,324.20,326.70,326.00,325.20,322.05,317.70,313.15,310.30,307.90,308.20,312.75,310.55,305.20,298.00,297.90,301.35,300.15,298.35,298.00,294.10,294.80,294.30,294.45,293.75,293.10,293.95,298.55,297.00,296.05,288.70,288.60,288.35,286.50,285.75,293.40,288.45,297.25,302.40,300.55,301.70,309.50,315.10,314.60,311.30,308.70,304.95,307.55,305.45,301.65,319.65,326.20,324.40,337.40,339.10,344.65,348.00,336.30,354.50,352.10,350.20,348.55,365.55,378.45,382.60,386.00,392.80,407.25,418.35,423.10,436.45,427.80,432.80,440.90,447.65,452.15,442.10,448.75,451.20,466.05,465.70,464.25,472.15,485.35,486.20,486.20,484.65,490.70,497.00,492.25,493.30,488.10,491.60,491.60,481.50,473.90,488.80,489.05,497.20,493.50,495.60,492.45,500.25
116,1,2025.08.29 22:50:00,2025.09.01 04:09:58,Overlap/Close,5,5,22,Q55,3450.42000,3440.95000,3440.95000,3469.36000,0.05,14.20,300,-36.10,191100,0,14.20,11.55,-14.90,-16.55,-17.20,-14.60,-9.40,-1.55,-12.25,-11.60,-5.25,-12.25,-22.40,-22.40,-22.40,-22.40,-22.40,-22.40,-22.40,-22.40,-22.40,-22.40,-22.40,-22.40,-22.40,-22.40,-22.40,-22.40,-22.40,-22.40,-22.40,-22.40,-22.40,-22.40,-22.40,-22.40,-22.40,-22.40,-22.40,-22.40,-22.40,-22.40,-22.40,-22.40,-22.40,-22.40,-22.40,-22.40,-22.40,-22.40,-22.40,-22.40,-22.40,-22.40,-22.40,-22.40,-22.40,-22.40,-22.40,-22.40,-22.40,-22.40,-22.40,-22.40,-22.40,-22.40,-22.40,-22.40,-22.40,-22.40,-22.40,-22.40,-22.40,-22.40,-22.40,-22.40,-22.40,-22.40,-22.40,-22.40,-22.40,-22.40,-22.40,-22.40,-22.40,-22.40,-22.40,-22.40,-22.40,-22.40,-22.40,-22.40,-22.40,-22.40,-22.40,-22.40,-22.40,-22.40,-22.40,-22.40,-22.40,-22.40,-22.40,-22.40,-22.40,-22.40,-22.40,-22.40,-22.40,-22.40,-22.40,-22.40,-22.40,-22.40,-22.40,-22.40,-22.40,-22.40,-22.40,-22.40,-22.40,-22.40,-22.40,-22.40,-22.40,-22.40,-22.40,-22.40,-22.40,-22.40,-22.40,-22.40,-22.40,-22.40,-22.40,-22.40,-22.40,-22.40,-22.40,-22.40,-22.40,-22.40,-22.40,-22.40,-22.40,-22.40,-22.40,-22.40,-22.40,-22.40,-22.40,-22.40,-22.40,-22.40,-22.40,-22.40,-22.40,-22.40,-22.40,-22.40,-22.40,-22.40,-22.40,-22.40,-22.40,-22.40,-22.40,-22.40,-22.40,-22.40,-22.40,-22.40,-22.40,-22.40,-22.40,-22.40,-22.40,-22.40,-22.40,-22.40,-22.40,-22.40,-22.40,-22.40,-22.40,-22.40,-22.40,-22.40,-22.40,-22.40,-22.40,-22.40,-22.40,-22.40,-22.40,-22.40,-22.40,-22.40,-22.40,-22.40,-22.40,-22.40,-22.40,-22.40,-22.40,-22.40,-22.40,-22.40,-22.40,-22.40,-22.40,-22.40,-22.40,-22.40,-22.40,-22.40,-22.40,-22.40,-22.40,-22.40,-22.40,-22.40,-22.40,-22.40,-22.40,-22.40,-22.40,-22.40,-22.40,-22.40,-22.40,-22.40,-22.40,-22.40,-22.40,-22.40,-22.40,-22.40,-22.40,-22.40,-22.40,-22.40,-22.40,-22.40,-22.40,-22.40,-22.40,-22.40,-22.40,-22.40,-22.40,-22.40,-22.40,-22.40,-22.40,-22.40,-22.40,-22.40,-22.40,-22.40,-22.40,-22.40,-22.40,-22.40,-22.40,-22.40,-22.40,-22.40,-22.40,-22.40,-22.40,-22.40,-22.40,-22.40,-22.40,-22.40,-22.40,-22.40,-22.40,-22.40,-22.40,-22.40,-22.40,-22.40,-22.40,-22.40,-22.40,-22.40,-22.40,-22.40,-22.40,-22.40,-22.40,-22.40,-22.40,-22.40,-22.40,-22.40,-22.40,-22.40,-22.40,-22.40,-22.40,-22.40,-22.40,-22.40,-22.40,-22.40,-22.40,-22.40,-22.40,-22.40,-22.40,-22.40,-22.40,-22.40,-22.40,-22.40,-22.40,-22.40,-22.40,-22.40,-22.40,-22.40,-22.40,-22.40,-22.40,-22.40,-22.40,-22.40,-22.40,-22.40,-22.40,-22.40,-22.40,-22.40,-22.40,-22.40,-22.40,-22.40,-22.40,-22.40,-22.40,-22.40,-22.40,-22.40,-22.40,-22.40,-22.40,-22.40,-22.40,-22.40,-22.40,-22.40,-22.40,-22.40,-22.40,-22.40,-22.40,-22.40,-22.40,-22.40,-22.40,-22.40,-22.40,-22.40,-22.40,-22.40,-22.40,-22.40,-22.40,-22.40,-22.40,-22.40,-22.40,-22.40,-22.40,-22.40,-22.40,-22.40,-22.40,-22.40,-22.40,-22.40,-22.40,-22.40,-22.40,-22.40,-22.40,-22.40,-22.40,-22.40,-22.40,-22.40,-22.40,-22.40,-22.40,-22.40,-22.40,-22.40,-22.40,-22.40,-22.40,-22.40,-22.40,-22.40,-22.40,-22.40,-22.40,-22.40,-22.40,-22.40,-22.40,-22.40,-22.40,-22.40,-22.40,-22.40,-22.40,-22.40,-22.40,-22.40,-22.40,-22.40,-22.40,-22.40,-22.40,-22.40,-22.40,-22.40,-22.40,-22.40,-22.40,-22.40,-22.40,-22.40,-22.40,-22.40,-22.40,-22.40,-22.40,-22.40,-22.40,-22.40,-22.40,-22.40,-22.40,-22.40,-22.40,-22.40,-22.40,-22.40,-22.40,-22.40,-22.40,-22.40,-22.40,-22.40,-22.40,-22.40,-22.40,-22.40,-22.40,-22.40,-22.40,-22.40,-22.40,-22.40,-22.40,-22.40,-22.40,-22.40,-22.40,-22.40,-22.40,-22.40,-22.40,-22.40,-22.40,-22.40,-22.40,-22.40,-22.40,-22.40,-22.40,-22.40,-22.40,-22.40,-22.40,-22.40,-22.40,-22.40,-22.40,-22.40,-22.40,-22.40,-22.40,-22.40,-22.40,-22.40,-22.40,-22.40,-22.40,-22.40,-22.40,-22.40,-22.40,-22.40,-22.40,-22.40,-22.40,-22.40,-22.40,-22.40,-22.40,-22.40,-22.40,-22.40,-22.40,-22.40,-22.40,-22.40,-22.40,-22.40,-22.40,-22.40,-22.40,-22.40,-22.40,-22.40,-22.40,-22.40,-22.40,-22.40,-22.40,-22.40,-22.40,-22.40,-22.40,-22.40,-22.40,-22.40,-22.40,-22.40,-22.40,-22.40,-22.40,-22.40,-22.40,-22.40,-22.40,-22.40,-22.40,-22.40,-22.40,-22.40,-22.40,-22.40,-22.40,-22.40,-22.40,-22.40,-22.40,-22.40,-22.40,-22.40,-22.40,-22.40,-22.40,-22.40,-22.40,-22.40,-22.40,-22.40,-22.40,-22.40,-22.40,-22.40,-22.40,-22.40,-22.40,-22.40,-22.40,-22.40,-22.40,-22.40,-22.40,-22.40,-22.40,-22.40,-22.40,-22.40,-22.40,-22.40,-22.40,-22.40,-22.40,-22.40,-22.40,-22.40,-22.40,-22.40,-22.40,-35.50,-23.40,-21.40,-18.35,-12.15,4.15,1.50,-3.20,-3.70,-1.05,-0.60,-0.60,-3.45,-7.70,-17.85,-16.20,-18.55,-18.50,-23.35,-25.35,-19.65,-9.45,-12.75,-28.55,-32.80,-34.15,-32.05,-32.30,-25.45,-30.05,-28.75,-34.15,-33.50,-36.10,-31.80,-34.80
118,1,2025.09.01 06:25:00,2025.09.02 19:39:58,Asian,1,1,6,Q53,3473.47000,3527.49000,3446.46000,3527.49000,0.05,268.15,133800,-31.25,32400,0,-9.15,3.35,9.35,2.80,8.40,2.20,6.00,3.75,5.15,7.15,8.25,23.45,3.30,0.10,8.30,6.75,8.05,11.25,8.10,16.65,20.50,5.40,17.50,16.25,23.50,35.55,17.25,15.70,33.80,32.55,19.05,26.65,34.30,44.10,47.35,62.20,60.15,67.70,75.05,72.45,71.10,60.05,29.30,18.75,25.05,11.40,4.90,0.45,-6.55,-13.80,-20.40,-10.75,-3.60,7.40,22.00,23.30,8.10,19.25,25.10,23.40,27.85,26.55,19.10,22.35,24.85,17.80,17.65,8.45,-0.50,4.55,-1.75,-7.00,-9.50,-19.70,-15.10,-20.15,-18.10,-24.55,-19.85,-23.10,-9.40,-17.60,-16.45,-8.00,-11.75,-9.10,-13.70,-14.10,-17.70,-17.25,-14.85,-17.00,-12.90,-14.20,-14.50,-11.60,-10.60,-9.55,-8.20,-13.15,-27.55,-16.15,-17.15,-12.30,-22.15,-17.20,-19.95,-31.25,-18.50,-18.00,-20.30,-20.55,-16.35,-16.70,-19.55,-9.25,20.10,19.75,15.05,12.25,22.05,23.80,10.55,18.05,19.30,22.40,9.15,11.00,11.65,22.95,28.70,27.65,22.00,16.95,17.10,5.60,10.25,16.80,10.55,16.45,17.75,24.55,21.75,16.85,9.95,13.90,7.80,9.85,4.85,5.70,3.00,-0.20,-2.80,1.50,1.20,5.20,3.30,8.80,9.20,14.05,17.10,19.95,19.45,18.85,18.20,18.30,14.90,19.60,20.85,24.35,23.85,23.35,21.80,22.00,22.20,18.60,19.05,16.00,19.10,17.50,14.70,14.70,14.70,14.70,14.70,14.70,14.70,14.70,14.70,14.70,14.70,14.70,14.70,14.70,14.70,14.70,14.70,14.70,14.70,14.70,14.70,14.70,14.70,14.70,14.70,14.70,14.70,14.70,14.70,14.70,14.70,14.70,14.70,14.70,14.70,14.70,14.70,14.70,14.70,14.70,14.70,14.70,14.70,14.70,19.25,20.55,22.25,22.55,24.75,27.65,23.05,20.45,20.35,11.45,9.55,19.65,16.25,16.05,20.40,32.60,22.90,23.80,32.20,29.00,37.00,34.80,28.65,37.60,42.75,38.50,40.70,40.95,47.75,52.55,44.00,34.65,27.80,32.80,28.95,30.05,47.70,76.40,98.90,104.75,120.10,122.45,126.30,144.40,101.65,97.05,121.60,116.20,125.60,102.95,104.55,96.75,97.00,98.05,105.40,121.95,114.80,111.40,114.25,109.85,105.45,104.95,93.15,100.80,99.25,89.40,96.85,97.20,102.20,108.85,108.10,103.65,107.00,108.85,104.65,103.95,104.15,110.45,116.75,122.95,120.70,115.15,116.10,109.75,113.35,110.60,113.50,105.35,99.50,105.65,117.75,113.15,108.35,103.95,99.50,98.50,93.55,84.95,78.50,68.15,60.80,75.95,78.20,61.50,52.60,53.35,62.45,64.60,62.10,51.15,50.40,42.00,52.00,40.20,40.25,53.35,37.75,5.10,16.85,-3.65,-5.45,18.05,18.35,16.45,17.50,22.25,26.15,31.00,28.80,14.40,20.75,23.70,13.05,18.40,28.15,28.80,31.65,24.40,23.60,21.10,21.95,19.85,16.45,14.00,35.75,38.15,41.05,36.10,33.30,39.55,56.25,49.40,49.10,52.05,61.40,61.60,57.55,50.45,39.50,37.85,29.50,33.10,43.95,53.60,60.95,67.05,81.15,98.60,89.05,85.55,59.10,50.55,49.85,40.40,7.40,16.10,22.55,57.65,46.45,38.85,41.50,48.90,44.55,41.70,59.30,47.00,61.45,80.90,71.50,70.40,79.85,96.75,120.95,122.05,130.40,136.10,143.95,132.35,150.10,186.85,183.80,188.75,189.50,197.05,209.90,191.05,198.40,194.00,197.90,200.10,196.20,204.85,221.50,218.50,234.50,234.90,249.65,263.85,245.65,252.00,256.55,268.15
120,1,2025.09.02 19:40:00,2025.09.03 18:34:58,New York,2,1,19,Q53,3528.33000,3565.83000,3509.58000,3565.83000,0.05,182.10,78300,-23.85,1500,0,-11.05,-10.50,-1.00,-2.95,-23.85,-19.15,-4.70,-7.05,-4.00,-0.65,-6.95,-13.05,-8.80,-5.65,-4.00,5.30,1.65,6.10,4.60,3.70,5.30,7.90,13.15,14.65,4.90,-4.35,-10.10,-0.00,16.90,29.50,37.60,44.85,45.85,40.90,44.60,57.30,53.60,53.90,28.15,45.35,43.05,42.25,36.40,25.75,33.00,40.60,41.05,37.90,33.45,37.60,21.40,21.40,21.40,21.40,21.40,21.40,21.40,21.40,21.40,21.40,21.40,21.40,21.40,21.40,21.40,27.20,24.65,26.55,28.70,22.80,17.80,11.20,5.30,6.70,8.25,5.60,9.25,6.55,1.55,6.90,1.20,-2.45,-2.45,-6.65,-9.15,2.05,22.70,7.45,0.40,10.10,11.75,30.20,79.60,44.25,47.25,64.90,59.80,67.05,63.25,38.90,49.75,41.85,47.15,22.30,36.35,44.55,62.60,45.80,45.70,44.85,50.50,51.85,67.30,67.45,58.20,75.50,66.00,62.05,58.45,46.55,49.60,46.35,27.60,17.00,21.90,15.05,12.60,21.75,15.15,13.40,7.45,11.95,9.80,22.85,14.55,12.45,19.40,18.30,18.70,24.30,27.35,29.45,35.80,42.60,45.35,48.50,40.95,42.65,36.85,39.60,36.90,27.30,24.40,31.80,20.85,31.15,21.10,18.70,9.80,7.95,22.65,14.30,23.80,16.10,23.15,24.85,40.45,32.65,42.80,40.75,31.20,34.60,28.15,30.80,33.20,11.45,10.80,18.35,35.20,35.90,29.90,34.85,31.30,27.40,46.20,50.95,41.20,44.70,51.20,62.85,41.10,52.15,51.40,60.85,56.70,58.70,59.55,62.50,58.90,55.60,56.40,49.55,43.25,41.45,44.65,42.45,35.70,30.55,31.35,31.75,25.80,35.20,33.75,42.25,47.95,43.05,33.80,52.90,60.15,58.45,73.30,72.00,89.80,88.45,87.35,87.35,102.55,98.30,102.20,95.05,90.35,96.35,103.10,95.00,87.10,68.10,83.35,94.30,100.80,95.25,85.50,92.05,101.65,110.20,120.15,136.80,142.15,145.60,141.35,161.30,145.40,125.80,116.65,123.05,126.60,127.75,136.70,130.85,125.95,153.15,182.10,174.90,164.80,164.10,167.40,163.85,133.85,150.80,154.70,166.10,175.15,175.55,178.80,180.65
122,1,2025.09.03 18:45:00,2025.09.04 04:34:57,New York,3,1,18,Q67,3564.07000,3551.43000,3551.43000,3589.35000,0.05,70.45,9000,-59.05,35100,0,-4.60,0.80,-0.75,-2.60,0.55,6.20,4.80,10.65,18.65,15.40,16.95,24.50,26.75,27.15,41.90,40.00,33.70,40.85,39.55,36.15,38.25,47.80,47.85,51.50,55.40,57.20,52.30,55.95,65.95,70.45,65.10,63.60,53.45,32.45,18.90,26.55,31.80,33.65,31.65,27.95,36.20,27.00,6.25,-8.35,-1.10,-1.30,-4.35,-2.40,-6.60,-3.65,-2.25,-8.20,-2.95,-0.75,6.35,7.00,1.75,-1.45,-11.90,-8.70,-16.75,-18.85,-18.85,-18.85,-18.85,-18.85,-18.85,-18.85,-18.85,-18.85,-18.85,-18.85,-18.85,-18.85,-18.85,-18.85,-19.35,-20.00,-18.70,-11.45,-2.65,-8.75,-6.45,-8.10,-8.85,-5.10,-11.55,-21.40,-26.55,-44.55,-24.55,-24.10,-30.25,-35.60,-31.85,-28.05,-31.35,-27.35,-16.70,-26.25,-45.55,-36.45,-35.25,-29.65,-19.55,-27.55,-32.60,-31.05,-26.00,-19.30,-11.80,-20.30,-21.10,-14.10,-40.05,-51.75,-59.05
124,1,2025.09.04 10:40:00,2025.09.05 15:34:58,London,4,1,10,Q66,3539.88000,3570.56000,3524.54000,3570.56000,0.05,100.05,77100,-15.05,23100,0,-1.25,-3.25,0.15,6.50,17.20,23.90,21.65,19.45,0.55,16.95,7.30,6.85,11.55,-3.90,-6.25,6.70,17.65,9.00,19.95,14.05,10.50,-4.20,-1.95,-0.90,2.25,-3.30,-10.05,-5.65,3.10,33.00,26.90,11.00,2.45,4.35,8.70,8.85,1.95,-2.60,6.30,4.95,-7.90,-1.20,0.15,-4.45,-3.10,0.35,2.95,25.15,23.20,33.65,28.70,28.20,34.55,42.05,40.30,38.75,31.40,31.00,26.70,28.25,29.80,32.55,31.20,42.20,15.75,19.60,30.50,48.60,63.95,62.90,71.85,89.45,56.00,26.10,30.35,18.15,-15.05,5.95,24.85,-5.00,-10.90,9.85,8.90,20.30,26.40,6.30,18.95,30.00,31.95,42.55,35.40,38.70,22.45,21.65,35.75,42.15,50.60,54.20,61.45,66.10,64.25,64.25,69.75,71.35,63.50,66.05,68.15,62.30,60.15,48.35,62.35,63.15,69.00,75.20,61.20,61.45,55.90,46.50,32.15,30.10,32.65,20.10,19.35,15.25,22.10,23.20,18.45,17.50,22.65,28.65,31.35,37.65,34.85,37.65,35.85,32.20,30.90,30.55,37.70,46.25,49.90,46.90,48.10,54.75,51.80,50.35,47.40,50.60,52.75,46.55,48.25,48.45,44.00,49.20,43.35,23.60,25.25,25.70,27.80,27.80,27.80,27.80,27.80,27.80,27.80,27.80,27.80,27.80,27.80,27.80,27.80,27.80,27.80,13.15,3.00,5.45,16.85,10.90,14.00,13.65,2.55,2.65,6.10,4.70,10.75,6.05,9.30,20.35,13.05,14.40,37.50,43.95,54.85,63.40,71.30,63.75,74.45,61.70,55.20,54.85,62.65,56.90,70.10,65.75,59.00,61.25,57.50,61.10,71.95,68.60,61.70,71.85,74.05,76.30,72.05,68.30,67.65,56.70,52.30,62.75,66.15,68.35,57.95,63.20,57.25,51.60,38.55,45.80,51.90,49.45,56.50,54.30,45.05,71.75,70.55,67.95,73.45,76.65,87.55,88.00,89.60,90.45,92.65,92.60,84.70,89.85,88.45,91.20,91.75,89.25,85.65,93.45,93.20,88.80,92.30,93.10,100.05,94.45,87.95,88.75,81.55,86.05,90.40,91.90,80.95,92.25,83.80,89.80,83.70,72.70,56.45,58.85,45.70,57.40,66.80,64.70,63.60,61.90,63.10,64.05,60.05,67.00,52.05,46.35,52.20,46.25,47.15,39.90,51.35,45.70,42.95,40.55,42.30,37.50,34.90,30.05,39.55,46.75,43.45,40.35,44.20,38.70,30.65,30.80,45.85,45.70,45.60,54.75,48.00,43.15,44.30,53.20,58.50,57.45,64.15,62.15,55.50,56.70,53.45,55.95,57.35,61.95,55.65,53.00,53.40,60.10,63.15,59.60,66.70,66.70,63.45,56.90,51.50,44.95,45.40,57.05,57.80,51.85,49.20,66.80,56.75,65.85,58.05,63.75,64.15,74.15
126,1,2025.09.05 17:00:00,2025.09.15 19:29:58,New York,5,1,17,Q55,3594.34000,3683.66000,3549.68000,3683.66000,0.05,440.40,872700,-90.50,2400,0,13.80,-4.25,-6.60,-22.90,-43.30,-72.80,-58.60,-90.50,-70.30,-53.30,-54.95,-21.45,-14.10,-38.45,-49.80,-44.70,-24.50,-24.35,-20.80,-15.25,-3.00,2.05,0.60,-11.05,6.30,14.90,14.40,17.45,24.75,25.55,23.15,-1.30,2.85,15.05,6.25,5.40,-5.05,-9.55,-7.45,-7.40,5.05,8.05,9.75,1.90,5.85,7.35,11.55,10.35,9.50,7.85,-7.65,2.10,4.90,0.50,-5.70,-1.85,0.75,5.10,5.30,5.70,6.40,2.35,-6.30,-2.20,3.05,-3.40,-2.50,-7.50,-5.40,3.05,3.95,3.35,-23.65,-14.30,-22.30,-25.45,-19.90,-21.10,-26.35,-24.60,-22.80,-33.70,-10.30,-10.30,-10.30,-10.30,-10.30,-10.30,-10.30,-10.30,-10.30,-10.30,-10.30,-10.30,-10.30,-10.30,-10.30,-10.30,-10.30,-10.30,-10.30,-10.30,-10.30,-10.30,-10.30,-10.30,-10.30,-10.30,-10.30,-10.30,-10.30,-10.30,-10.30,-10.30,-10.30,-10.30,-10.30,-10.30,-10.30,-10.30,-10.30,-10.30,-10.30,-10.30,-10.30,-10.30,-10.30,-10.30,-10.30,-10.30,-10.30,-10.30,-10.30,-10.30,-10.30,-10.30,-10.30,-10.30,-10.30,-10.30,-10.30,-10.30,-10.30,-10.30,-10.30,-10.30,-10.30,-10.30,-10.30,-10.30,-10.30,-10.30,-10.30,-10.30,-10.30,-10.30,-10.30,-10.30,-10.30,-10.30,-10.30,-10.30,-10.30,-10.30,-10.30,-10.30,-10.30,-10.30,-10.30,-10.30,-10.30,-10.30,-10.30,-10.30,-10.30,-10.30,-10.30,-10.30,-10.30,-10.30,-10.30,-10.30,-10.30,-10.30,-10.30,-10.30,-10.30,-10.30,-10.30,-10.30,-10.30,-10.30,-10.30,-10.30,-10.30,-10.30,-10.30,-10.30,-10.30,-10.30,-10.30,-10.30,-10.30,-10.30,-10.30,-10.30,-10.30,-10.30,-10.30,-10.30,-10.30,-10.30,-10.30,-10.30,-10.30,-10.30,-10.30,-10.30,-10.30,-10.30,-10.30,-10.30,-10.30,-10.30,-10.30,-10.30,-10.30,-10.30,-10.30,-10.30,-10.30,-10.30,-10.30,-10.30,-10.30,-10.30,-10.30,-10.30,-10.30,-10.30,-10.30,-10.30,-10.30,-10.30,-10.30,-10.30,-10.30,-10.30,-10.30,-10.30,-10.30,-10.30,-10.30,-10.30,-10.30,-10.30,-10.30,-10.30,-10.30,-10.30,-10.30,-10.30,-10.30,-10.30,-10.30,-10.30,-10.30,-10.30,-10.30,-10.30,-10.30,-10.30,-10.30,-10.30,-10.30,-10.30,-10.30,-10.30,-10.30,-10.30,-10.30,-10.30,-10.30,-10.30,-10.30,-10.30,-10.30,-10.30,-10.30,-10.30,-10.30,-10.30,-10.30,-10.30,-10.30,-10.30,-10.30,-10.30,-10.30,-10.30,-10.30,-10.30,-10.30,-10.30,-10.30,-10.30,-10.30,-10.30,-10.30,-10.30,-10.30,-10.30,-10.30,-10.30,-10.30,-10.30,-10.30,-10.30,-10.30,-10.30,-10.30,-10.30,-10.30,-10.30,-10.30,-10.30,-10.30,-10.30,-10.30,-10.30,-10.30,-10.30,-10.30,-10.30,-10.30,-10.30,-10.30,-10.30,-10.30,-10.30,-10.30,-10.30,-10.30,-10.30,-10.30,-10.30,-10.30,-10.30,-10.30,-10.30,-10.30,-10.30,-10.30,-10.30,-10.30,-10.30,-10.30,-10.30,-10.30,-10.30,-10.30,-10.30,-10.30,-10.30,-10.30,-10.30,-10.30,-10.30,-10.30,-10.30,-10.30,-10.30,-10.30,-10.30,-10.30,-10.30,-10.30,-10.30,-10.30,-10.30,-10.30,-10.30,-10.30,-10.30,-10.30,-10.30,-10.30,-10.30,-10.30,-10.30,-10.30,-10.30,-10.30,-10.30,-10.30,-10.30,-10.30,-10.30,-10.30,-10.30,-10.30,-10.30,-10.30,-10.30,-10.30,-10.30,-10.30,-10.30,-10.30,-10.30,-10.30,-10.30,-10.30,-10.30,-10.30,-10.30,-10.30,-10.30,-10.30,-10.30,-10.30,-10.30,-10.30,-10.30,-10.30,-10.30,-10.30,-10.30,-10.30,-10.30,-10.30,-10.30,-10.30,-10.30,-10.30,-10.30,-10.30,-10.30,-10.30,-10.30,-10.30,-10.30,-10.30,-10.30,-10.30,-10.30,-10.30,-10.30,-10.30,-10.30,-10.30,-10.30,-10.30,-10.30,-10.30,-10.30,-10.30,-10.30,-10.30,-10.30,-10.30,-10.30,-10.30,-10.30,-10.30,-10.30,-10.30,-10.30,-10.30,-10.30,-10.30,-10.30,-10.30,-10.30,-10.30,-10.30,-10.30,-10.30,-10.30,-10.30,-10.30,-10.30,-10.30,-10.30,-10.30,-10.30,-10.30,-10.30,-10.30,-10.30,-10.30,-10.30,-10.30,-10.30,-10.30,-10.30,-10.30,-10.30,-10.30,-10.30,-10.30,-10.30,-10.30,-10.30,-10.30,-10.30,-10.30,-10.30,-10.30,-10.30,-10.30,-10.30,-10.30,-10.30,-10.30,-10.30,-10.30,-10.30,-10.30,-10.30,-10.30,-10.30,-10.30,-10.30,-10.30,-10.30,-10.30,-10.30,-10.30,-10.30,-10.30,-10.30,-10.30,-10.30,-10.30,-10.30,-10.30,-10.30,-10.30,-10.30,-10.30,-10.30,-10.30,-10.30,-10.30,-10.30,-10.30,-10.30,-10.30,-10.30,-10.30,-10.30,-10.30,-10.30,-10.30,-10.30,-10.30,-10.30,-10.30,-10.30,-10.30,-10.30,-10.30,-10.30,-10.30,-10.30,-10.30,-10.30,-10.30,-10.30,-10.30,-10.30,-10.30,-10.30,-10.30,-10.30,-10.30,-10.30,-10.30,-10.30,-10.30,-10.30,-10.30,-10.30,-10.30,-10.30,-10.30,-10.30,-10.30,-10.30,-10.30,-10.30,-10.30,-10.30,-10.30,-10.30,-10.30,-10.30,-10.30,-10.30,-10.30,-10.30,-10.30,-10.30,-10.30,-10.30,-10.30,-10.30,-10.30,-10.30,-10.30,-10.30,-10.30,-10.30,-10.30,-10.30,-10.30,-10.30,-10.30,-10.30,-10.30,-10.30,-10.30,-10.30,-10.30,-10.30,-10.30,-10.30,-10.30,-10.30,-10.30,-10.30,-10.30,-10.30,-10.30,-10.30,-10.30,-10.30,-10.30,-10.30,-10.30,-10.30,-10.30,-10.30,-10.30,-10.30,-10.30,-10.30,-10.30,-10.30,-10.30,-10.30,-10.30,-10.30,-10.30,-10.30,-10.30,-10.30,-10.30,-10.30,-10.30,-10.30,-10.30,-10.30,-10.30,-10.30,-10.30,-10.30,-10.30,-10.30,-10.30,-10.30,-10.30,-1.20,-19.00,-6.50,-8.05,-3.25,-5.95,-15.95,-7.35,-6.85,-9.65,-10.70,-16.90,-11.80,-28.80,-21.50,-24.85,-23.65,-19.40,-17.45,-16.65,-12.95,-10.25,-15.40,-32.60,-25.10,-25.25,-24.50,-21.95,-23.40,-33.65,-26.00,-21.30,-28.05,-9.80,-0.55,3.30,-32.65,-23.95,-42.95,-30.80,-42.15,-32.20,-33.25,-34.20,-37.45,-27.25,-23.65,-14.75,-19.80,-33.15,-29.00,-17.80,-19.55,-11.20,-17.85,-34.60,-24.50,-21.35,-18.15,-15.85,-19.35,-34.65,-31.05,-34.10,-46.50,-39.00,-42.10,-51.20,-54.75,-53.05,-54.05,-54.90,-57.25,-61.75,-56.60,-58.20,-54.20,-58.15,-63.80,-64.40,-61.55,-58.50,-64.80,-56.40,-52.75,-62.05,-55.90,-53.15,-57.40,-52.55,-35.50,-35.10,-29.00,-22.15,-15.70,-18.85,-17.25,-1.10,-18.00,-10.40,0.30,-2.70,3.05,16.35,10.85,12.40,18.60,28.65,30.05,51.35,69.80,64.70,72.75,83.35,93.65,93.80,69.55,65.15,75.85,72.30,67.75,73.05,92.70,101.00,91.80,91.30,94.65,90.80,96.00,83.50,84.80,83.95,90.35,92.70,92.85,95.00,84.85,88.55,97.05,100.35,100.80,97.90,98.00,104.25,103.00,132.65,122.25,116.75,122.05,116.75,115.60,116.40,109.80,99.30,113.30,107.35,107.85,108.70,111.15,109.60,112.65,110.75,105.60,99.90,105.15,120.65,127.70,134.50,111.75,117.65,109.55,104.30,118.25,119.05,123.75,129.10,130.85,147.90,150.10,157.45,171.80,182.00,158.25,155.80,150.35,157.30,150.00,187.25,196.15,196.10,195.90,201.45,213.70,201.35,191.70,181.80,179.85,184.35,201.50,208.45,215.25,223.65,232.05,250.40,248.25,255.65,240.50,237.80,211.20,211.75,201.05,208.60,228.20,227.05,224.80,218.05,225.25,226.75,229.15,229.50,234.40,228.30,214.55,225.70,223.65,230.20,231.20,212.05,206.20,201.90,205.65,204.70,210.35,211.30,212.35,201.45,202.00,200.85,195.25,192.65,200.85,198.70,200.10,196.50,196.20,196.10,198.60,202.25,203.05,206.30,208.50,205.55,205.95,201.10,192.75,196.95,195.40,192.55,206.95,207.05,205.55,210.95,210.90,211.00,209.15,207.65,206.10,204.75,203.45,207.05,208.70,213.35,214.50,208.90,208.90,208.90,208.90,208.90,208.90,208.90,208.90,208.90,208.90,208.90,208.90,208.90,208.90,208.90,210.25,199.60,202.00,199.25,189.45,174.80,177.90,180.95,182.80,180.60,176.50,177.35,185.35,180.50,172.80,182.10,183.85,186.55,178.90,182.30,188.45,203.85,203.45,202.40,196.50,213.80,221.90,227.15,212.30,216.95,221.00,216.90,224.30,227.20,221.25,233.50,211.10,227.05,243.25,238.35,250.95,246.05,252.85,247.55,261.60,255.60,260.20,256.15,294.35,284.70,289.10,292.90,296.95,289.70,295.15,292.70,286.20,265.30,266.15,279.45,264.15,270.15,267.15,268.25,272.00,261.80,245.75,254.55,259.80,252.85,258.10,263.70,269.70,270.45,270.10,280.85,286.65,291.45,295.75,304.50,305.05,307.10,302.35,306.20,310.85,304.25,293.70,306.80,301.10,307.25,317.70,312.80,318.65,318.80,305.60,281.95,225.75,244.30,240.85,230.75,221.55,232.25,254.45,275.80,258.10,261.00,268.70,266.45,262.25,263.65,260.60,270.55,281.40,277.75,267.85,254.30,251.45,246.50,247.60,252.00,250.25,242.85,246.30,253.80,255.60,260.00,264.20,279.85,271.85,264.80,269.30,272.55,279.60,304.10,305.30,305.45,297.05,297.85,298.20,299.10,291.75,296.80,297.15,300.75,291.55,297.00,293.05,295.15,294.10,288.25,282.55,280.50,274.50,284.80,287.70,292.65,291.50,292.65,296.65,288.00,292.35,289.35,294.70,293.90,281.60,281.25,268.75,282.80,294.65,300.05,291.25,277.70,274.50,271.80,256.80,261.15,256.55,266.05,265.95,292.70,280.50,293.65,297.25,311.25,331.30,347.60,351.50,344.10,362.25,352.15,358.45,328.15,270.90,284.60,271.75,293.40,294.70,238.00,236.50,260.80,252.40,255.85,254.95,234.55,237.45,204.30,191.80,225.90,229.15,221.40,221.05,244.50,251.80,244.75,255.20,253.90,270.20,272.95,260.50,261.25,258.70,265.80,260.30,254.75,265.25,261.75,253.00,255.45,255.35,248.70,248.55,256.50,246.65,245.25,241.25,238.70,241.90,246.15,242.20,243.85,247.70,248.65,249.85,244.50,247.75,242.35,239.40,232.95,228.70,229.90,230.55,233.95,229.60,206.60,206.10,206.20,206.25,207.95,197.55,193.35,180.45,189.30,176.15,179.15,186.65,181.30,184.15,185.40,189.55,185.80,170.00,170.95,175.45,164.45,144.90,144.90,144.90,144.90,144.90,144.90,144.90,144.90,144.90,144.90,144.90,144.90,144.90,165.80,176.60,178.60,156.95,157.50,149.45,163.75,167.10,185.85,188.75,204.35,205.75,205.35,204.45,223.50,220.20,229.00,219.00,215.75,210.55,212.85,211.00,200.70,196.20,185.30,188.80,180.10,177.35,169.15,165.35,173.05,157.50,159.25,144.50,139.50,147.95,152.15,158.05,163.15,152.00,150.70,133.50,163.95,170.60,167.25,171.60,186.65,182.30,185.90,195.10,198.25,195.20,200.10,195.25,186.85,198.35,207.65,211.30,211.95,208.70,210.25,198.35,199.40,204.95,201.90,200.75,200.90,208.00,208.05,205.95,209.50,210.90,223.00,231.65,234.15,232.35,232.55,234.15,237.70,234.80,238.70,241.95,244.20,243.20,245.95,248.60,243.50,239.60,248.20,249.40,241.20,234.95,238.25,240.10,237.55,243.10,235.00,249.20,259.65,262.45,257.55,247.60,238.55,240.45,252.85,255.75,255.15,246.90,261.75,256.85,263.50,260.25,257.40,246.20,244.70,254.05,253.30,261.45,257.45,250.10,243.20,255.05,252.95,250.55,243.10,252.65,251.15,252.10,256.45,257.70,257.95,257.55,257.45,258.15,259.30,257.40,258.65,259.00,266.20,276.30,283.75,300.05,305.40,303.60,299.50,298.40,297.00,291.70,305.85,300.60,305.70,313.15,302.60,310.15,313.55,304.70,283.60,300.50,301.05,307.05,309.40,302.60,293.20,287.70,273.65,277.95,272.90,274.70,277.25,274.80,269.75,276.60,272.60,268.85,289.00,279.25,283.25,250.50,249.05,247.95,260.90,264.60,258.35,263.05,264.90,263.40,285.60,277.60,278.60,279.05,279.15,284.60,293.60,291.05,297.70,302.80,288.05,290.90,302.90,301.40,271.80,252.80,249.25,266.50,253.70,257.00,268.90,263.05,230.60,250.05,257.50,264.00,264.05,266.50,266.10,250.70,247.30,241.35,244.80,250.80,245.60,234.10,228.95,235.15,237.10,237.90,245.05,242.85,245.35,246.65,248.25,244.10,239.05,240.50,255.55,261.70,256.90,256.45,259.30,265.30,267.45,263.85,265.05,269.00,274.85,271.05,266.10,255.15,258.05,257.90,251.45,254.95,253.60,249.35,247.60,235.55,229.70,226.00,215.50,215.20,216.95,230.80,234.10,239.35,237.70,231.00,234.50,233.80,232.00,226.90,227.85,220.85,220.75,224.25,231.05,238.00,238.00,238.00,238.00,238.00,238.00,238.00,238.00,238.00,238.00,238.00,238.00,238.00,250.20,239.10,228.10,221.30,230.55,227.95,231.00,231.65,232.60,230.00,228.65,228.40,222.15,232.25,237.50,237.95,237.15,242.20,233.20,247.65,250.25,249.40,254.45,252.75,257.75,254.55,260.75,255.55,252.40,256.85,250.20,250.40,256.05,246.80,245.05,247.90,246.05,258.10,259.70,254.70,264.65,269.90,259.35,247.95,244.25,234.65,236.90,233.55,240.20,244.85,238.75,226.70,223.30,218.95,211.90,219.15,208.95,219.45,218.05,215.30,209.75,190.25,198.20,199.55,201.45,194.80,190.60,195.55,182.15,187.40,190.35,189.25,194.25,195.95,197.40,197.35,193.25,195.30,196.60,187.30,186.80,179.75,187.40,181.10,183.35,179.25,180.85,178.15,179.15,184.05,180.25,191.15,175.85,171.20,158.10,153.75,160.10,189.05,190.90,191.40,188.80,195.40,198.95,198.25,209.90,205.10,204.30,194.60,176.60,159.20,166.40,155.00,166.25,158.55,162.25,170.55,166.95,170.00,166.80,178.40,185.65,179.60,175.50,176.10,178.55,174.55,166.55,164.55,162.05,167.15,173.65,158.65,144.65,135.95,121.35,118.65,118.75,113.90,126.80,125.00,125.65,140.15,134.95,137.75,132.30,136.00,138.20,140.75,141.70,133.70,136.25,143.00,140.95,144.05,142.80,137.40,133.40,131.65,130.50,130.40,131.55,134.30,129.65,120.25,107.35,111.80,116.00,112.60,122.20,122.35,128.15,126.00,147.35,145.10,222.30,214.95,212.85,185.55,185.25,175.20,193.85,205.00,199.40,153.90,163.40,139.35,145.50,150.95,171.75,172.15,186.90,179.65,163.55,193.95,194.65,211.15,211.50,203.90,194.20,182.80,163.80,176.75,172.25,176.10,188.65,185.10,197.95,211.35,222.65,211.20,207.55,200.70,201.30,191.85,189.75,193.75,206.10,225.95,228.95,213.30,220.90,214.75,217.65,208.60,205.20,209.85,209.90,209.25,195.50,195.75,192.40,202.40,204.25,203.70,208.85,208.45,201.90,201.10,206.65,203.75,207.20,211.00,200.45,191.75,196.00,188.75,185.30,191.35,188.70,191.00,194.15,189.85,198.45,206.15,200.40,206.20,206.95,201.95,208.40,212.80,210.35,213.20,208.05,212.95,210.30,211.10,207.45,207.15,208.95,204.20,197.50,197.30,197.90,198.95,193.85,198.35,198.35,198.35,198.35,198.35,198.35,198.35,198.35,198.35,198.35,198.35,198.35,198.35,208.25,207.65,212.10,211.65,214.85,213.45,205.90,210.50,203.95,199.00,200.95,202.50,204.70,201.15,198.00,200.15,204.65,204.75,200.00,205.15,203.05,192.75,189.85,187.35,197.20,191.20,195.80,189.60,188.80,185.45,186.80,194.70,196.85,207.10,213.30,211.35,227.95,231.60,242.50,228.20,239.35,241.55,246.95,258.75,257.25,256.80,259.70,259.95,255.45,271.20,265.85,270.30,275.85,277.60,275.70,269.65,266.45,272.30,277.80,273.40,270.50,273.70,278.50,277.15,285.40,281.75,282.95,280.95,284.50,284.10,285.30,292.85,294.95,294.10,295.50,296.95,298.35,302.90,299.90,301.15,301.35,306.65,302.75,302.75,306.00,304.40,308.30,310.35,303.90,291.70,297.80,294.15,302.60,289.90,297.15,293.50,295.65,291.15,295.50,290.05,281.90,282.45,289.25,282.05,274.70,272.05,275.40,281.45,283.45,290.95,290.30,291.45,286.15,290.25,278.60,273.85,270.10,276.10,273.65,269.40,278.85,275.25,244.80,249.10,254.85,253.90,246.45,247.65,253.55,236.70,228.55,233.20,240.50,225.85,226.35,248.10,255.10,258.40,257.90,244.00,250.65,248.30,262.10,261.35,265.00,263.65,268.50,277.15,278.45,281.90,279.35,278.95,277.00,277.85,285.30,283.50,280.75,282.10,276.45,278.30,277.65,270.05,266.40,267.40,268.70,266.60,268.40,264.10,256.10,256.40,258.10,260.50,244.45,240.15,224.55,220.90,223.00,242.05,248.90,253.10,265.85,270.40,274.00,276.30,276.25,269.50,280.30,276.90,283.25,278.15,287.80,280.15,291.40,284.10,288.45,294.45,297.55,293.05,286.35,280.40,276.90,273.35,272.20,268.95,265.85,256.65,247.15,248.90,245.90,250.95,260.20,256.00,263.10,257.55,259.25,250.25,249.30,243.65,247.15,247.95,259.00,261.75,264.20,261.35,264.85,269.25,271.75,273.90,276.25,275.65,278.10,278.70,275.40,267.75,274.15,274.10,275.30,275.45,273.95,272.05,271.05,267.30,270.50,269.10,271.55,267.50,269.10,269.35,272.70,270.45,270.40,270.35,266.25,262.30,263.95,262.65,261.65,258.85,256.65,253.70,257.40,261.65,256.85,249.40,250.90,241.50,239.75,238.60,237.75,242.65,239.60,236.55,239.75,242.20,242.15,251.45,251.45,251.45,251.45,251.45,251.45,251.45,251.45,251.45,251.45,251.45,251.45,251.45,251.45,251.45,251.45,251.45,251.45,251.45,251.45,251.45,251.45,251.45,251.45,251.45,251.45,251.45,251.45,251.45,251.45,251.45,251.45,251.45,251.45,251.45,251.45,251.45,251.45,251.45,251.45,251.45,251.45,251.45,251.45,251.45,251.45,251.45,251.45,251.45,251.45,251.45,251.45,251.45,251.45,251.45,251.45,251.45,251.45,251.45,251.45,251.45,251.45,251.45,251.45,251.45,251.45,251.45,251.45,251.45,251.45,251.45,251.45,251.45,251.45,251.45,251.45,251.45,251.45,251.45,251.45,251.45,251.45,251.45,251.45,251.45,251.45,251.45,251.45,251.45,251.45,251.45,251.45,251.45,251.45,251.45,251.45,251.45,251.45,251.45,251.45,251.45,251.45,251.45,251.45,251.45,251.45,251.45,251.45,251.45,251.45,251.45,251.45,251.45,251.45,251.45,251.45,251.45,251.45,251.45,251.45,251.45,251.45,251.45,251.45,251.45,251.45,251.45,251.45,251.45,251.45,251.45,251.45,251.45,251.45,251.45,251.45,251.45,251.45,251.45,251.45,251.45,251.45,251.45,251.45,251.45,251.45,251.45,251.45,251.45,251.45,251.45,251.45,251.45,251.45,251.45,251.45,251.45,251.45,251.45,251.45,251.45,251.45,251.45,251.45,251.45,251.45,251.45,251.45,251.45,251.45,251.45,251.45,251.45,251.45,251.45,251.45,251.45,251.45,251.45,251.45,251.45,251.45,251.45,251.45,251.45,251.45,251.45,251.45,251.45,251.45,251.45,251.45,251.45,251.45,251.45,251.45,251.45,251.45,251.45,251.45,251.45,251.45,251.45,251.45,251.45,251.45,251.45,251.45,251.45,251.45,251.45,251.45,251.45,251.45,251.45,251.45,251.45,251.45,251.45,251.45,251.45,251.45,251.45,251.45,251.45,251.45,251.45,251.45,251.45,251.45,251.45,251.45,251.45,251.45,251.45,251.45,251.45,251.45,251.45,251.45,251.45,251.45,251.45,251.45,251.45,251.45,251.45,251.45,251.45,251.45,251.45,251.45,251.45,251.45,251.45,251.45,251.45,251.45,251.45,251.45,251.45,251.45,251.45,251.45,251.45,251.45,251.45,251.45,251.45,251.45,251.45,251.45,251.45,251.45,251.45,251.45,251.45,251.45,251.45,251.45,251.45,251.45,251.45,251.45,251.45,251.45,251.45,251.45,251.45,251.45,251.45,251.45,251.45,251.45,251.45,251.45,251.45,251.45,251.45,251.45,251.45,251.45,251.45,251.45,251.45,251.45,251.45,251.45,251.45,251.45,251.45,251.45,251.45,251.45,251.45,251.45,251.45,251.45,251.45,251.45,251.45,251.45,251.45,251.45,251.45,251.45,251.45,251.45,251.45,251.45,251.45,251.45,251.45,251.45,251.45,251.45,251.45,251.45,251.45,251.45,251.45,251.45,251.45,251.45,251.45,251.45,251.45,251.45,251.45,251.45,251.45,251.45,251.45,251.45,251.45,251.45,251.45,251.45,251.45,251.45,251.45,251.45,251.45,251.45,251.45,251.45,251.45,251.45,251.45,251.45,251.45,251.45,251.45,251.45,251.45,251.45,251.45,251.45,251.45,251.45,251.45,251.45,251.45,251.45,251.45,251.45,251.45,251.45,251.45,251.45,251.45,251.45,251.45,251.45,251.45,251.45,251.45,251.45,251.45,251.45,251.45,251.45,251.45,251.45,251.45,251.45,251.45,251.45,251.45,251.45,251.45,251.45,251.45,251.45,251.45,251.45,251.45,251.45,251.45,251.45,251.45,251.45,251.45,251.45,251.45,251.45,251.45,251.45,251.45,251.45,251.45,251.45,251.45,251.45,251.45,251.45,251.45,251.45,251.45,251.45,251.45,251.45,251.45,251.45,251.45,251.45,251.45,251.45,251.45,251.45,251.45,251.45,251.45,251.45,251.45,251.45,251.45,251.45,251.45,251.45,251.45,251.45,251.45,251.45,251.45,251.45,251.45,251.45,251.45,251.45,251.45,251.45,251.45,251.45,251.45,251.45,251.45,251.45,251.45,251.45,251.45,251.45,251.45,251.45,251.45,251.45,251.45,251.45,251.45,251.45,251.45,251.45,251.45,251.45,251.45,251.45,251.45,251.45,251.45,251.45,251.45,251.45,251.45,251.45,251.45,251.45,251.45,251.45,251.45,251.45,251.45,251.45,251.45,251.45,251.45,251.45,251.45,251.45,251.45,251.45,251.45,251.45,251.45,251.45,251.45,251.45,251.45,251.45,251.45,251.45,251.45,251.45,251.45,251.45,251.45,251.45,251.45,251.45,251.45,251.45,251.45,251.45,251.45,251.45,251.45,251.45,251.45,251.45,251.45,251.45,251.45,251.45,251.45,251.45,251.45,251.45,251.45,251.45,251.45,251.45,251.45,251.45,251.45,251.45,251.45,251.45,251.45,251.45,251.45,251.45,251.45,251.45,251.45,251.45,251.45,251.45,251.45,251.45,251.45,251.45,251.45,251.45,251.45,251.45,251.45,251.45,251.45,251.45,251.45,253.70,250.90,246.85,243.25,234.85,240.60,237.40,238.50,234.75,235.10,234.95,238.50,227.95,227.50,226.90,223.20,218.90,224.10,215.40,217.40,216.95,217.05,216.15,219.30,208.80,220.65,234.80,239.30,236.15,224.90,207.95,196.65,198.50,195.10,190.10,195.30,182.40,180.55,172.15,182.00,170.90,187.50,181.75,187.35,184.20,192.85,197.90,200.25,208.80,225.65,231.55,243.75,246.55,243.45,249.90,247.10,251.65,242.45,236.40,233.30,233.85,238.05,243.55,237.20,236.30,247.15,256.20,246.70,252.85,255.85,259.70,259.10,258.60,261.85,258.00,256.50,254.85,254.10,251.35,250.85,249.85,249.65,248.80,256.50,250.75,248.00,242.40,250.00,256.30,255.55,253.70,247.00,247.85,249.75,250.55,246.50,239.00,242.50,240.85,237.55,244.85,236.10,240.45,239.50,226.15,222.20,218.35,208.10,206.25,212.85,208.70,202.80,203.65,209.75,225.45,233.10,233.95,233.30,245.15,247.50,243.55,244.40,236.45,242.10,238.70,236.75,236.60,236.30,237.80,232.60,239.25,255.45,253.10,246.15,251.05,242.30,231.00,230.55,223.05,215.70,215.30,218.25,223.10,234.60,245.95,239.40,250.20,253.65,256.15,257.35,254.80,249.90,241.55,231.85,225.25,228.80,227.30,235.35,243.75,252.25,254.25,250.60,255.00,255.55,260.45,250.75,250.60,241.70,241.60,236.15,230.80,227.15,228.45,220.65,232.40,243.25,251.55,272.20,269.50,280.40,272.30,269.10,276.30,277.15,283.35,296.95,302.75,337.80,342.55,330.20,331.25,313.65,323.15,323.90,328.10,312.75,315.75,316.95,322.40,333.25,337.15,338.50,342.80,346.15,353.60,352.90,352.25,351.95,355.40,365.00,361.85,366.30,370.60,397.05,420.10,431.05,426.25,438.80,432.90,434.25,440.40
128,1,2025.09.15 19:30:00,2025.09.17 13:14:57,New York,1,3,19,Q68,3684.45000,3661.55000,3661.55000,3730.25000,0.05,86.50,78600,-101.90,150000,0,2.70,-34.15,-28.35,-27.20,-24.45,-26.20,-19.50,-18.65,-23.50,-19.00,-23.95,-22.00,-13.35,-14.00,-19.05,-15.95,-18.50,-14.15,-17.40,-18.60,-29.40,-28.25,-22.85,-21.90,-24.20,-36.05,-30.30,-37.00,-39.85,-37.55,-30.55,-29.65,-22.10,-21.40,-21.85,-25.20,-17.80,-18.05,-11.55,-9.50,-14.15,-17.40,-15.90,-15.25,-16.55,-15.00,-16.10,-19.85,-18.75,-17.30,-15.80,-16.50,-25.00,-20.55,-20.55,-20.55,-20.55,-20.55,-20.55,-20.55,-20.55,-20.55,-20.55,-20.55,-20.55,-20.55,-23.40,-38.50,-33.15,-36.05,-34.05,-28.05,-27.60,-28.30,-30.40,-33.25,-29.60,-28.25,-23.95,-26.65,-24.80,-22.75,-26.00,-27.90,-30.85,-29.95,-30.95,-33.35,-38.75,-37.85,-37.05,-33.05,-25.00,-15.50,-15.65,-4.35,-1.25,-10.15,-1.45,-4.35,-1.00,9.90,-18.70,-22.80,-21.70,-32.40,-27.75,-30.00,-19.00,-24.55,-33.80,-32.60,-31.85,-26.10,-21.50,-16.55,-13.25,-15.15,-19.25,-17.10,-29.90,-26.05,-32.85,-29.20,-25.75,-33.75,-30.60,-28.90,-19.30,-17.95,-16.95,-13.40,-13.55,-7.95,-14.65,-14.45,-14.65,-16.70,-15.85,-10.50,-9.90,-13.45,-7.90,-12.10,-14.95,-19.50,-9.25,-9.80,2.80,-0.90,-5.20,-2.35,-1.40,-0.10,-4.90,-0.80,-7.05,-7.60,-14.10,-19.50,-17.95,-8.45,-5.75,-11.20,-7.55,3.95,4.85,2.85,8.95,16.70,26.90,30.65,35.80,43.00,43.80,37.85,41.30,42.50,34.15,37.00,27.85,20.05,18.55,18.30,18.90,9.55,18.40,24.35,57.10,53.90,50.20,49.90,39.10,46.40,53.80,53.45,52.10,49.05,45.70,50.10,52.50,53.05,62.85,53.15,54.40,62.20,59.90,61.40,67.80,68.90,61.25,64.20,60.65,60.60,59.90,64.75,61.35,54.40,49.85,54.35,45.15,43.70,41.50,44.80,41.35,36.40,32.85,41.35,43.50,50.45,59.15,66.90,68.95,64.15,57.30,56.40,49.25,54.50,46.10,33.85,34.35,21.85,25.05,25.75,21.60,22.30,11.30,11.15,17.30,11.05,34.80,49.35,54.35,69.35,44.00,56.90,67.05,55.30,55.15,62.20,74.35,86.50,78.25,42.90,32.00,50.75,24.95,26.15,22.60,9.40,5.85,-19.30,-2.40,6.45,-0.30,-11.15,-23.10,-13.10,-20.70,-0.90,5.85,8.35,12.15,2.40,13.75,22.60,19.95,23.30,26.45,20.60,11.10,24.85,28.45,26.65,27.65,18.30,19.20,21.65,17.50,20.10,16.30,15.00,13.30,22.40,14.40,16.30,13.00,17.25,19.80,17.65,18.70,22.15,21.60,22.85,22.35,26.55,29.45,31.05,24.05,29.50,32.40,30.35,28.30,21.55,22.20,19.75,24.05,28.70,28.60,26.05,29.85,37.50,40.70,42.35,42.55,45.55,45.10,41.60,41.50,39.45,26.40,24.35,24.35,24.35,24.35,24.35,24.35,24.35,24.35,24.35,24.35,24.35,24.35,24.35,33.00,30.35,34.95,36.05,33.90,33.00,38.75,39.20,41.10,37.80,39.40,37.25,43.80,50.50,49.00,47.30,50.25,50.50,50.15,49.55,44.80,41.45,51.25,48.90,44.35,51.65,52.85,51.35,46.45,46.00,43.70,42.85,41.70,40.00,36.45,35.05,31.80,36.00,32.55,29.30,19.75,7.70,-13.85,-17.65,-33.20,-37.60,-24.40,-24.65,-29.35,-33.50,-16.10,-21.95,-30.10,-34.60,-35.95,-35.50,-17.10,-6.65,-6.00,-11.60,-14.50,-19.45,-13.25,-11.40,-12.25,-16.10,-10.75,-13.00,-11.35,-12.35,-15.90,-13.30,-11.05,-11.75,-11.90,-12.20,-15.55,-17.80,-16.60,-14.75,-14.40,-14.20,-16.75,-18.45,3.40,2.70,-4.80,-9.70,-25.30,-18.35,-26.10,-34.45,-29.10,-31.90,-30.10,-24.35,-31.70,-38.60,-42.85,-31.10,-33.15,-43.90,-44.30,-52.95,-65.35,-63.30,-39.70,-45.95,-57.05,-47.20,-66.90,-73.80,-66.85,-86.20,-70.35,-70.90,-69.55,-76.80,-81.55,-87.15,-93.95,-88.95,-96.10,-91.95,-101.00,-87.85,-89.10,-101.85,-101.85,-94.90,-96.75,-98.10,-101.45,-95.35,-81.20,-74.25,-75.00,-80.10,-83.60,-80.90,-82.10,-77.10,-78.10,-83.80,-80.60,-101.90
130,1,2025.09.17 15:40:00,2025.09.17 21:04:57,New York,3,3,15,Q64,3673.90000,3659.71000,3659.71000,3702.28000,0.05,70.95,13500,0.00,0,0,3.70,14.70,21.25,24.55,9.00,12.30,23.25,13.55,6.90,14.10,31.70,29.65,25.75,27.90,18.25,25.15,28.10,35.85,50.75,43.95,48.40,45.75,47.15,55.55,57.05,57.15,43.05,51.75,48.30,55.40,57.80,54.65,60.30,56.75,56.60,62.20,55.00,53.05,45.40,51.35,59.10,64.30,59.55,60.45,70.95,70.50,68.85,65.20,61.65,60.10,55.85,54.10,44.30,46.90,46.60,40.30,35.65,44.25,51.80,52.75,53.10,60.35,66.15,64.80
132,1,2025.09.18 02:45:00,2025.09.18 04:14:57,Asian,4,3,2,Q78,3669.75000,3655.61000,3655.61000,3698.03000,0.05,0.95,300,-52.10,3300,0,0.95,0.25,-2.75,-14.50,-30.05,-29.25,-32.35,-33.45,-37.30,-35.30,-52.10,-48.95,-41.00,-29.55,-23.85,-39.35,-49.60
134,1,2025.09.19 06:30:00,2025.09.22 08:29:57,Asian,5,3,6,Q73,3654.02000,3697.84000,3632.11000,3697.84000,0.05,216.85,266100,-43.00,11100,0,3.05,1.90,6.80,2.05,-1.60,-1.10,9.95,26.80,25.65,25.65,25.90,26.65,23.30,19.30,24.05,20.55,25.70,24.45,30.50,30.60,18.85,27.75,19.25,22.05,7.30,1.15,9.60,8.95,-10.80,-7.80,-7.80,-9.30,-11.05,-26.90,-22.15,-18.15,-43.00,-36.75,-30.25,-33.25,-36.60,-34.15,-36.10,-33.80,-24.10,-8.50,-3.15,-5.45,-6.75,-7.95,-7.20,4.80,4.55,-0.90,1.90,-4.40,-11.15,-11.50,-4.70,-7.05,6.00,-1.20,1.95,7.85,9.20,8.20,16.90,14.35,11.95,21.95,21.50,12.85,14.80,17.90,17.80,9.95,17.85,22.60,18.05,16.95,22.65,24.30,19.65,14.50,11.90,10.10,14.80,15.50,8.25,8.95,6.15,3.15,-6.65,-9.05,-12.05,-15.25,-13.80,-19.90,-31.90,-26.55,-34.35,-27.90,-20.95,-27.75,-16.70,-14.60,-29.10,-32.15,-25.80,-29.55,-33.50,-34.85,-23.85,-24.45,-32.40,-39.95,-2.80,-1.05,-0.65,11.70,15.00,7.40,13.50,19.50,31.25,46.75,40.55,31.10,33.10,17.85,38.30,49.10,44.25,56.45,50.85,52.30,70.00,64.90,71.70,64.10,90.95,94.40,102.30,87.40,79.05,76.20,80.90,73.15,85.00,84.00,92.35,91.95,73.15,72.55,68.25,70.70,74.20,76.75,81.35,75.50,75.45,71.20,79.70,80.45,82.10,89.05,88.55,89.05,88.85,92.90,95.75,113.95,124.25,123.30,126.20,126.70,128.90,135.35,143.70,140.70,137.85,141.00,140.40,139.55,145.60,148.40,147.95,145.90,147.50,149.05,150.00,148.35,138.55,142.10,145.60,150.40,152.95,151.75,144.70,140.60,138.75,137.95,144.10,145.60,151.75,152.90,152.65,153.10,155.05,157.45,157.45,157.45,157.45,157.45,157.45,157.45,157.45,157.45,157.45,157.45,157.45,157.45,157.45,157.45,157.45,157.45,157.45,157.45,157.45,157.45,157.45,157.45,157.45,157.45,157.45,157.45,157.45,157.45,157.45,157.45,157.45,157.45,157.45,157.45,157.45,157.45,157.45,157.45,157.45,157.45,157.45,157.45,157.45,157.45,157.45,157.45,157.45,157.45,157.45,157.45,157.45,157.45,157.45,157.45,157.45,157.45,157.45,157.45,157.45,157.45,157.45,157.45,157.45,157.45,157.45,157.45,157.45,157.45,157.45,157.45,157.45,157.45,157.45,157.45,157.45,157.45,157.45,157.45,157.45,157.45,157.45,157.45,157.45,157.45,157.45,157.45,157.45,157.45,157.45,157.45,157.45,157.45,157.45,157.45,157.45,157.45,157.45,157.45,157.45,157.45,157.45,157.45,157.45,157.45,157.45,157.45,157.45,157.45,157.45,157.45,157.45,157.45,157.45,157.45,157.45,157.45,157.45,157.45,157.45,157.45,157.45,157.45,157.45,157.45,157.45,157.45,157.45,157.45,157.45,157.45,157.45,157.45,157.45,157.45,157.45,157.45,157.45,157.45,157.45,157.45,157.45,157.45,157.45,157.45,157.45,157.45,157.45,157.45,157.45,157.45,157.45,157.45,157.45,157.45,157.45,157.45,157.45,157.45,157.45,157.45,157.45,157.45,157.45,157.45,157.45,157.45,157.45,157.45,157.45,157.45,157.45,157.45,157.45,157.45,157.45,157.45,157.45,157.45,157.45,157.45,157.45,157.45,157.45,157.45,157.45,157.45,157.45,157.45,157.45,157.45,157.45,157.45,157.45,157.45,157.45,157.45,157.45,157.45,157.45,157.45,157.45,157.45,157.45,157.45,157.45,157.45,157.45,157.45,157.45,157.45,157.45,157.45,157.45,157.45,157.45,157.45,157.45,157.45,157.45,157.45,157.45,157.45,157.45,157.45,157.45,157.45,157.45,157.45,157.45,157.45,157.45,157.45,157.45,157.45,157.45,157.45,157.45,157.45,157.45,157.45,157.45,157.45,157.45,157.45,157.45,157.45,157.45,157.45,157.45,157.45,157.45,157.45,157.45,157.45,157.45,157.45,157.45,157.45,157.45,157.45,157.45,157.45,157.45,157.45,157.45,157.45,157.45,157.45,157.45,157.45,157.45,157.45,157.45,157.45,157.45,157.45,157.45,157.45,157.45,157.45,157.45,157.45,157.45,157.45,157.45,157.45,157.45,157.45,157.45,157.45,157.45,157.45,157.45,157.45,157.45,157.45,157.45,157.45,157.45,157.45,157.45,157.45,157.45,157.45,157.45,157.45,157.45,157.45,157.45,157.45,157.45,157.45,157.45,157.45,157.45,157.45,157.45,157.45,157.45,157.45,157.45,157.45,157.45,157.45,157.45,157.45,157.45,157.45,157.45,157.45,157.45,157.45,157.45,157.45,157.45,157.45,157.45,157.45,157.45,157.45,157.45,157.45,157.45,157.45,157.45,157.45,157.45,157.45,157.45,157.45,157.45,157.45,157.45,157.45,157.45,157.45,157.45,157.45,157.45,157.45,157.45,157.45,157.45,157.45,157.45,157.45,157.45,157.45,157.45,157.45,157.45,157.45,157.45,157.45,157.45,157.45,157.45,157.45,157.45,157.45,157.45,157.45,157.45,157.45,157.45,157.45,157.45,157.45,157.45,157.45,157.45,157.45,157.45,157.45,157.45,157.45,157.45,157.45,157.45,157.45,157.45,157.45,157.45,157.45,157.45,157.45,157.45,157.45,157.45,157.45,157.45,157.45,157.45,157.45,157.45,157.45,157.45,157.45,157.45,157.45,157.45,157.45,157.45,157.45,157.45,157.45,157.45,157.45,157.45,157.45,157.45,157.45,157.45,157.45,157.45,157.45,157.45,157.45,157.45,157.45,157.45,157.45,157.45,157.45,157.45,157.45,157.45,157.45,157.45,157.45,157.45,157.45,157.45,157.45,157.45,157.45,157.45,157.45,157.45,157.45,157.45,157.45,157.45,157.45,157.45,157.45,157.45,157.45,157.45,157.45,157.45,157.45,157.45,157.45,157.45,157.45,157.45,157.45,157.45,157.45,157.45,157.45,157.45,157.45,157.45,157.45,157.45,157.45,157.45,157.45,157.45,157.45,157.45,157.45,157.45,157.45,157.45,157.45,157.45,157.45,157.45,157.45,157.45,157.45,157.45,157.45,157.45,157.45,157.45,157.45,157.45,157.45,157.45,157.45,157.45,157.45,157.45,157.45,157.45,157.45,157.45,157.45,157.45,157.45,157.45,157.45,157.45,157.45,157.45,157.45,157.45,157.45,157.45,157.45,157.45,157.45,157.45,157.45,157.45,157.45,157.45,157.45,157.45,157.45,157.45,157.45,157.45,157.45,157.45,157.45,157.45,157.45,157.45,157.45,157.45,157.45,157.45,157.45,157.45,157.45,157.45,157.45,157.45,157.45,157.45,157.45,157.45,157.45,157.45,157.45,157.45,157.45,157.45,157.45,157.45,157.45,157.45,157.45,157.45,157.45,157.45,157.45,157.45,157.45,157.45,157.45,157.45,157.45,167.85,165.65,169.55,164.55,185.10,181.85,183.85,178.70,183.20,173.20,174.10,171.35,172.75,166.30,164.85,171.30,180.55,177.30,173.65,171.70,162.20,165.65,161.90,159.45,165.75,162.10,182.90,178.90,170.20,177.70,174.60,179.60,177.30,175.30,174.00,183.40,175.15,193.50,203.35,193.50,196.40,178.10,188.85,179.75,172.60,168.05,168.80,176.05,180.15,177.80,172.35,174.55,177.05,188.30,175.45,169.80,165.25,168.05,168.30,161.85,176.45,177.35,180.35,177.70,187.40,187.10,187.65,198.05,205.15,211.60,212.25,207.20,202.25,195.80,191.70,189.70,184.00,186.90,189.80,185.15,186.25,189.60,189.60,190.85,195.10,195.80,199.00,210.45,216.85
136,1,2025.09.22 09:15:00,2025.09.22 11:44:58,London,1,4,9,Q54,3700.60000,3721.70000,3690.05000,3721.70000,0.05,95.10,2100,0.00,0,0,0.30,7.25,28.20,41.25,63.90,81.80,95.10,71.00,68.95,66.70,58.95,54.10,52.85,44.95,64.75,65.50,67.20,67.35,64.40,65.05,61.20,82.90,88.60,83.60,79.65,88.10,85.50,89.15,90.95
138,1,2025.09.23 01:10:00,2025.09.23 01:39:58,Asian,2,4,1,Q71,3747.45000,3742.43000,3742.43000,3757.49000,0.05,0.00,0,-20.95,1200,0,-12.70,-9.60,-16.20,-20.95,-17.30
140,1,2025.09.24 07:15:00,2025.09.24 17:54:58,Asian,3,4,7,Q48,3767.03000,3750.69000,3750.69000,3799.71000,0.05,55.85,12300,-63.75,37500,0,-5.75,-16.05,-10.65,-2.60,3.30,4.15,1.00,4.25,5.70,8.70,15.70,19.40,18.50,27.10,26.25,31.65,49.20,37.85,29.65,45.20,39.90,39.00,43.15,31.75,39.55,33.95,21.60,24.05,27.15,25.10,36.70,34.00,22.30,40.50,40.85,30.40,41.95,42.40,41.60,44.80,55.85,52.25,52.75,48.60,52.00,41.95,39.55,27.15,31.45,27.90,16.75,17.85,15.20,11.30,2.75,10.90,14.85,17.60,18.60,13.55,14.75,9.60,3.65,1.65,-2.85,3.70,1.90,3.50,7.00,-1.25,-13.20,-9.95,-20.05,-25.70,-15.10,-11.80,-12.90,-21.65,-31.00,-29.85,-24.50,-20.70,-34.90,-20.00,-14.50,-11.25,-9.20,-2.40,4.50,6.30,7.95,8.80,8.15,10.25,2.35,-2.20,17.15,-4.35,-0.00,-6.65,-10.65,-8.80,6.60,-2.00,4.40,4.95,14.20,21.55,15.25,17.30,2.15,-17.55,-10.95,-21.75,-29.95,-16.70,-32.00,-18.95,-45.30,-36.45,-42.30,-57.15,-41.15,-55.30,-63.75,-58.15,-63.10
142,1,2025.09.25 01:05:00,2025.09.29 03:49:57,Asian,4,4,1,Q59,3739.61000,3783.97000,3717.43000,3783.97000,0.05,217.45,158100,-75.45,56700,0,-0.35,2.60,7.10,19.70,26.15,7.40,0.15,9.35,14.50,5.85,7.50,4.60,-1.65,10.75,7.50,6.55,0.60,3.35,10.55,11.65,18.40,21.10,16.90,31.65,40.45,51.70,53.10,50.80,54.35,44.40,35.90,42.30,45.80,41.40,47.00,32.40,19.20,8.50,18.35,33.35,23.40,17.65,6.10,-6.20,2.60,-18.45,-17.85,-37.10,-36.45,-34.45,-31.70,-30.35,-20.45,-3.50,1.05,12.70,5.65,-9.75,-0.35,-6.50,-20.80,-22.20,-21.25,-11.95,-19.45,-21.90,-21.35,-2.60,-18.15,-24.35,-14.70,-26.40,-33.85,-35.45,-37.85,-27.45,-26.70,-1.35,-4.85,0.55,-7.25,-7.20,-7.45,-12.05,-20.25,-20.45,-15.10,-23.90,-16.00,-11.15,-7.15,-9.35,-12.05,-2.30,-3.80,-3.80,9.45,31.30,39.10,28.45,26.75,28.90,16.20,12.35,15.30,6.65,8.05,15.40,15.40,16.00,18.30,22.50,22.70,40.25,59.75,58.75,70.90,66.10,62.45,77.60,81.85,89.40,101.90,100.85,90.40,68.70,64.10,71.60,65.85,88.45,83.25,79.15,79.35,85.60,76.85,68.05,55.85,64.65,66.45,82.80,96.60,90.45,87.10,91.15,88.60,84.45,84.05,92.60,87.05,85.40,89.50,87.45,98.95,93.40,88.00,52.75,36.30,19.90,34.15,34.55,50.80,59.55,55.50,57.60,59.35,56.80,64.70,63.95,69.55,63.45,70.45,75.10,52.60,25.85,8.85,10.85,-15.70,-36.95,-3.80,-1.15,-19.10,-14.10,11.85,17.40,12.50,-16.50,-40.85,-66.40,-75.45,-62.45,-27.90,-60.85,-61.50,-49.45,-36.95,-21.30,-31.45,-30.80,-66.45,-59.35,-57.10,-72.15,-40.15,-55.10,-41.80,-23.45,-11.15,-34.50,-45.75,-28.25,-28.70,-17.95,-27.25,-28.35,-18.65,-16.50,6.20,13.50,1.00,-14.25,-8.85,-21.25,-13.25,-21.75,-29.95,-26.10,-29.10,-29.60,-20.40,5.55,0.55,0.95,0.45,-0.50,-0.65,4.25,2.25,4.80,11.30,15.10,2.55,-6.65,8.65,27.65,54.35,55.35,77.80,79.50,75.90,90.40,78.05,75.05,79.70,78.00,74.85,60.05,60.25,52.35,33.00,38.85,47.65,39.85,35.35,49.20,41.95,49.05,49.20,46.75,46.45,50.85,54.95,55.75,62.45,54.20,55.80,55.80,55.80,55.80,55.80,55.80,55.80,55.80,55.80,55.80,55.80,55.80,55.80,38.15,36.15,34.60,42.60,41.75,48.60,43.60,50.65,50.55,52.50,52.95,46.10,49.60,46.55,30.05,-5.65,4.10,17.20,13.55,2.30,9.50,24.60,26.45,24.95,36.50,31.00,34.10,38.55,26.40,11.55,16.75,22.80,22.65,31.50,39.50,49.95,54.35,44.10,22.35,10.60,4.40,7.30,9.35,6.85,17.80,4.70,1.65,-2.85,4.25,4.50,-2.00,-5.40,-5.45,7.55,11.75,10.10,-4.45,-0.85,4.15,-5.40,-9.80,-19.25,-21.15,-13.20,-4.35,14.45,23.45,23.70,27.75,29.90,29.30,29.45,29.00,35.40,35.50,34.85,33.90,26.70,31.10,31.85,28.55,37.95,37.20,40.05,35.95,35.65,30.90,26.00,34.15,35.80,32.05,49.75,43.75,39.40,30.15,12.15,23.30,42.70,59.50,65.30,55.10,60.65,60.10,53.45,25.65,31.15,26.95,16.95,6.40,11.30,15.80,22.65,19.25,28.30,37.30,27.90,42.70,39.65,43.65,42.00,47.95,61.20,45.55,52.05,62.65,57.05,63.45,66.70,68.80,63.85,69.55,66.65,72.85,66.50,57.05,49.40,52.50,46.65,40.00,47.65,46.75,47.00,50.80,58.85,74.00,68.85,65.15,53.25,53.05,49.45,48.10,40.70,32.05,19.30,22.80,25.30,31.20,35.45,32.65,45.25,57.30,57.70,56.90,62.65,61.70,63.05,54.15,45.15,57.90,58.85,60.30,61.80,54.55,49.35,71.00,59.55,58.70,72.80,60.90,64.20,74.40,109.85,125.30,112.35,77.10,88.30,87.00,78.05,91.35,95.10,105.45,110.85,147.75,175.65,162.70,189.95,203.15,190.50,208.10,193.50,185.45,185.90,187.40,195.25,194.40,177.70,175.75,177.55,182.25,198.10,197.30,187.60,182.05,197.80,201.70,204.30,203.25,193.80,177.75,176.90,161.65,171.25,176.60,174.80,189.35,185.80,173.45,173.10,179.90,186.25,192.95,199.65,198.80,196.10,197.75,210.05,215.25,210.75,208.40,217.45,196.70,190.25,182.75,190.90,190.55,190.65,201.35,196.75,196.20,199.55,199.20,194.70,176.55,171.95,183.55,178.60,167.25,166.10,156.25,151.55,145.55,143.75,136.50,135.65,144.50,139.05,126.10,132.65,144.35,133.15,133.80,125.50,114.95,113.05,106.40,94.80,94.80,94.80,94.80,94.80,94.80,94.80,94.80,94.80,94.80,94.80,94.80,94.80,94.80,94.80,94.80,94.80,94.80,94.80,94.80,94.80,94.80,94.80,94.80,94.80,94.80,94.80,94.80,94.80,94.80,94.80,94.80,94.80,94.80,94.80,94.80,94.80,94.80,94.80,94.80,94.80,94.80,94.80,94.80,94.80,94.80,94.80,94.80,94.80,94.80,94.80,94.80,94.80,94.80,94.80,94.80,94.80,94.80,94.80,94.80,94.80,94.80,94.80,94.80,94.80,94.80,94.80,94.80,94.80,94.80,94.80,94.80,94.80,94.80,94.80,94.80,94.80,94.80,94.80,94.80,94.80,94.80,94.80,94.80,94.80,94.80,94.80,94.80,94.80,94.80,94.80,94.80,94.80,94.80,94.80,94.80,94.80,94.80,94.80,94.80,94.80,94.80,94.80,94.80,94.80,94.80,94.80,94.80,94.80,94.80,94.80,94.80,94.80,94.80,94.80,94.80,94.80,94.80,94.80,94.80,94.80,94.80,94.80,94.80,94.80,94.80,94.80,94.80,94.80,94.80,94.80,94.80,94.80,94.80,94.80,94.80,94.80,94.80,94.80,94.80,94.80,94.80,94.80,94.80,94.80,94.80,94.80,94.80,94.80,94.80,94.80,94.80,94.80,94.80,94.80,94.80,94.80,94.80,94.80,94.80,94.80,94.80,94.80,94.80,94.80,94.80,94.80,94.80,94.80,94.80,94.80,94.80,94.80,94.80,94.80,94.80,94.80,94.80,94.80,94.80,94.80,94.80,94.80,94.80,94.80,94.80,94.80,94.80,94.80,94.80,94.80,94.80,94.80,94.80,94.80,94.80,94.80,94.80,94.80,94.80,94.80,94.80,94.80,94.80,94.80,94.80,94.80,94.80,94.80,94.80,94.80,94.80,94.80,94.80,94.80,94.80,94.80,94.80,94.80,94.80,94.80,94.80,94.80,94.80,94.80,94.80,94.80,94.80,94.80,94.80,94.80,94.80,94.80,94.80,94.80,94.80,94.80,94.80,94.80,94.80,94.80,94.80,94.80,94.80,94.80,94.80,94.80,94.80,94.80,94.80,94.80,94.80,94.80,94.80,94.80,94.80,94.80,94.80,94.80,94.80,94.80,94.80,94.80,94.80,94.80,94.80,94.80,94.80,94.80,94.80,94.80,94.80,94.80,94.80,94.80,94.80,94.80,94.80,94.80,94.80,94.80,94.80,94.80,94.80,94.80,94.80,94.80,94.80,94.80,94.80,94.80,94.80,94.80,94.80,94.80,94.80,94.80,94.80,94.80,94.80,94.80,94.80,94.80,94.80,94.80,94.80,94.80,94.80,94.80,94.80,94.80,94.80,94.80,94.80,94.80,94.80,94.80,94.80,94.80,94.80,94.80,94.80,94.80,94.80,94.80,94.80,94.80,94.80,94.80,94.80,94.80,94.80,94.80,94.80,94.80,94.80,94.80,94.80,94.80,94.80,94.80,94.80,94.80,94.80,94.80,94.80,94.80,94.80,94.80,94.80,94.80,94.80,94.80,94.80,94.80,94.80,94.80,94.80,94.80,94.80,94.80,94.80,94.80,94.80,94.80,94.80,94.80,94.80,94.80,94.80,94.80,94.80,94.80,94.80,94.80,94.80,94.80,94.80,94.80,94.80,94.80,94.80,94.80,94.80,94.80,94.80,94.80,94.80,94.80,94.80,94.80,94.80,94.80,94.80,94.80,94.80,94.80,94.80,94.80,94.80,94.80,94.80,94.80,94.80,94.80,94.80,94.80,94.80,94.80,94.80,94.80,94.80,94.80,94.80,94.80,94.80,94.80,94.80,94.80,94.80,94.80,94.80,94.80,94.80,94.80,94.80,94.80,94.80,94.80,94.80,94.80,94.80,94.80,94.80,94.80,94.80,94.80,94.80,94.80,94.80,94.80,94.80,94.80,94.80,94.80,94.80,94.80,94.80,94.80,94.80,94.80,94.80,94.80,94.80,94.80,94.80,94.80,94.80,94.80,94.80,94.80,94.80,94.80,94.80,94.80,94.80,94.80,94.80,94.80,94.80,94.80,94.80,94.80,94.80,94.80,94.80,94.80,94.80,94.80,94.80,94.80,94.80,94.80,94.80,94.80,94.80,94.80,94.80,94.80,94.80,94.80,94.80,94.80,94.80,94.80,94.80,94.80,94.80,94.80,94.80,94.80,94.80,94.80,94.80,94.80,94.80,94.80,94.80,94.80,94.80,94.80,94.80,94.80,94.80,94.80,94.80,94.80,94.80,94.80,94.80,94.80,94.80,94.80,94.80,94.80,94.80,94.80,94.80,94.80,94.80,94.80,94.80,94.80,94.80,94.80,94.80,94.80,94.80,94.80,94.80,94.80,94.80,94.80,94.80,94.80,94.80,94.80,94.80,94.80,94.80,94.80,94.80,94.80,94.80,94.80,94.80,94.80,94.80,94.80,94.80,94.80,94.80,94.80,94.80,94.80,94.80,94.80,94.80,94.80,94.80,94.80,94.80,94.80,94.80,94.80,94.80,94.80,94.80,94.80,94.80,94.80,94.80,94.80,94.80,94.80,94.80,94.80,94.80,94.80,126.10,137.75,141.65,151.25,136.45,139.70,144.15,152.15,143.45,147.70,143.50,154.45,140.15,142.55,139.70,145.00,144.80,144.65,144.15,152.60,152.20,155.15,143.80,136.35,149.55,166.90,171.55,171.55,177.00,189.10,197.85,210.55,216.85
144,1,2025.09.29 06:00:00,2025.09.30 04:04:58,Asian,1,5,6,Q52,3793.02000,3843.34000,3767.86000,3843.34000,0.05,233.70,78300,0.00,0,0,19.05,20.45,20.45,10.30,3.85,2.90,11.10,21.10,18.90,18.20,8.20,6.45,7.95,5.60,12.25,9.80,27.85,33.15,43.60,66.65,59.95,63.70,75.45,60.00,75.25,62.20,68.75,58.75,67.95,61.60,56.70,61.05,52.95,64.50,89.95,104.15,102.10,97.15,118.20,106.10,111.80,98.15,106.30,112.15,129.35,109.60,110.55,121.65,116.05,111.10,121.95,118.50,111.10,107.60,87.70,85.55,87.95,70.50,61.80,66.55,88.00,103.30,114.85,101.90,91.65,92.40,107.20,107.60,116.15,123.55,129.25,128.65,126.00,124.10,123.40,120.30,116.05,116.20,97.90,86.25,87.40,77.75,72.90,72.60,81.55,73.65,84.05,85.90,113.35,113.30,113.10,122.10,122.25,117.25,116.40,124.30,121.55,124.90,128.00,145.70,152.10,152.95,158.80,158.00,170.70,167.70,176.55,179.25,164.25,167.10,157.75,149.20,138.85,122.55,105.40,128.70,119.95,124.95,101.05,105.25,86.60,101.50,119.60,134.85,142.30,145.10,155.65,166.40,167.45,143.65,146.30,141.95,170.50,171.15,164.55,131.10,153.95,168.80,159.60,164.95,167.85,159.05,169.15,175.50,191.00,169.45,156.20,164.85,177.40,181.90,170.10,179.45,188.40,195.35,194.75,186.80,177.45,179.15,190.45,187.65,189.25,191.10,194.25,184.40,177.80,179.75,182.35,186.35,189.40,195.75,181.35,169.30,173.80,168.75,167.65,167.00,178.30,173.30,181.05,180.20,175.50,154.20,172.60,178.80,182.45,184.10,159.55,161.80,165.20,170.00,162.45,157.55,158.65,150.25,169.45,172.15,170.25,164.20,167.60,173.20,181.00,178.90,180.00,177.75,178.50,178.00,183.55,183.00,176.80,178.90,180.50,179.40,188.20,191.40,199.75,200.25,200.25,200.25,200.25,200.25,200.25,200.25,200.25,200.25,200.25,200.25,200.25,200.25,195.45,185.25,183.75,178.85,177.85,169.15,178.25,174.45,174.60,177.95,185.80,187.60,183.90,182.10,184.10,179.00,185.65,182.45,178.60,178.45,180.75,185.60,196.95,199.30,214.25,200.10,227.00,221.70,231.25,227.75,218.50,227.65,233.70,218.75,225.75,229.15
146,1,2025.09.30 04:15:00,2025.09.30 09:14:57,Asian,2,5,4,Q30,3842.36000,3871.08000,3828.00000,3871.08000,0.05,137.60,17100,0.00,0,0,3.90,24.80,8.80,26.85,31.25,29.30,23.40,30.20,28.20,38.35,21.55,21.40,27.30,8.15,16.55,14.80,22.85,30.95,31.45,33.20,28.15,22.10,34.95,56.30,64.75,69.30,79.20,87.00,86.70,107.20,101.90,119.30,110.80,112.70,113.70,102.40,103.65,105.25,106.80,118.25,112.25,109.50,106.75,109.45,123.90,134.85,111.80,119.45,134.10,131.30,125.70,129.65,126.40,132.80,128.15,133.10,137.60,129.30,136.10
148,1,2025.10.01 01:45:00,2025.10.01 10:54:58,Asian,3,1,1,Q44,3859.39000,3876.59000,3850.79000,3876.59000,0.05,75.60,32700,-14.50,27300,0,3.00,1.30,4.60,6.95,12.45,12.05,11.85,7.40,11.10,10.05,6.85,11.05,15.10,13.50,17.40,25.55,25.05,28.70,28.45,24.10,8.70,4.75,9.65,21.25,21.20,14.55,4.95,6.75,0.60,15.05,22.15,23.15,28.10,23.30,27.65,33.05,43.75,40.50,48.05,57.05,68.20,42.30,44.35,29.40,33.90,30.30,30.50,32.10,32.65,8.15,19.25,2.35,11.55,13.55,17.10,19.20,21.05,5.00,1.95,22.50,18.35,15.60,13.00,17.80,5.00,6.85,8.90,9.90,8.05,-4.10,-8.70,-2.80,4.90,18.25,27.70,49.15,22.00,24.35,39.35,41.90,32.00,30.70,21.55,17.05,19.55,19.70,19.55,12.25,0.05,-4.05,-14.50,-11.25,13.25,8.25,8.50,22.55,21.45,13.80,-1.00,7.90,16.55,36.20,45.00,43.40,57.50,57.05,70.05,48.55,75.60
150,1,2025.10.02 05:45:00,2025.10.02 14:39:58,Asian,4,1,5,Q85,3865.07000,3885.57000,3854.82000,3885.57000,0.05,97.90,30900,-10.80,7500,0,-2.05,11.80,5.25,8.20,9.55,19.95,20.65,19.85,10.35,1.20,-1.95,-2.10,0.80,4.20,7.45,2.40,9.45,3.25,3.30,2.60,5.00,-3.55,-0.20,-1.40,-10.80,-10.30,-4.20,6.05,17.00,15.25,19.20,17.90,21.85,10.80,8.60,15.05,9.60,15.45,14.25,22.50,26.80,33.60,35.85,39.00,33.65,34.20,44.05,27.75,12.35,8.90,-5.80,11.45,32.20,40.70,45.30,25.55,-1.70,-0.60,-3.20,3.70,15.85,9.30,18.35,8.05,4.95,9.80,13.00,21.65,22.90,30.70,39.65,52.45,56.80,58.60,47.65,58.80,46.95,52.55,63.75,51.70,51.40,58.30,60.60,63.45,59.65,70.40,70.10,69.85,71.15,55.35,71.65,87.75,86.90,82.50,73.30,79.75,76.40,84.95,84.35,77.95,77.40,91.20,97.90,93.95,92.10,94.00
152,1,2025.10.03 03:15:00,2025.10.03 04:14:58,Asian,5,1,3,Q75,3861.27000,3854.43000,3854.43000,3874.95000,0.05,0.00,0,-22.40,2700,0,-4.10,-12.05,-13.15,-20.55,-12.90,-13.95,-21.00,-19.35,-22.40,-9.65,-14.60
154,1,2025.10.06 03:00:00,2025.10.06 17:34:58,Asian,1,1,3,Q63,3909.72000,3953.02000,3888.07000,3953.02000,0.05,195.70,51600,-46.75,1500,0,-23.65,-14.00,-27.40,-24.55,-46.75,-36.00,-23.75,-38.60,-24.15,-36.90,-46.35,-46.05,-40.25,-20.90,-17.60,-27.25,-30.55,-33.70,-17.05,-12.05,2.80,12.85,32.75,41.45,62.00,71.75,70.20,62.10,55.05,60.55,51.15,55.30,66.80,61.25,57.75,56.25,68.55,69.20,61.15,74.70,60.75,60.45,66.90,79.60,94.90,103.60,93.80,98.15,106.15,101.35,97.80,99.45,110.20,119.05,125.75,131.20,151.15,129.95,140.95,144.80,148.55,173.50,151.90,118.25,125.75,136.50,100.00,109.30,103.40,114.85,101.35,116.40,92.35,80.30,81.00,89.35,87.05,92.45,77.45,85.60,87.05,115.90,111.80,119.25,122.35,125.45,124.40,129.15,102.60,113.90,117.45,132.85,116.65,153.20,154.35,159.70,178.20,187.60,186.70,189.10,181.10,168.20,144.65,129.50,143.15,154.45,176.25,164.55,167.50,166.95,166.00,163.10,151.65,169.25,163.65,157.70,145.45,159.80,157.20,164.15,153.25,134.50,142.75,152.40,151.85,150.70,158.45,170.10,185.35,164.50,170.20,162.55,153.65,139.60,136.45,122.05,131.85,144.90,146.30,131.25,131.70,131.30,129.55,141.05,128.60,145.55,151.70,153.15,116.65,108.60,94.75,100.05,108.80,121.85,133.10,122.95,126.35,127.80,123.40,128.30,127.85,120.10,93.05,142.10,175.35,168.10,169.50,172.15,179.95,195.05,194.30,195.70,185.50,191.05
156,1,2025.10.07 02:15:00,2025.10.07 04:14:57,Asian,2,1,2,Q55,3964.37000,3957.39000,3957.39000,3978.33000,0.05,56.20,4200,-24.35,6600,0,12.45,10.90,26.10,27.10,27.70,36.75,24.20,22.55,26.30,24.05,26.75,33.55,46.10,56.20,48.55,55.10,33.10,8.35,-3.55,-0.90,-8.05,-24.35,-21.95
158,1,2025.10.08 02:00:00,2025.10.08 05:54:58,Asian,3,2,2,Q41,3989.73000,4008.57000,3980.31000,4008.57000,0.05,89.40,13800,-20.30,7800,0,5.00,3.30,1.70,11.10,3.95,-3.25,4.65,1.65,2.05,29.05,27.30,23.05,37.25,35.10,35.55,38.70,41.30,44.45,19.85,21.35,26.00,29.05,24.90,12.95,-13.85,-20.30,-6.00,-10.60,-0.65,22.40,23.80,14.05,20.00,31.40,42.35,54.35,47.65,48.60,74.40,67.20,78.30,69.85,82.10,79.60,84.00,89.40
160,1,2025.10.09 04:30:00,2025.10.09 19:34:58,Asian,4,2,4,Q75,4031.33000,4001.33000,4001.33000,4091.33000,0.05,130.60,42900,-129.10,47100,0,11.90,14.10,9.00,-32.50,-57.20,-58.10,-97.40,-76.35,-88.75,-113.60,-86.40,-91.30,-118.25,-75.75,-68.45,-66.40,-52.55,-63.60,-60.20,-41.10,-55.10,-54.75,-38.15,-34.45,-29.80,-16.90,-14.50,-20.25,-22.45,-22.80,-8.90,-9.00,7.60,10.10,27.50,35.10,37.50,38.85,37.10,42.25,42.10,38.45,33.00,26.20,36.40,28.50,37.20,37.55,53.15,30.45,37.40,30.20,31.95,44.00,40.05,35.70,31.65,32.00,24.70,1.75,19.85,-3.65,-5.40,-18.50,-19.25,-23.10,-4.60,3.70,-19.60,-20.15,-3.25,-13.10,-13.60,-19.95,-12.55,1.95,-5.25,0.90,4.05,2.70,16.05,24.65,21.40,27.10,26.85,35.65,35.65,41.10,42.75,33.95,51.75,27.00,44.45,34.15,39.65,35.70,30.00,36.45,25.75,31.30,27.80,30.80,30.70,31.80,32.40,31.65,37.90,36.85,41.55,37.95,37.20,45.50,50.85,64.40,46.35,40.50,34.25,21.40,16.90,22.85,40.65,49.55,67.30,72.50,61.25,64.00,54.90,57.75,47.80,43.65,36.15,47.85,51.00,48.65,70.80,60.75,92.95,111.20,114.10,113.40,121.85,106.00,130.60,124.45,82.20,60.10,1.35,-19.50,-45.10,-70.20,-42.95,-20.20,-37.15,-42.80,-105.05,-121.65,-129.10,-87.85,-97.35,-53.95,-24.75,-40.50,-38.50,-41.80,-29.70,-15.35,-48.40,-73.40,-95.30,-108.25,-116.20,-83.25,-80.70,-84.45,-62.85,-50.50,-73.15,-76.35,-104.45,-97.40
162,1,2025.10.10 02:55:00,2025.10.10 06:29:57,Asian,5,2,2,Q74,3988.44000,3968.63000,3968.63000,4028.06000,0.05,26.15,3300,-94.45,12600,0,5.85,-7.40,3.85,10.40,15.10,13.45,15.50,12.10,19.45,22.35,26.15,19.40,12.45,-0.95,-20.60,-17.85,-48.50,-55.80,-33.55,-58.10,-81.35,-70.10,-50.30,-46.25,-75.80,-42.65,-49.85,-32.10,-27.95,-18.20,-21.15,-12.50,-14.80,-27.85,-22.95,-38.95,-49.20,-69.95,-67.55,-85.90,-76.20,-94.45
164,1,2025.10.13 02:40:00,2025.10.14 02:34:58,Asian,1,2,2,Q75,4043.05000,4122.85000,4003.15000,4122.85000,0.05,362.70,84600,-85.05,2400,0,-21.10,-3.40,-31.20,-41.80,-51.80,-82.20,-55.80,-85.05,-45.20,-13.25,-17.70,45.35,70.50,16.50,25.15,3.65,-3.60,32.40,6.55,0.95,-12.15,-5.60,20.80,47.05,34.35,19.95,39.05,49.60,26.25,16.05,32.30,26.35,35.75,15.95,13.80,23.00,23.15,17.25,3.00,24.75,25.50,25.60,34.55,33.15,21.05,43.90,36.35,50.20,58.35,41.75,41.60,44.40,46.70,52.30,49.05,60.95,60.95,68.80,66.50,77.35,70.65,66.45,69.85,66.30,93.30,111.65,100.90,121.50,140.40,141.40,163.25,162.80,162.65,149.20,145.40,104.30,102.10,106.85,112.65,124.10,132.20,127.50,130.50,125.40,132.60,124.60,130.75,128.60,119.80,125.20,142.30,133.10,152.20,157.05,131.50,145.00,161.00,162.95,152.85,140.40,151.05,159.90,161.45,141.15,156.20,151.60,143.60,134.65,155.10,171.20,177.15,173.65,180.35,176.20,165.85,164.80,153.40,143.25,138.25,147.45,151.40,160.70,178.50,171.25,168.50,157.60,141.95,149.95,149.45,166.35,161.20,172.35,173.75,189.30,193.10,188.25,177.15,183.05,194.95,203.85,194.65,191.55,176.90,167.65,170.25,168.25,158.70,154.85,156.65,162.70,160.15,174.85,186.50,204.45,198.05,187.80,176.95,165.00,172.15,184.15,196.15,216.85,223.15,221.75,239.00,246.50,230.60,225.60,217.20,243.45,260.95,253.65,260.25,258.55,247.15,255.05,259.40,261.80,270.35,275.95,271.35,282.40,294.60,271.75,281.90,252.05,269.50,283.65,272.95,251.20,260.55,276.85,283.65,275.00,296.55,309.15,322.45,347.65,362.45,357.10,351.00,333.45,342.80,320.60,314.45,344.40,334.90,313.45,318.00,309.50,318.60,313.65,341.50,348.50,332.15,334.25,321.10,314.05,297.10,304.05,300.10,285.85,294.10,303.45,313.90,307.85,312.75,304.10,294.90,302.30,292.75,293.40,280.70,257.60,274.75,292.15,304.05,308.40,317.05,299.70,310.60,313.10,334.55,328.00,316.40,321.55,329.05,328.05,335.00,337.65,329.20,323.60,335.35,341.30,338.70,335.80,335.80,335.80,335.80,335.80,335.80,335.80,335.80,335.80,335.80,335.80,335.80,335.80,348.80,347.45,349.30,345.75,348.60,330.50,326.85,320.80,325.55,342.65,356.10,357.70,359.75,362.70,359.15,359.35,353.65,361.10
166,1,2025.10.14 03:25:00,2025.10.14 04:29:58,Asian,2,2,3,Q75,4121.93000,4149.61000,4108.09000,4149.61000,0.05,122.25,3600,0.00,0,0,21.60,26.55,30.90,31.45,28.65,27.70,12.00,45.95,37.55,93.15,99.35,122.25
168,1,2025.10.15 01:15:00,2025.10.15 11:09:57,Asian,3,3,1,Q60,4160.89000,4213.97000,4134.35000,4213.97000,0.05,240.80,35400,-44.95,900,0,8.40,-23.20,-44.95,-33.65,-9.40,-16.85,0.05,-2.70,-10.20,-10.10,0.60,-2.70,0.90,2.95,16.45,11.95,20.05,23.60,15.05,17.90,3.10,28.10,28.55,38.45,32.85,14.10,-24.00,-15.15,16.05,31.50,21.00,-2.80,6.70,64.50,90.95,91.15,75.20,107.90,123.20,115.90,102.75,85.40,93.45,95.90,105.70,106.95,106.65,94.05,108.05,104.30,92.00,39.75,49.15,53.75,50.35,69.45,77.25,85.00,102.80,113.50,105.40,102.85,113.60,116.90,113.50,119.80,136.15,136.95,131.15,122.95,126.30,120.95,108.90,96.45,77.40,70.70,78.75,91.70,89.85,90.30,92.10,91.15,119.35,143.85,144.60,154.70,159.65,131.85,123.95,138.35,143.95,147.95,125.10,130.85,154.25,155.65,137.30,148.60,144.75,141.35,141.70,165.70,175.55,185.45,191.55,188.75,198.30,192.80,196.80,196.30,193.35,195.35,221.00,219.30,224.55,230.45,235.45,240.80
170,1,2025.10.16 04:40:00,2025.10.16 08:34:58,Asian,4,3,4,Q64,4227.77000,4205.24000,4205.24000,4272.83000,0.05,68.15,5400,-19.45,13800,0,15.45,-11.20,2.90,11.85,21.30,30.75,33.70,23.55,26.45,19.00,12.05,24.45,41.85,41.90,42.10,57.50,64.35,68.15,53.60,57.85,43.05,39.70,27.70,15.70,28.25,27.00,35.85,28.95,35.05,33.95,36.50,42.10,54.30,52.00,52.95,47.50,33.15,23.55,18.75,28.55,21.80,28.55,-2.40,-11.40,-17.40,-19.45
172,1,2025.10.17 01:20:00,2025.10.17 04:44:58,Asian,5,3,1,Q75,4369.13000,4292.35000,4292.35000,4522.69000,0.05,18.50,5400,-240.15,12000,0,-43.25,-6.75,-63.45,-74.50,-41.50,-58.90,-106.50,-111.70,-97.20,-43.70,-68.00,-52.55,-46.35,-26.90,-41.65,-30.60,-3.15,18.50,-27.05,-18.60,-39.15,-41.00,-62.45,-36.65,-45.60,-55.45,-53.45,-42.55,-10.50,-14.55,-8.95,-56.35,-93.50,-65.45,-106.70,-161.25,-158.15,-176.10,-230.55,-240.15
174,1,2025.10.20 01:00:00,2025.10.20 15:39:58,Asian,1,3,1,Q47,4247.79000,4314.67000,4214.35000,4314.67000,0.05,285.85,52500,-128.40,9000,0,83.30,31.30,57.75,96.35,67.75,58.35,14.80,35.70,45.60,69.05,39.70,40.90,33.75,22.15,-19.00,-8.70,-12.90,-0.65,-14.95,-3.00,-11.20,-40.00,-26.50,-48.50,-56.55,-49.75,-112.90,-77.50,-100.95,-128.40,-105.40,-49.05,-34.60,-16.20,-8.45,8.60,-64.35,-41.30,35.95,37.60,40.40,75.35,55.80,50.05,90.65,92.05,76.05,76.40,76.85,60.75,74.90,72.05,82.25,95.95,92.70,79.75,65.75,69.70,44.90,40.05,25.35,49.35,30.40,60.80,70.20,36.50,22.75,34.00,35.70,46.45,83.15,84.35,76.55,72.30,69.90,72.20,73.35,83.15,75.10,96.55,94.25,98.20,89.90,90.60,86.00,77.10,68.40,51.30,16.50,46.20,46.55,17.60,36.35,2.05,-10.75,-39.00,-72.70,-31.05,-19.25,-48.45,-54.90,-104.70,-65.95,-39.15,-68.80,-68.95,-56.35,-58.55,-49.75,8.00,34.35,46.35,41.50,30.80,35.85,26.60,56.30,38.75,43.70,37.35,51.45,59.70,64.80,61.80,54.40,63.95,78.65,60.75,57.95,31.40,35.70,54.75,34.95,31.95,24.50,25.90,23.60,21.00,24.85,38.10,52.70,69.00,77.00,64.15,27.75,-3.55,28.80,30.00,47.10,40.95,29.30,37.15,48.85,58.30,60.40,35.10,41.40,37.30,35.15,59.05,73.15,74.70,61.55,82.05,79.70,92.80,97.75,160.40,144.50,153.15,165.15,228.20,244.50,225.80,285.85
176,1,2025.10.21 17:00:00,2025.10.22 03:09:58,New York,2,3,17,Q79,4173.86000,4055.10000,4233.24000,4055.10000,0.05,567.10,36300,-38.90,900,0,-9.90,5.05,-38.90,36.00,103.60,182.05,195.85,278.30,361.45,302.35,253.30,177.65,222.50,185.60,161.15,187.85,202.95,244.05,223.40,242.90,155.75,165.25,158.65,174.80,168.90,196.15,197.30,232.20,288.10,278.45,282.10,330.75,299.90,282.65,254.45,299.00,346.85,327.70,300.35,318.80,326.30,375.75,299.70,306.55,287.60,297.90,310.60,312.60,255.90,300.15,275.20,297.20,278.65,287.05,270.00,245.25,299.10,309.70,306.30,293.30,257.80,292.85,318.60,340.90,364.90,348.35,317.10,343.80,316.25,342.35,358.60,320.30,298.65,270.05,264.30,250.60,266.90,255.35,226.90,228.60,224.35,232.70,235.50,242.55,242.55,242.55,242.55,242.55,242.55,242.55,242.55,242.55,242.55,242.55,242.55,242.55,271.40,289.25,276.60,252.95,239.65,244.75,232.60,250.40,243.50,245.95,249.70,252.25,269.95,242.85,283.50,280.90,259.60,248.45,236.20,244.35,247.20,311.85,334.10,402.75,567.10
178,1,2025.10.22 03:10:00,2025.10.22 06:34:58,Asian,3,4,3,Q54,4037.20000,4129.07000,4129.07000,3853.46000,0.05,1.30,300,-400.65,12000,0,1.30,-77.05,-75.50,-59.85,-169.15,-215.35,-194.75,-219.20,-213.10,-198.15,-311.45,-369.65,-400.25,-361.80,-359.05,-337.65,-330.20,-272.50,-307.10,-310.65,-272.35,-253.80,-297.85,-361.40,-390.30,-374.70,-374.65,-367.30,-359.35,-341.55,-380.85,-392.00,-391.55,-389.20,-358.15,-368.05,-376.30,-375.45,-395.55,-400.65
180,1,2025.10.23 02:40:00,2025.10.23 09:04:58,Asian,4,4,2,Q93,4090.33000,4116.40000,4116.40000,4038.19000,0.05,92.00,2700,-103.10,22800,0,6.35,17.05,0.85,12.65,-24.30,-9.05,22.00,42.80,92.00,69.80,37.75,54.65,44.10,36.70,31.30,45.80,73.40,87.65,62.55,68.50,-3.80,13.80,9.90,12.75,41.75,48.40,58.70,83.90,68.20,64.65,71.55,76.35,57.05,43.05,42.95,52.45,52.30,33.70,45.75,37.55,35.55,25.35,5.35,-27.85,-45.95,-26.65,-2.05,-17.05,-14.90,-10.15,-0.25,-5.15,-1.25,13.20,-5.75,14.40,26.20,28.95,15.15,13.60,17.85,-0.35,0.55,2.45,-1.50,-11.75,-4.95,5.65,22.60,4.00,-20.85,-16.70,-32.20,-42.35,-76.60,-103.10
182,1,2025.10.24 05:55:00,2025.10.24 11:19:57,Asian,5,4,5,Q75,4113.46000,4052.00000,4144.19000,4052.00000,0.05,294.10,19200,-44.60,3900,0,18.55,17.70,23.80,-24.45,6.95,-1.00,-18.90,-16.10,-10.50,-18.85,-30.00,-43.70,-44.60,-29.75,-19.05,-15.60,8.30,36.05,31.15,43.00,35.80,33.70,3.55,0.95,6.35,-17.40,-9.15,-8.60,-16.45,7.70,3.05,16.90,34.35,24.55,13.15,0.25,42.75,91.15,121.25,150.15,123.50,135.70,117.75,125.70,91.55,99.80,94.10,95.35,104.05,102.15,100.95,92.25,89.90,121.00,121.00,125.00,125.60,131.95,147.80,201.60,194.00,240.10,240.25,294.10
184,1,2025.10.27 02:00:00,2025.10.27 16:39:58,Asian,1,4,2,Q75,4065.35000,3984.63000,4105.71000,3984.63000,0.05,365.50,51900,-145.45,4200,0,3.75,-29.60,-21.35,5.25,-0.60,-10.55,-58.95,-51.40,-48.50,-60.15,-62.20,-78.90,-80.05,-145.45,-125.75,-129.10,-140.85,-141.35,-113.85,-109.45,-109.65,-106.50,-93.60,-82.10,-55.85,-47.90,-67.15,-52.05,-34.25,-39.55,-42.35,-56.55,-63.70,-32.00,-44.75,-32.80,-21.40,-49.50,-51.85,-43.05,-54.35,-60.45,-53.60,-72.35,-75.15,-71.45,-41.10,-21.35,18.60,44.45,38.60,26.30,10.00,10.30,6.05,23.15,22.75,1.40,-17.40,-18.35,-36.15,-33.80,-41.30,-44.75,-69.85,-83.70,-88.10,-67.65,-74.35,-82.70,-82.40,-72.10,-64.40,-77.00,-72.15,-81.65,-88.50,-84.60,-86.55,-73.55,-73.60,-78.75,-64.55,-65.20,-48.25,-42.80,-30.75,-39.10,-20.10,-15.35,-24.85,-16.30,-26.85,-18.30,-8.90,-15.15,-0.00,-3.80,-5.30,-6.40,33.05,32.95,23.65,15.50,31.75,38.10,126.15,111.60,102.40,144.60,144.10,132.55,115.65,141.00,126.60,98.20,110.45,97.95,127.15,127.30,107.25,97.60,108.30,109.40,118.95,144.70,148.90,111.30,116.45,122.75,134.10,137.65,145.25,151.25,172.15,167.25,182.85,174.00,191.40,245.70,223.80,204.20,201.70,206.50,164.40,168.20,163.25,150.30,123.25,152.90,161.05,158.65,149.55,102.80,123.70,97.65,91.15,123.40,127.80,133.00,128.15,159.80,162.85,161.60,201.15,229.05,231.85,213.55,270.75,292.90,302.15,359.70,365.50,335.75,350.25
186,1,2025.10.28 01:05:00,2025.10.28 01:34:58,Asian,2,4,1,Q46,3986.91000,4000.30000,4000.30000,3960.13000,0.05,19.20,600,-41.85,1500,0,6.85,19.20,-26.50,-38.30,-41.85
188,1,2025.10.29 00:35:00,2025.10.29 01:59:58,Asian,3,5,0,Q69,3941.86000,3962.59000,3962.59000,3900.40000,0.05,38.20,1500,-95.70,4200,0,-7.45,-8.60,12.50,31.80,38.20,-4.80,-16.20,-28.60,-57.50,-54.90,-45.90,-38.25,-39.15,-95.70,-79.60,-92.35
190,1,2025.10.30 00:05:00,2025.10.30 06:34:58,Asian,4,5,0,Q75,3922.22000,3967.26000,3967.26000,3832.14000,0.05,9.85,18000,-196.35,8100,0,-41.95,-79.25,-45.20,-54.15,-77.60,-66.50,-84.45,-96.80,-121.35,-110.90,-96.25,-102.40,-100.30,-120.20,-121.50,-138.95,-141.75,-139.85,-136.55,-115.45,-150.25,-124.65,-153.55,-185.50,-189.25,-173.55,-196.35,-184.75,-187.20,-173.95,-138.65,-98.65,-111.00,-124.80,-144.80,-189.55,-166.60,-139.85,-142.70,-152.75,-141.00,-173.40,-137.55,-178.50,-148.15,-135.20,-129.20,-77.10,-52.35,-70.70,-72.00,-58.85,-58.95,-81.45,-78.90,-75.75,-36.40,-34.25,1.65,9.85,-10.55,-33.65,-39.25,-42.10,-54.80,-66.25,-73.45,-52.70,-41.20,-60.05,-80.30,-74.50,-97.20,-105.00,-134.90,-151.30,-185.70
192,1,2025.10.31 05:00:00,2025.10.31 14:49:58,Asian,5,5,5,Q52,4011.34000,4035.78000,4035.78000,3962.46000,0.05,102.60,4200,-91.40,35100,0,29.15,19.10,84.65,69.25,62.60,54.75,49.55,41.25,66.35,70.65,73.25,73.70,78.65,102.60,95.95,82.25,75.85,51.50,51.25,52.60,54.65,30.70,21.00,28.40,54.60,69.50,70.35,69.70,78.00,49.20,49.60,55.75,21.60,16.80,19.40,29.15,10.10,12.05,7.20,-3.45,-1.25,12.30,8.90,10.00,5.45,20.10,16.05,-8.70,-21.75,11.40,-22.05,-33.70,-46.75,-60.90,-49.80,-36.90,-6.80,-34.30,-32.30,-50.10,-59.00,-73.95,-58.75,-53.55,-50.20,-50.50,-39.45,-54.70,-43.95,-44.90,18.30,4.00,-5.25,5.80,24.15,37.35,40.60,42.45,21.10,40.80,34.65,49.30,39.90,12.40,-4.55,-23.05,-23.95,-13.25,-2.40,-7.65,0.40,1.50,5.25,21.70,27.80,18.65,12.80,29.05,25.80,35.40,33.50,28.35,38.50,20.80,11.65,21.05,11.70,3.95,2.55,3.90,-6.50,-9.05,-63.75,-40.10,-32.45,-75.35,-91.40
194,1,2025.11.03 02:20:00,2025.11.03 04:24:57,Asian,1,1,2,Q74,3963.50000,4006.66000,4006.66000,3877.18000,0.05,0.00,0,-182.20,4500,0,-39.35,-35.90,-17.80,-50.95,-47.15,-54.40,-25.10,-38.35,-33.05,-106.30,-113.80,-145.80,-144.00,-177.05,-182.20,-163.85,-143.95,-147.90,-164.15,-164.15,-148.35,-143.50,-160.10,-181.45
196,1,2025.11.04 01:00:00,2025.11.04 07:49:57,Asian,2,1,1,Q50,4001.56000,3975.00000,4014.84000,3975.00000,0.05,125.40,24300,-17.45,300,0,-17.45,15.80,67.35,49.85,31.15,27.50,15.40,23.85,16.50,24.30,16.05,18.45,48.45,23.75,32.40,22.20,23.55,41.05,48.90,84.90,107.35,63.55,77.55,74.65,50.50,68.70,56.60,55.95,73.45,80.25,89.85,76.35,70.05,77.00,62.70,70.10,114.40,121.40,121.30,107.15,104.80,87.05,104.55,94.05,90.20,123.00,97.85,71.85,90.25,72.00,65.45,74.25,52.85,44.05,29.80,15.05,45.80,46.35,32.75,34.40,50.15,47.45,63.15,53.90,53.00,48.20,48.15,50.75,66.05,77.05,55.25,81.50,85.65,88.60,87.85,84.75,83.35,91.95,108.60,104.75,125.40
198,1,2025.11.05 11:45:00,2025.11.05 18:49:57,London,3,1,11,Q40,3969.61000,3987.18000,3987.18000,3934.47000,0.05,56.05,6300,-74.40,17400,0,-7.10,-10.50,-10.85,37.90,19.95,28.60,19.10,16.35,24.65,22.25,18.80,12.35,8.65,35.90,24.90,5.20,33.35,43.00,40.95,53.45,56.05,52.95,44.30,31.15,17.45,20.85,13.65,28.15,18.05,26.05,7.65,10.30,10.00,12.55,25.85,24.25,28.25,18.95,0.05,13.80,-19.85,-16.90,10.00,-30.25,-33.45,-18.15,-11.15,-25.75,-14.10,-46.40,-31.45,-37.70,-33.85,-50.05,-54.80,-61.00,-69.45,-74.40,-62.60,-34.60,-14.50,-24.80,-11.05,-6.45,-22.60,-7.15,-0.50,-10.25,-48.60,-60.65,-56.60,-66.70,-54.55,-57.20,-45.25,-47.55,-61.55,-35.70,-37.80,-50.55,-60.30,-51.90,-69.50,-66.30
200,1,2025.11.06 01:20:00,2025.11.06 05:34:58,Asian,4,1,1,Q46,3970.06000,3988.10000,3988.10000,3933.98000,0.05,18.00,6600,-81.95,14700,0,-0.45,-3.80,-18.00,-25.45,-16.95,-31.40,-19.10,-18.50,-6.15,-13.55,-24.60,-11.75,-17.50,-18.70,-9.00,-11.45,-12.30,-12.50,-17.15,-31.45,-12.85,18.00,0.35,-2.35,-17.05,4.20,-13.25,-12.85,-5.95,-12.80,-29.70,-33.55,-35.80,-42.05,-37.45,-40.45,-38.85,-40.55,-66.95,-65.50,-51.10,-62.15,-65.20,-68.45,-58.75,-54.45,-74.85,-70.90,-81.95,-81.55
202,1,2025.11.07 06:15:00,2025.11.07 06:59:58,Asian,5,1,6,Q54,3991.10000,3998.78000,3998.78000,3975.74000,0.05,0.00,0,-35.90,2400,0,-19.40,-27.45,-27.65,-17.00,-22.65,-22.50,-28.90,-35.90
204,1,2025.11.10 01:05:00,2025.11.10 03:19:57,Asian,1,2,1,Q75,4006.77000,4032.05000,3994.13000,4032.05000,0.05,100.45,7800,-12.05,1800,0,13.30,18.55,-0.15,19.00,10.20,-12.05,-3.85,2.60,-0.30,7.00,25.30,49.05,36.95,45.00,38.80,38.45,48.30,44.95,28.15,48.10,79.30,64.30,67.25,71.35,79.15,100.45
206,1,2025.11.11 01:00:00,2025.11.11 03:04:58,Asian,2,2,1,Q64,4115.66000,4133.90000,4106.54000,4133.90000,0.05,84.45,6900,0.00,0,0,3.25,22.65,18.20,9.00,20.10,24.35,18.50,15.70,22.20,31.90,18.10,23.55,8.10,12.85,20.20,23.40,27.30,45.45,56.90,56.60,67.75,74.15,84.45,76.65
208,1,2025.11.12 01:05:00,2025.11.12 01:49:57,Asian,3,2,1,Q47,4130.75000,4143.89000,4124.18000,4143.89000,0.05,63.10,2400,-5.80,300,0,-5.80,13.00,20.70,33.80,38.40,36.85,55.75,63.10
210,1,2025.11.13 05:10:00,2025.11.13 10:34:57,Asian,4,2,5,Q59,4199.80000,4238.12000,4180.64000,4238.12000,0.05,188.05,19200,0.00,0,0,0.95,13.75,19.95,5.30,13.25,17.35,37.55,43.50,47.80,67.25,59.20,92.55,88.15,65.75,48.60,49.35,38.15,42.25,40.55,37.50,33.70,47.20,45.90,78.35,87.30,81.15,67.20,64.35,71.60,77.00,77.25,66.05,77.85,61.55,38.00,52.65,30.50,35.30,40.30,46.80,46.20,32.20,29.85,37.35,59.55,52.05,54.25,54.45,53.10,53.80,75.55,84.25,83.45,76.10,77.55,73.05,92.60,100.20,125.00,146.75,151.50,173.15,185.60,188.05
212,1,2025.11.14 01:30:00,2025.11.14 09:29:57,Asian,5,2,1,Q25,4179.31000,4160.80000,4160.80000,4216.33000,0.05,157.40,14400,-82.30,28500,0,5.95,11.70,-0.45,30.95,22.00,35.70,21.50,22.90,31.85,46.35,35.60,44.90,44.15,50.35,37.50,31.60,2.60,22.60,41.50,31.95,18.25,12.70,-14.60,-23.55,-27.10,18.75,4.15,38.05,63.70,54.85,65.05,62.95,73.75,72.45,93.30,102.45,117.60,112.60,123.00,130.90,142.05,138.70,130.35,140.40,132.45,140.55,156.55,157.40,144.85,141.95,139.35,132.30,119.95,125.60,127.55,116.10,104.20,103.20,102.30,91.45,118.25,119.60,115.65,112.20,103.60,120.40,100.50,69.40,49.40,46.55,47.05,44.20,64.60,76.05,73.30,75.00,64.65,49.95,57.05,51.05,52.15,22.80,11.65,-5.70,13.60,16.75,6.05,-30.45,-38.45,-19.70,-15.20,-26.15,-38.85,-40.45,-82.30
214,1,2025.11.17 03:00:00,2025.11.17 21:39:57,Asian,1,3,3,Q47,4083.01000,4035.53000,4106.75000,4035.53000,0.05,222.10,66900,-92.00,2400,0,-30.65,-34.85,-54.85,-25.30,-46.95,-64.50,-83.15,-92.00,-79.90,-58.80,-66.85,-40.95,-16.20,-26.35,-30.70,-21.80,-19.40,-44.75,-32.05,-21.10,-26.80,-20.95,-12.05,5.50,15.30,20.75,15.70,15.85,28.15,13.45,12.25,4.90,-1.20,1.75,-8.15,-4.45,-11.70,-16.55,-5.85,5.85,-2.85,-2.25,2.95,-4.45,0.30,16.40,5.60,21.30,31.20,33.60,52.15,76.55,84.10,92.55,146.55,143.75,126.95,129.00,136.35,122.90,94.25,114.35,121.65,97.75,113.40,100.10,87.25,64.40,80.90,74.20,81.50,86.10,69.00,62.20,50.80,34.10,39.40,21.00,18.20,5.55,-2.40,-13.30,-16.90,-26.55,-44.25,-57.35,-36.45,-21.30,11.60,8.60,10.60,23.65,26.40,47.90,34.25,27.35,37.15,21.35,3.25,5.05,-1.50,-3.15,-30.10,-16.35,-18.20,-6.00,7.45,4.00,-13.40,-22.50,-21.05,-19.55,-13.90,-6.15,-2.25,-4.15,16.90,25.95,65.75,62.85,94.00,47.85,74.30,64.10,72.45,85.20,51.25,25.65,12.35,30.70,-12.05,19.45,16.65,15.55,22.30,15.00,22.65,23.60,-1.10,0.50,0.65,13.70,24.20,25.60,-22.30,6.70,-2.30,-16.55,21.70,31.90,34.60,66.60,69.10,81.40,97.80,92.35,87.15,68.60,46.85,77.90,90.55,86.05,37.15,41.25,42.90,40.35,36.65,33.55,61.20,86.95,71.30,101.60,43.30,51.35,40.15,43.15,45.65,63.80,71.60,93.25,132.05,122.85,106.75,102.75,87.75,69.40,53.60,66.15,69.80,78.00,73.40,62.30,42.50,48.55,43.70,30.25,24.10,28.00,13.05,24.60,36.40,38.50,49.35,48.45,48.65,46.05,50.55,50.20,45.90,49.25,59.90,68.50,71.10,66.95,91.20,101.25,112.30,124.10,110.45,94.95,108.10,133.35,222.10
216,1,2025.11.18 02:45:00,2025.11.18 09:39:57,Asian,2,3,2,Q75,4037.01000,4000.21000,4055.41000,4000.21000,0.05,176.50,24600,-23.90,1200,0,15.60,21.95,-20.45,-23.90,-9.10,-20.00,-17.35,-12.50,-16.90,3.25,-10.75,19.60,25.10,60.10,61.70,68.60,28.20,13.10,24.45,41.75,30.50,8.65,16.75,35.00,53.65,77.35,95.25,95.45,110.95,111.95,135.20,130.10,120.00,103.00,69.90,74.90,96.60,113.00,117.90,119.30,128.30,129.15,146.10,145.95,94.40,118.25,129.60,133.45,137.10,131.50,131.30,133.80,141.50,123.50,107.65,91.45,99.45,84.40,71.50,65.15,78.90,63.95,89.50,104.30,100.55,121.20,125.55,123.25,116.65,113.15,131.50,128.45,117.05,133.15,137.70,147.70,147.50,140.90,142.00,165.90,173.00,176.50
218,1,2025.11.19 04:00:00,2025.11.19 04:44:57,Asian,3,3,4,Q56,4059.09000,4078.31000,4078.31000,4020.65000,0.05,0.00,0,-64.75,2400,0,-6.15,-13.55,-4.95,-12.95,-13.45,-27.55,-56.75,-64.75
220,1,2025.11.20 01:55:00,2025.11.20 04:09:58,Asian,4,3,1,Q74,4106.21000,4065.53000,4065.53000,4187.57000,0.05,12.30,1800,-176.05,7800,0,-7.00,-5.10,11.40,-3.65,6.85,12.30,-3.15,0.25,-14.85,-5.60,-15.25,-16.75,-15.95,1.45,-21.65,-42.90,-40.35,-47.75,-58.70,-73.10,-74.25,-72.55,-54.95,-83.75,-124.95,-176.05
222,1,2025.11.21 03:25:00,2025.11.21 18:54:57,Asian,5,3,3,Q75,4064.10000,4088.67000,4088.67000,4014.96000,0.05,166.00,20700,-94.10,55500,0,9.50,6.05,5.00,-0.10,-17.85,-42.75,-21.00,-41.45,-35.55,-47.40,-12.05,-28.95,-48.60,-63.75,-50.35,-46.45,-20.80,1.95,34.60,51.45,51.45,35.90,62.20,62.45,56.50,57.45,51.95,46.00,33.80,33.10,40.60,46.65,20.25,44.20,35.30,38.05,20.45,52.35,65.95,66.15,71.85,74.25,57.85,49.65,48.35,39.95,38.85,38.85,51.75,42.80,71.05,75.90,83.70,112.45,24.65,25.30,29.45,59.85,113.85,97.30,160.70,133.30,147.75,141.55,135.60,137.70,155.85,163.55,166.00,156.55,159.45,145.30,132.05,141.70,157.55,152.05,158.05,145.30,165.45,158.05,145.90,134.65,148.25,121.65,107.60,93.00,91.35,103.00,110.25,120.80,118.35,82.45,85.65,27.75,7.55,27.85,38.80,25.30,52.25,71.95,52.05,62.85,65.50,93.20,105.80,126.05,108.65,117.15,157.50,149.55,144.60,151.55,121.25,130.80,134.25,131.15,108.95,117.75,123.15,119.15,121.40,127.95,130.25,136.15,152.90,160.30,137.25,138.50,98.90,98.10,102.30,84.75,99.20,39.65,6.00,10.60,-17.90,10.25,-12.25,17.50,-3.75,7.80,-1.50,-8.45,-17.15,-28.50,-17.55,-42.95,-64.50,-71.75,-78.05,-69.10,-49.95,-61.55,-35.70,-11.30,-6.35,-14.35,-2.25,4.50,-19.65,-51.15,-39.05,-30.45,-39.60,-39.20,-35.30,-49.40,-22.00,-17.25,12.25,2.55,-9.50,-16.35,-27.80,-18.80,-10.70,-16.35,-25.35,-38.45,-29.40,-51.25,-59.80,-78.25,-94.10
224,1,2025.11.24 02:50:00,2025.11.24 14:44:58,Asian,1,4,2,Q42,4065.20000,4077.81000,4077.81000,4039.98000,0.05,119.80,7500,-50.85,42600,0,2.20,-15.75,9.95,42.90,51.55,58.15,47.75,47.15,50.70,50.85,64.50,60.55,75.25,104.75,95.10,85.80,94.20,86.25,87.25,85.35,76.60,75.85,87.35,104.80,119.80,106.55,83.35,79.95,91.05,91.60,95.20,81.05,57.45,40.95,44.50,73.10,78.45,74.25,60.15,41.50,29.25,53.40,70.75,70.20,81.45,90.20,92.00,104.45,106.15,102.55,100.30,97.35,96.70,100.55,93.65,88.70,97.50,92.40,82.35,115.25,111.20,93.65,66.30,67.75,76.65,76.90,54.95,59.15,45.30,46.10,40.50,43.45,58.95,58.95,37.95,51.70,55.95,47.55,54.90,62.25,31.85,32.50,5.65,13.00,20.55,26.75,14.45,11.95,14.20,4.55,22.60,10.10,21.15,10.15,8.00,-0.60,2.80,8.95,-5.35,-17.30,-34.70,-37.65,-18.30,-17.20,-14.80,-36.05,-26.05,-22.75,-30.50,-34.45,-45.00,-37.75,-41.00,-36.50,-20.50,-25.40,-14.75,-10.05,-26.70,-15.50,-1.60,5.10,-1.85,-13.75,-8.05,-17.70,-18.65,-28.95,-19.35,-19.45,-26.30,-20.75,-22.50,-25.40,-40.05,-18.75,-18.50,-17.45,-23.35,-28.75,-50.60,-50.85
226,1,2025.11.25 02:50:00,2025.11.25 03:04:57,Asian,2,4,2,Q55,4135.57000,4125.09000,4125.09000,4156.53000,0.05,0.00,0,-30.65,600,0,-14.65,-30.65
228,1,2025.11.26 01:40:00,2025.11.26 03:44:58,Asian,3,4,1,Q69,4135.35000,4150.93000,4127.56000,4150.93000,0.05,69.25,7200,-16.05,600,0,-7.45,-16.05,-15.90,-8.05,-0.85,16.85,15.75,16.30,29.85,32.35,15.75,24.90,22.10,7.65,13.95,36.55,30.10,41.90,25.10,46.50,49.50,48.10,59.10,69.25
230,1,2025.11.27 01:45:00,2025.11.27 02:49:57,Asian,4,4,1,Q68,4165.27000,4162.15000,4162.15000,4171.51000,0.05,11.55,300,-4.60,2100,0,11.55,6.15,-2.10,-2.45,4.40,-0.65,-4.60,2.65,6.15,1.75,0.35,2.55
232,1,2025.11.28 02:35:00,2025.11.28 10:29:58,Asian,5,4,2,Q75,4180.66000,4154.31000,4154.31000,4233.36000,0.05,59.05,4200,-103.80,28200,0,-10.15,-8.30,-5.90,8.90,-0.45,46.20,47.05,27.95,20.70,37.20,31.55,32.85,50.15,59.05,57.85,53.60,52.10,50.45,40.10,43.65,45.85,51.45,46.70,31.60,38.10,35.20,40.45,42.60,43.80,53.95,20.25,36.75,28.90,31.50,38.00,41.20,28.45,13.95,12.80,20.15,17.85,15.40,29.50,28.55,14.65,21.35,1.35,10.25,24.40,26.40,33.80,39.10,38.55,28.25,3.10,11.15,19.15,14.00,21.50,18.15,23.20,22.25,23.00,18.45,7.75,12.40,7.90,12.90,10.40,16.65,19.15,24.15,24.15,32.90,37.90,31.65,32.90,30.40,25.40,22.90,25.40,12.90,7.90,-1.00,-10.60,-12.10,-21.15,-29.50,-30.85,-47.55,-58.40,-76.25,-76.25,-103.80
234,1,2025.12.01 01:05:00,2025.12.01 01:09:58,Asian,1,1,1,Q75,4225.76000,4212.17000,4212.17000,4252.94000,0.05,0.00,0,0.00,0,0
236,1,2025.12.02 04:50:00,2025.12.02 11:24:58,Asian,2,1,4,Q89,4224.28000,4200.64000,4200.64000,4271.56000,0.05,8.85,1800,-98.85,23400,0,-13.60,-13.40,-5.05,3.75,-1.25,8.85,1.40,-8.95,1.65,-8.70,-14.50,-33.35,-29.90,-37.45,-19.70,-30.25,-37.70,-26.95,-36.85,-39.20,-36.70,-42.20,-32.30,-35.60,-28.75,-27.80,-32.20,-39.95,-25.55,-18.60,-7.00,-14.10,-18.55,-13.40,-20.05,-9.15,-1.85,3.70,6.25,5.80,-2.40,-11.20,-57.25,-93.35,-81.15,-81.35,-75.30,-63.00,-48.10,-56.90,-61.10,-56.75,-52.55,-37.40,-29.45,-33.05,-39.80,-43.85,-63.50,-56.15,-63.20,-53.70,-55.40,-68.10,-49.10,-55.30,-38.30,-49.25,-45.60,-38.70,-59.05,-53.75,-62.55,-71.30,-66.05,-82.35,-81.70,-98.85
238,1,2025.12.03 04:30:00,2025.12.03 07:49:58,Asian,3,1,4,Q75,4223.32000,4204.57000,4204.57000,4260.82000,0.05,27.05,600,-79.60,11700,0,19.60,27.05,9.30,18.90,17.80,16.75,5.15,-3.85,-3.45,11.40,3.90,11.20,5.15,-7.05,-3.00,-0.90,-7.75,-10.60,-25.00,-24.10,-14.70,-8.95,3.55,-3.70,-0.25,-2.55,3.80,-4.10,-10.25,-4.50,-2.95,-12.95,-11.70,-12.25,-13.75,-12.00,-31.80,-61.90,-79.60
240,1,2025.12.04 03:30:00,2025.12.04 04:04:57,Asian,4,1,3,Q79,4213.30000,4202.17000,4202.17000,4235.56000,0.05,6.75,900,-21.10,1800,0,-7.70,5.15,6.75,0.60,-14.95,-21.10
242,1,2025.12.05 05:00:00,2025.12.05 15:04:57,Asian,5,1,5,Q70,4207.66000,4232.84000,4195.07000,4232.84000,0.05,112.30,16200,-23.10,900,0,-11.85,-19.05,-23.10,-17.75,-17.35,-21.80,-14.40,-9.40,8.05,7.10,13.60,9.65,8.05,24.35,30.15,21.30,22.75,23.95,40.95,31.95,32.35,35.80,41.30,45.90,39.20,42.90,42.75,42.65,43.85,59.25,58.80,60.45,62.25,62.90,62.65,64.30,64.60,96.00,89.10,92.70,108.05,98.25,96.50,93.10,87.35,86.10,84.70,85.05,87.15,104.75,98.70,99.00,99.05,112.30,92.35,98.05,85.25,89.45,78.90,84.25,91.05,80.00,77.35,81.25,82.60,76.50,83.40,81.75,78.55,79.60,66.95,64.25,65.85,54.30,54.35,54.95,56.20,66.90,69.20,83.15,81.70,78.50,82.95,77.95,85.80,86.50,82.75,81.55,95.70,81.45,84.55,86.20,83.95,78.15,83.30,75.65,73.60,70.35,82.55,84.75,81.85,67.90,71.00,73.65,76.45,74.35,71.95,79.90,92.85,93.20,90.50,98.25,92.85,84.05,82.75,80.95,88.90,91.25,95.45,105.90
244,1,2025.12.08 02:50:00,2025.12.08 17:04:58,Asian,1,2,2,Q39,4209.78000,4194.97000,4194.97000,4239.40000,0.05,43.45,20700,-65.65,51000,0,-2.70,5.25,-24.15,-33.25,-19.05,-19.70,-2.30,-9.90,-7.50,-14.00,-15.80,-41.90,-44.90,-44.50,-46.85,-49.70,-46.30,-39.55,-45.50,-32.35,-39.15,-17.60,-16.70,-1.50,7.15,-6.35,-8.45,-0.95,1.00,14.80,2.75,1.05,1.85,-6.95,-9.85,-8.25,-0.90,1.35,-2.80,1.30,-1.60,-1.10,1.60,-1.25,13.90,4.50,2.95,3.95,-4.40,-6.45,-8.80,-7.60,-3.25,-19.15,-13.80,-15.25,22.05,20.50,25.50,19.35,30.00,36.55,37.20,22.70,27.00,24.55,31.00,32.70,43.45,40.80,36.15,34.00,34.00,37.85,29.05,30.05,24.10,25.55,24.00,20.50,31.40,11.75,0.80,-5.00,-3.50,-11.25,4.25,8.90,9.20,11.25,21.35,-3.60,-17.05,-8.50,-3.85,2.50,2.90,-1.20,-7.00,-11.15,-3.50,1.45,-0.10,4.25,-1.80,-8.30,-9.50,-7.60,4.20,-9.65,-2.20,0.10,-2.05,-8.35,-6.70,-19.20,-14.75,-12.85,-17.40,-25.35,-24.15,-32.15,-43.80,-35.55,-32.80,-26.60,-20.00,-1.90,-0.20,14.30,18.15,8.20,12.30,-5.80,7.65,3.95,12.40,-0.05,3.30,7.90,7.55,13.30,13.25,10.60,18.35,20.70,-6.15,-9.30,4.20,-11.80,-28.50,-33.30,-33.90,-30.70,-34.90,-23.10,-36.15,-40.55,-35.55,-16.05,-0.85,2.65,5.75,-3.05,-15.60,-24.80,-56.70,-37.90,-39.15,-65.65
246,1,2025.12.09 02:25:00,2025.12.09 04:34:58,Asian,2,2,2,Q53,4193.63000,4188.20000,4188.20000,4204.49000,0.05,13.90,6000,-16.05,2100,0,-8.00,-7.20,-7.20,-7.90,-0.60,-8.90,-16.05,5.15,5.60,12.15,10.25,1.65,3.30,6.70,10.50,10.45,7.40,13.35,12.30,13.90,5.80,-15.15,-3.85,-9.25,-15.45
248,1,2025.12.10 04:40:00,2025.12.10 05:44:58,Asian,3,2,4,Q75,4216.80000,4206.90000,4206.90000,4236.60000,0.05,4.10,300,-43.25,3000,0,4.10,-3.00,-4.70,0.70,-4.05,-6.40,-33.70,-39.15,-33.60,-43.25,-36.75,-42.00
250,1,2025.12.11 03:05:00,2025.12.11 04:39:58,Asian,4,2,3,Q52,4244.69000,4224.99000,4224.99000,4284.09000,0.05,0.00,0,-86.80,5400,0,-1.30,-22.00,-28.95,-40.00,-42.45,-45.75,-46.30,-33.05,-30.45,-28.25,-31.70,-25.65,-45.85,-54.30,-61.15,-59.00,-73.85,-86.80
252,1,2025.12.12 01:05:00,2025.12.12 03:29:58,Asian,5,2,1,Q75,4283.00000,4265.95000,4265.95000,4317.10000,0.05,0.00,0,-79.60,7200,0,-6.05,-5.90,-8.30,-20.15,-14.75,-28.50,-35.55,-37.00,-39.40,-26.95,-32.80,-41.40,-43.45,-33.05,-27.10,-17.65,-22.55,-32.00,-39.00,-37.50,-37.90,-60.95,-67.80,-79.60,-68.20,-42.55,-59.25,-70.60
254,1,2025.12.15 03:50:00,2025.12.15 18:19:58,Asian,1,3,3,Q56,4321.47000,4300.23000,4300.23000,4363.95000,0.05,137.70,26700,-92.95,51900,0,15.05,5.25,8.95,21.85,1.35,7.70,5.00,15.15,28.35,33.30,37.55,28.50,19.10,23.75,39.90,28.95,9.00,-3.40,9.50,12.25,32.75,26.80,31.80,29.65,24.65,28.90,26.95,39.10,33.65,37.65,37.40,30.95,15.65,17.85,25.05,24.55,21.85,22.75,25.65,23.55,24.60,26.85,33.60,40.90,76.55,83.00,89.00,83.10,102.00,110.75,109.70,96.70,107.95,113.50,107.30,112.20,109.25,120.20,119.70,121.60,114.35,110.95,102.10,102.80,104.20,108.80,106.95,112.80,98.45,72.85,91.35,97.15,95.50,88.60,96.25,100.60,107.50,103.05,106.15,121.90,113.90,121.35,118.55,129.20,130.15,126.60,123.15,117.55,137.70,127.15,118.05,132.05,133.75,121.80,118.45,114.15,107.20,106.15,110.70,112.35,109.70,117.60,122.85,106.60,94.10,95.00,85.70,95.10,96.55,91.05,84.90,78.50,85.25,85.80,94.20,96.90,96.60,96.20,96.70,100.55,105.30,106.80,114.85,109.15,111.40,115.75,113.00,124.70,131.95,119.90,119.95,115.75,123.90,121.25,95.45,77.60,71.25,91.45,83.15,91.05,83.20,97.20,84.10,112.00,91.35,53.70,62.20,47.10,37.60,31.80,10.25,15.50,28.40,53.75,33.55,32.40,-12.45,11.85,-16.15,7.75,5.65,-32.75,-12.90,-35.80,4.75,-11.25,8.90,22.15,12.10,-16.15,-69.20,-66.50,-92.95
256,1,2025.12.16 01:35:00,2025.12.16 03:09:57,Asian,2,3,1,Q32,4307.48000,4300.56000,4300.56000,4321.32000,0.05,23.55,3900,-22.15,5400,0,-4.70,-1.45,-7.00,-16.00,-21.55,-21.75,2.05,0.15,-10.05,-4.75,10.65,12.00,23.55,21.80,10.65,10.40,2.90,-22.15
258,1,2025.12.17 02:40:00,2025.12.17 07:39:57,Asian,3,3,2,Q52,4313.51000,4338.27000,4301.13000,4338.27000,0.05,113.35,17100,-4.85,300,0,-4.85,0.55,1.30,-1.55,11.50,15.10,21.80,15.35,8.05,17.45,42.55,40.85,46.95,49.15,59.05,66.05,48.60,30.35,34.10,46.15,39.40,35.70,18.60,30.60,15.20,9.10,-1.65,4.00,24.70,4.50,8.85,19.60,20.40,25.75,36.05,36.00,39.70,47.05,48.65,50.75,44.10,50.75,55.10,53.00,53.35,46.15,37.00,67.45,81.85,76.10,86.05,80.75,78.00,90.00,94.85,97.25,113.35,89.55,99.50
260,1,2025.12.18 05:15:00,2025.12.18 10:59:57,Asian,4,3,5,Q59,4335.92000,4324.49000,4324.49000,4358.78000,0.05,6.80,7200,-46.65,19200,0,2.50,-15.70,-13.75,-6.00,-11.80,-18.35,-14.85,-14.85,-13.85,-12.90,-23.95,-27.55,-29.25,-19.35,-27.15,-23.85,-32.45,-31.90,-24.55,-23.50,-20.00,-12.05,-8.15,6.80,3.25,0.70,-0.45,-4.55,-11.70,4.60,-3.80,-8.55,-12.80,-23.60,-8.55,-7.45,-9.45,-15.30,-12.05,0.10,-6.55,-11.40,-11.85,-14.90,-9.75,-6.20,-22.65,-25.15,-15.00,-19.25,-5.00,-2.00,-6.10,-12.75,-13.80,-11.90,-22.15,-42.80,-32.75,-37.55,-41.90,-36.95,-43.70,-46.65,-37.25,-36.85,-35.95,-42.00
262,1,2025.12.19 07:00:00,2025.12.19 17:09:58,Asian,5,3,7,Q89,4322.79000,4342.29000,4313.04000,4342.29000,0.05,82.15,36300,-20.05,900,0,-7.90,-11.20,-20.05,-19.40,-14.65,-14.35,6.15,13.50,12.00,19.00,19.40,15.85,17.85,17.15,21.90,27.60,24.75,22.60,12.40,11.05,7.20,8.60,16.60,18.05,9.90,10.70,22.55,11.20,13.85,24.05,32.50,19.75,11.05,11.35,1.90,-0.60,-3.70,4.65,0.35,14.80,3.10,11.40,20.20,18.10,25.70,23.65,25.45,15.70,13.30,15.85,20.10,19.45,25.35,20.75,19.00,22.95,38.95,36.45,27.55,33.25,31.70,38.45,36.95,35.55,35.80,22.60,15.90,12.30,22.40,27.55,30.45,25.00,28.35,16.55,18.10,25.50,21.85,21.55,16.30,18.80,22.90,28.65,26.95,22.35,10.55,-5.95,6.30,11.95,8.60,14.40,10.40,22.55,15.30,15.35,7.05,19.60,26.50,41.05,37.05,50.00,39.50,60.55,47.80,50.75,33.70,43.55,29.35,28.25,31.95,40.50,26.15,36.00,15.75,24.90,49.70,64.10,60.20,22.05,36.15,48.45,82.15
264,1,2025.12.22 02:55:00,2025.12.22 08:59:58,Asian,1,4,2,Q27,4363.66000,4418.14000,4336.42000,4418.14000,0.05,257.70,21600,-8.60,1500,0,7.05,32.65,9.50,5.90,-8.60,15.95,22.10,31.90,70.20,90.50,92.80,95.10,96.60,95.65,86.45,84.95,82.65,83.70,76.70,92.60,93.20,101.95,100.25,119.40,111.90,125.90,124.90,115.05,131.10,118.90,126.80,126.65,132.45,139.15,154.10,154.15,144.70,157.40,156.30,164.90,157.20,156.05,155.35,158.40,161.10,157.65,175.20,173.00,173.85,170.90,174.55,187.80,181.60,195.75,206.70,217.85,204.80,188.70,204.60,192.25,182.15,183.60,188.25,200.30,200.75,190.40,186.95,204.00,207.20,224.30,243.40,257.70
266,1,2025.12.23 02:10:00,2025.12.23 17:04:58,Asian,2,4,2,Q52,4463.77000,4433.74000,4433.74000,4523.83000,0.05,160.50,9300,-86.90,53400,0,12.55,23.20,6.65,22.25,18.45,19.10,23.35,28.00,26.60,33.80,72.60,91.80,108.75,83.50,38.40,67.25,94.30,105.00,105.35,104.10,124.25,114.50,102.30,108.90,107.65,124.40,111.50,114.05,144.75,145.60,160.50,131.35,134.60,148.10,144.75,132.55,112.70,99.15,112.40,115.85,117.70,117.85,112.85,112.35,110.05,115.75,110.40,110.60,116.90,116.00,113.05,112.65,107.65,108.90,103.80,101.75,93.70,93.60,94.95,96.85,84.85,69.40,69.95,83.35,93.55,102.50,86.60,85.80,76.30,57.30,69.55,56.10,38.35,52.70,35.60,61.95,61.30,65.45,62.90,70.35,75.90,88.40,83.05,86.60,89.35,106.15,104.55,101.60,105.50,113.50,101.65,121.00,120.60,114.45,116.00,122.60,122.15,113.05,123.85,117.15,127.30,134.40,140.90,133.60,129.60,130.95,119.15,103.95,88.65,95.30,102.10,96.90,89.90,91.60,90.05,83.05,84.50,83.30,100.40,96.05,104.35,105.55,110.35,110.30,99.05,97.40,95.55,99.50,109.80,102.50,102.70,102.55,103.45,106.15,98.50,101.10,100.20,113.55,123.45,120.75,142.60,149.00,132.45,118.60,110.95,103.40,109.30,107.40,109.05,115.65,111.45,115.65,115.05,113.45,146.25,137.60,153.70,158.85,133.75,126.75,140.45,120.55,129.90,123.50,75.95,76.95,38.90,27.15,30.05,22.15,2.95,5.70,-30.00,-14.30,-54.30,-45.15,-54.10,-86.90
268,1,2025.12.24 03:40:00,2025.12.24 04:59:57,Asian,3,4,3,Q72,4521.99000,4488.06000,4488.06000,4589.85000,0.05,0.00,0,-76.20,1800,0,-9.10,-0.70,-2.75,-15.85,-52.30,-76.20,-51.50,-56.45,-68.85,-75.30,-75.40,-66.00,-65.65,-50.85,-66.10
270,1,2025.12.26 02:10:00,2025.12.29 02:34:57,Asian,5,4,2,Q62,4503.42000,4476.10000,4476.10000,4558.06000,0.05,226.75,57300,-81.15,260400,0,-0.80,-3.70,7.20,17.70,6.25,10.45,20.30,32.85,68.05,71.85,112.75,80.00,33.70,41.00,71.20,33.20,50.65,49.25,17.65,-4.50,9.35,2.30,-11.55,-0.15,15.05,0.40,-0.40,-7.05,-28.15,-21.50,-21.00,-1.70,19.60,26.40,13.40,20.70,42.25,37.50,28.10,-1.55,-15.15,-9.85,-2.75,-5.50,5.45,-7.85,-0.80,13.90,21.80,13.55,12.15,30.25,38.70,17.45,22.35,31.40,23.85,27.95,33.85,33.50,27.75,17.15,26.25,19.35,36.65,36.40,43.15,37.95,39.20,32.75,41.95,44.30,46.05,54.85,64.75,75.40,69.80,68.75,75.90,59.85,32.65,41.15,42.30,55.15,55.05,50.65,43.50,29.80,42.55,34.15,24.90,25.85,27.65,38.00,50.80,49.50,56.95,61.95,60.90,58.10,56.10,59.50,55.70,67.40,59.70,76.70,71.40,69.00,62.50,63.15,63.10,69.80,65.75,63.80,51.45,54.80,51.75,46.65,56.25,66.30,77.05,97.45,95.60,86.80,86.55,72.70,59.55,48.10,44.00,55.20,39.05,28.85,33.00,40.80,34.30,9.70,15.30,26.35,21.80,3.55,9.55,32.10,27.35,26.15,36.75,29.50,34.95,42.55,55.65,56.25,46.50,47.35,40.70,26.90,55.35,50.40,55.70,57.80,75.20,71.90,75.65,102.45,92.25,72.75,88.25,108.65,115.35,107.60,111.20,107.55,104.90,130.85,139.30,109.65,88.95,71.15,65.95,88.25,105.40,124.00,117.85,123.50,133.45,149.60,178.00,189.55,173.40,204.15,188.15,216.10,226.75,218.00,178.25,196.40,195.45,211.70,190.25,193.95,180.95,174.95,168.10,164.75,150.95,155.75,114.15,114.85,99.15,74.00,45.65,79.30,65.05,96.05,54.35,78.40,80.85,63.40,72.10,72.60,94.15,78.20,88.00,94.90,131.15,132.75,143.70,138.15,120.80,128.45,151.80,160.75,142.80,131.85,110.10,105.60,109.85,94.45,91.80,102.00,135.15,138.05,147.50,127.90,112.00,100.60,109.10,123.40,135.65,131.00,114.80,138.25,126.50,124.60,125.25,127.00,133.10,139.25,147.15,144.15,144.60,145.05,143.90,134.75,134.75,134.75,134.75,134.75,134.75,134.75,134.75,134.75,134.75,134.75,134.75,134.75,134.75,134.75,134.75,134.75,134.75,134.75,134.75,134.75,134.75,134.75,134.75,134.75,134.75,134.75,134.75,134.75,134.75,134.75,134.75,134.75,134.75,134.75,134.75,134.75,134.75,134.75,134.75,134.75,134.75,134.75,134.75,134.75,134.75,134.75,134.75,134.75,134.75,134.75,134.75,134.75,134.75,134.75,134.75,134.75,134.75,134.75,134.75,134.75,134.75,134.75,134.75,134.75,134.75,134.75,134.75,134.75,134.75,134.75,134.75,134.75,134.75,134.75,134.75,134.75,134.75,134.75,134.75,134.75,134.75,134.75,134.75,134.75,134.75,134.75,134.75,134.75,134.75,134.75,134.75,134.75,134.75,134.75,134.75,134.75,134.75,134.75,134.75,134.75,134.75,134.75,134.75,134.75,134.75,134.75,134.75,134.75,134.75,134.75,134.75,134.75,134.75,134.75,134.75,134.75,134.75,134.75,134.75,134.75,134.75,134.75,134.75,134.75,134.75,134.75,134.75,134.75,134.75,134.75,134.75,134.75,134.75,134.75,134.75,134.75,134.75,134.75,134.75,134.75,134.75,134.75,134.75,134.75,134.75,134.75,134.75,134.75,134.75,134.75,134.75,134.75,134.75,134.75,134.75,134.75,134.75,134.75,134.75,134.75,134.75,134.75,134.75,134.75,134.75,134.75,134.75,134.75,134.75,134.75,134.75,134.75,134.75,134.75,134.75,134.75,134.75,134.75,134.75,134.75,134.75,134.75,134.75,134.75,134.75,134.75,134.75,134.75,134.75,134.75,134.75,134.75,134.75,134.75,134.75,134.75,134.75,134.75,134.75,134.75,134.75,134.75,134.75,134.75,134.75,134.75,134.75,134.75,134.75,134.75,134.75,134.75,134.75,134.75,134.75,134.75,134.75,134.75,134.75,134.75,134.75,134.75,134.75,134.75,134.75,134.75,134.75,134.75,134.75,134.75,134.75,134.75,134.75,134.75,134.75,134.75,134.75,134.75,134.75,134.75,134.75,134.75,134.75,134.75,134.75,134.75,134.75,134.75,134.75,134.75,134.75,134.75,134.75,134.75,134.75,134.75,134.75,134.75,134.75,134.75,134.75,134.75,134.75,134.75,134.75,134.75,134.75,134.75,134.75,134.75,134.75,134.75,134.75,134.75,134.75,134.75,134.75,134.75,134.75,134.75,134.75,134.75,134.75,134.75,134.75,134.75,134.75,134.75,134.75,134.75,134.75,134.75,134.75,134.75,134.75,134.75,134.75,134.75,134.75,134.75,134.75,134.75,134.75,134.75,134.75,134.75,134.75,134.75,134.75,134.75,134.75,134.75,134.75,134.75,134.75,134.75,134.75,134.75,134.75,134.75,134.75,134.75,134.75,134.75,134.75,134.75,134.75,134.75,134.75,134.75,134.75,134.75,134.75,134.75,134.75,134.75,134.75,134.75,134.75,134.75,134.75,134.75,134.75,134.75,134.75,134.75,134.75,134.75,134.75,134.75,134.75,134.75,134.75,134.75,134.75,134.75,134.75,134.75,134.75,134.75,134.75,134.75,134.75,134.75,134.75,134.75,134.75,134.75,134.75,134.75,134.75,134.75,134.75,134.75,134.75,134.75,134.75,134.75,134.75,134.75,134.75,134.75,134.75,134.75,134.75,134.75,134.75,134.75,134.75,134.75,134.75,134.75,134.75,134.75,134.75,134.75,134.75,134.75,134.75,134.75,134.75,134.75,134.75,134.75,134.75,134.75,134.75,134.75,134.75,134.75,134.75,134.75,134.75,134.75,134.75,134.75,134.75,134.75,134.75,134.75,134.75,134.75,134.75,134.75,134.75,134.75,134.75,134.75,134.75,134.75,134.75,134.75,134.75,134.75,134.75,134.75,134.75,134.75,134.75,134.75,134.75,134.75,134.75,134.75,134.75,134.75,134.75,134.75,134.75,134.75,134.75,134.75,134.75,134.75,134.75,134.75,134.75,134.75,134.75,134.75,134.75,134.75,134.75,134.75,134.75,134.75,134.75,134.75,134.75,134.75,134.75,134.75,134.75,134.75,134.75,134.75,134.75,134.75,134.75,134.75,134.75,134.75,134.75,134.75,134.75,134.75,134.75,134.75,134.75,134.75,134.75,134.75,134.75,134.75,134.75,134.75,134.75,134.75,134.75,134.75,134.75,134.75,134.75,134.75,134.75,134.75,134.75,134.75,134.75,134.75,134.75,134.75,134.75,134.75,134.75,134.75,134.75,134.75,134.75,134.75,134.75,134.75,134.75,134.75,134.75,134.75,134.75,134.75,134.75,134.75,134.75,134.75,134.75,134.75,134.75,134.75,134.75,134.75,134.75,134.75,134.75,134.75,134.75,134.75,134.75,134.75,134.75,134.75,134.75,134.75,134.75,134.75,134.75,134.75,134.75,134.75,134.75,134.75,134.75,134.75,134.75,134.75,134.75,134.75,134.75,134.75,134.75,134.75,134.75,134.75,134.75,134.75,134.75,134.75,134.75,134.75,134.75,134.75,134.75,134.75,134.75,134.75,134.75,134.75,134.75,134.75,134.75,134.75,134.75,134.75,134.75,134.75,134.75,134.75,134.75,134.75,134.75,130.15,84.10,84.10,84.10,99.00,103.80,36.50,-46.55,-81.15
272,1,2025.12.29 05:20:00,2025.12.29 08:29:58,Asian,1,5,5,Q54,4515.40000,4492.20000,4492.20000,4561.80000,0.05,17.35,4500,-75.15,11100,0,4.30,-12.85,13.65,3.10,5.85,2.50,-2.70,5.40,-0.00,-29.20,-1.70,-5.45,-14.90,-5.90,17.35,8.65,1.75,0.55,-5.85,1.55,-12.15,-28.05,-3.60,-16.15,-0.90,-7.05,-5.90,6.95,4.70,-5.40,-5.30,-42.75,-30.40,-54.00,-46.60,-56.20,-75.15
274,1,2025.12.30 16:40:00,2025.12.31 07:44:57,New York,2,5,16,Q63,4377.01000,4322.43000,4404.30000,4322.43000,0.05,230.90,51900,-4.20,8400,0,27.55,80.50,37.60,53.20,52.45,40.35,38.70,11.45,38.10,54.00,53.60,28.80,72.30,56.60,42.90,58.60,71.80,104.80,92.35,48.35,45.30,40.60,56.75,66.40,48.65,44.60,33.20,-4.20,-1.10,-0.20,17.95,18.80,15.75,10.20,18.60,20.20,42.05,58.10,42.25,33.70,6.70,15.40,29.50,36.40,30.40,30.30,42.70,53.70,54.50,50.30,61.90,61.50,46.90,54.05,51.20,57.10,53.10,55.00,75.70,70.75,70.50,136.15,171.75,141.80,176.10,175.55,143.45,147.35,140.80,132.55,117.70,112.65,140.20,154.85,168.95,176.30,149.75,144.60,142.35,146.85,149.25,151.85,152.05,152.30,141.45,152.80,193.35,180.80,180.80,180.80,180.80,180.80,180.80,180.80,180.80,180.80,180.80,180.80,180.80,180.80,179.00,164.85,155.65,183.85,177.40,213.50,224.50,182.75,186.85,210.40,198.25,189.65,175.00,178.15,176.35,188.70,182.20,201.85,209.60,168.30,170.05,199.20,180.95,172.85,148.40,119.85,118.05,113.35,99.30,111.20,65.45,44.35,40.30,35.15,40.95,54.65,37.20,50.70,74.00,71.95,85.95,79.75,87.45,57.05,33.80,103.10,119.70,141.05,124.55,115.70,87.60,119.15,166.80,141.40,116.90,131.55,124.95,133.00,143.70,142.20,152.85,138.75,143.30,159.65,151.80,152.90,158.35,153.40,168.60,164.85,184.70,220.15,230.90,221.40,211.75,212.05,197.50,172.10,217.90,225.25
276,1,2025.12.31 07:45:00,2025.12.31 16:59:57,Asian,3,5,7,Q74,4324.87000,4351.34000,4351.34000,4271.93000,0.05,194.40,900,-108.90,31800,0,70.30,188.55,194.40,187.00,156.40,128.50,106.70,123.50,86.40,63.00,53.00,51.45,26.55,-3.50,-16.30,-24.25,-2.05,-29.85,-45.45,-44.70,-41.95,-44.45,-39.80,-36.85,-19.40,-12.20,-31.35,-16.80,13.10,9.40,-8.35,-10.25,-6.80,1.35,12.65,37.65,50.35,57.30,86.90,60.10,43.60,38.75,53.90,16.30,5.50,1.30,-26.65,-56.75,-34.90,-20.90,-5.20,-26.35,-9.20,-11.35,-7.05,-3.35,25.60,83.70,73.50,87.70,95.50,84.15,90.75,99.45,60.30,54.60,59.85,60.50,67.45,70.00,67.40,60.75,49.80,64.45,69.25,74.45,77.50,79.30,87.05,104.40,89.35,72.15,49.95,37.95,53.60,48.45,54.95,57.75,68.45,65.30,53.00,-3.20,-18.95,-23.20,-27.10,-41.20,-73.35,-94.40,-105.35,-81.80,-74.30,-76.75,-93.35,-64.55,-61.70,-108.90,-60.25,-96.20,-106.80,-108.90
278,1,2026.01.02 11:10:00,2026.01.02 15:34:58,London,5,1,11,Q80,4390.93000,4372.19000,4372.19000,4428.41000,0.05,44.50,14700,-82.05,15600,0,-4.35,-11.05,-23.90,-11.10,-13.35,-19.20,-10.60,-13.30,-8.30,-26.95,-15.25,-20.60,-14.05,-15.85,-9.40,-22.65,-10.90,18.25,13.90,19.95,30.10,25.90,30.40,23.25,20.80,30.45,36.05,17.30,15.35,11.30,20.65,16.90,4.30,10.15,2.60,26.15,22.20,32.80,23.10,11.60,15.25,8.50,-14.05,-15.10,-4.80,17.30,33.10,31.50,44.50,39.70,-47.25,-82.05
280,1,2026.01.05 02:20:00,2026.01.06 22:59:58,Asian,1,1,2,Q62,4383.42000,4496.14000,4327.06000,4496.14000,0.05,538.45,150900,0.00,0,0,5.70,18.05,26.70,58.95,22.30,42.50,42.80,58.55,167.55,135.80,97.45,62.45,71.85,63.20,61.50,105.45,104.30,81.45,75.40,92.65,77.90,37.70,54.05,55.40,69.65,93.85,96.10,94.85,81.65,98.95,119.35,110.40,141.00,134.10,136.40,123.65,133.40,121.35,104.15,126.75,130.80,117.50,116.25,82.65,96.90,84.05,83.40,98.00,109.10,107.30,108.30,111.05,111.85,117.65,102.15,104.10,111.80,109.65,124.00,126.45,123.75,146.20,130.75,130.05,92.20,113.10,134.40,146.25,152.80,157.50,174.70,178.65,181.15,203.10,186.10,205.50,184.25,192.20,181.15,184.45,191.60,179.85,182.70,196.75,187.60,184.90,188.35,193.40,206.45,191.90,187.65,192.10,188.85,185.85,204.65,221.75,223.60,215.75,208.50,212.45,233.20,243.40,238.95,233.65,223.70,217.00,235.60,241.65,251.15,245.85,247.90,245.70,271.05,257.55,258.25,257.15,243.65,246.90,248.75,241.85,252.85,249.25,265.90,262.80,258.35,266.30,275.40,264.45,243.80,239.75,249.10,221.35,222.35,168.90,182.95,191.15,203.35,212.30,186.25,179.55,179.50,177.60,172.15,173.05,155.05,161.70,160.65,159.25,132.65,119.50,135.70,131.10,159.70,128.00,128.90,140.50,112.30,81.15,127.15,137.25,143.55,153.05,147.65,167.20,195.45,199.60,214.20,218.90,192.80,188.25,211.75,219.15,231.30,266.95,281.25,266.30,342.35,354.35,329.15,339.15,326.25,306.00,297.75,282.60,319.85,300.40,307.45,325.40,325.40,291.45,315.15,315.90,301.60,286.60,309.00,304.70,308.50,337.35,346.45,292.00,250.75,279.95,295.15,309.60,316.90,312.55,303.45,307.00,280.70,304.80,306.15,300.40,299.55,309.80,318.95,308.65,314.20,289.65,295.20,305.15,300.50,310.70,316.95,325.95,323.90,270.40,283.15,282.70,288.40,291.60,308.25,307.15,296.15,300.40,292.20,281.55,297.80,288.85,302.20,307.35,306.35,310.55,290.65,288.30,273.45,285.75,292.55,306.95,314.75,319.80,317.70,301.25,304.40,310.10,320.95,313.35,312.70,324.75,324.70,327.90,327.90,327.90,327.90,327.90,327.90,327.90,327.90,327.90,327.90,327.90,327.90,327.90,356.65,371.10,340.55,342.50,335.85,327.60,288.90,302.65,297.65,289.20,280.35,285.50,283.50,277.20,285.20,290.60,287.90,287.05,265.60,256.20,265.65,265.90,260.35,265.15,253.50,264.75,292.00,287.00,262.25,257.95,264.60,283.95,279.20,286.20,321.10,336.20,347.40,368.55,380.45,372.80,382.20,384.35,376.65,345.40,350.95,363.00,356.10,357.70,366.30,376.35,395.95,408.50,421.00,400.90,405.95,418.55,414.10,412.25,416.50,421.10,415.30,410.00,411.25,411.20,407.75,407.10,412.35,413.25,396.40,412.75,418.85,419.85,428.00,421.40,419.60,426.80,423.65,431.55,439.70,401.55,399.10,382.05,362.45,345.50,358.90,361.25,367.50,372.70,373.20,388.75,405.65,404.60,400.95,398.90,406.70,412.20,409.45,428.75,425.10,420.10,400.10,405.85,410.60,409.90,406.05,410.50,388.55,380.75,389.05,398.40,392.80,412.75,429.35,438.00,418.70,417.50,412.10,415.10,418.05,424.70,402.60,390.90,372.70,353.80,369.15,366.75,367.40,363.55,362.85,321.60,330.00,314.85,309.50,332.30,334.15,343.75,332.45,333.65,340.05,352.90,338.45,338.65,340.35,341.65,344.30,340.15,336.50,335.30,351.15,360.75,385.45,380.30,393.75,385.30,396.15,399.50,392.55,399.70,393.50,391.85,408.60,405.35,387.95,385.00,393.30,384.90,395.35,401.30,404.75,406.50,410.95,426.85,381.90,378.45,375.10,377.45,389.05,373.85,408.30,422.80,420.30,439.80,441.60,419.65,414.70,416.70,478.50,478.40,480.60,493.55,522.65,520.55,507.20,518.95,484.15,455.75,466.15,487.90,432.30,436.85,460.20,474.25,471.35,474.75,467.60,454.50,476.90,482.65,492.80,500.05,510.50,516.75,523.50,510.65,515.25,524.30,526.70,524.05,525.00,526.30,527.65,518.40,527.70,515.85,502.70,511.95,533.75,530.25,525.70,529.85,538.45,537.35,525.80,512.90,503.65,510.90,514.15,526.45,522.00,525.15,512.10,501.65,493.35,493.50,494.90,487.75,477.25,493.40,490.60,495.35,489.10,489.50,502.15,501.70,509.60,517.40,514.30,510.50,508.65,516.10,531.55,532.15,534.10
282,1,2026.01.07 01:20:00,2026.01.07 02:54:58,Asian,3,1,1,Q75,4498.69000,4486.56000,4486.56000,4522.95000,0.05,5.45,300,-44.85,4800,0,5.45,-1.25,0.80,-11.40,-16.80,-25.50,-13.45,-26.65,-28.30,-32.60,-27.25,-40.90,-37.05,-38.00,-25.15,-44.85,-44.35,-43.60
284,1,2026.01.08 02:05:00,2026.01.08 02:39:57,Asian,4,2,2,Q34,4463.92000,4451.76000,4451.76000,4488.24000,0.05,8.35,600,-34.55,1500,0,6.45,8.35,1.00,-26.95,-34.55,-29.85
286,1,2026.01.09 01:00:00,2026.01.09 03:04:58,Asian,5,2,1,Q57,4478.16000,4458.52000,4458.52000,4517.44000,0.05,0.00,0,-80.65,6900,0,-5.55,-0.05,-5.90,-14.45,-11.40,-4.90,-9.10,-8.05,-12.10,-22.50,-18.55,-13.00,-17.40,-10.65,-32.75,-32.00,-48.75,-61.80,-49.05,-53.80,-52.15,-68.15,-80.65,-76.65
288,1,2026.01.12 01:20:00,2026.01.12 02:44:58,Asian,1,2,1,Q65,4532.87000,4593.79000,4502.41000,4593.79000,0.05,269.15,4800,0.00,0,0,9.75,24.65,15.90,11.05,46.75,38.40,44.50,36.00,60.10,86.25,103.65,153.95,131.05,159.00,208.50,269.15
290,1,2026.01.13 05:40:00,2026.01.13 08:44:58,Asian,2,2,5,Q75,4597.57000,4576.62000,4576.62000,4639.47000,0.05,19.30,6600,-98.60,10800,0,-17.95,-20.60,-19.30,-17.60,-13.15,-7.85,0.25,6.80,0.85,-1.05,-8.00,-9.75,6.05,4.40,-0.60,-5.25,-1.55,-16.45,-15.70,-11.95,2.85,19.30,-33.15,-34.25,-16.20,-21.90,-21.20,-27.80,-30.60,-43.35,-36.20,-44.30,-54.05,-63.50,-68.30,-98.60
292,1,2026.01.14 01:15:00,2026.01.16 17:29:58,Asian,3,2,1,Q75,4595.96000,4569.53000,4569.53000,4648.82000,0.05,220.05,73800,-61.45,109500,0,-5.35,1.90,6.30,-0.70,3.85,-8.10,1.20,6.25,5.80,37.70,53.75,46.55,47.85,38.05,68.55,62.60,59.90,63.25,46.30,50.90,65.85,97.15,77.30,97.80,106.40,81.60,93.10,95.25,109.20,93.30,89.35,117.30,116.05,110.80,94.00,111.55,109.35,124.30,120.10,115.20,125.35,126.55,128.35,120.10,123.00,130.60,115.55,110.80,124.75,114.35,95.80,125.35,143.35,140.85,139.70,157.40,161.30,164.75,160.45,157.30,163.15,155.25,152.80,161.70,164.25,160.15,166.25,168.60,166.60,213.90,197.10,190.45,184.10,188.60,191.15,211.75,205.25,201.75,217.15,190.30,119.20,153.65,150.30,187.85,185.20,193.55,185.30,152.65,166.50,173.85,179.80,187.95,206.55,192.75,180.80,184.65,194.35,209.90,205.95,201.30,203.60,203.45,201.45,190.30,182.75,175.80,142.05,156.80,145.20,159.15,145.50,168.75,175.35,181.70,196.35,194.25,194.75,192.75,210.40,212.30,215.55,206.65,207.65,189.60,171.50,158.35,168.75,167.75,172.30,174.60,169.55,178.50,193.95,183.60,194.90,195.85,202.70,198.95,188.70,186.45,185.40,196.90,195.45,197.30,194.30,196.10,171.50,159.45,169.95,174.00,167.45,166.00,172.05,193.90,205.15,198.55,200.10,213.25,200.55,199.20,196.90,193.15,199.95,201.75,213.75,196.60,169.15,163.55,163.00,194.75,177.15,171.25,185.35,203.70,190.20,197.35,198.95,201.00,185.90,191.50,195.45,201.25,197.10,168.05,113.50,114.60,58.75,97.75,108.05,48.20,45.55,98.35,129.30,137.75,98.00,71.50,121.05,85.80,86.15,95.00,109.70,113.10,100.90,109.65,123.95,132.55,128.80,115.00,107.40,98.20,75.50,83.90,105.15,100.90,93.40,98.50,87.15,57.50,76.85,63.35,62.95,42.05,76.40,82.55,91.60,125.25,125.25,138.45,155.50,153.95,161.55,168.90,164.50,177.55,180.30,194.55,195.40,207.05,194.55,205.05,212.55,216.25,195.30,204.85,216.00,220.05,217.15,214.85,216.35,179.15,205.60,201.50,204.00,198.30,191.20,172.20,188.85,149.15,172.60,181.85,182.90,176.45,168.60,142.60,149.10,141.00,131.65,124.70,123.55,125.60,123.50,154.60,154.00,154.00,154.00,154.00,154.00,154.00,154.00,154.00,154.00,154.00,154.00,154.00,154.00,136.15,83.35,103.90,80.40,62.20,65.65,66.90,55.95,52.75,88.60,72.25,96.35,101.30,105.95,103.05,104.95,107.90,103.65,102.55,100.00,89.15,72.75,88.15,96.50,69.60,103.10,65.95,37.90,10.10,22.55,-21.70,2.65,32.50,27.95,51.90,20.15,41.35,71.55,89.55,90.30,64.95,75.95,70.15,49.40,57.30,40.70,13.85,35.10,11.55,4.15,-23.40,-23.25,-43.90,-53.75,-27.70,-0.95,3.30,-10.35,-17.00,-18.50,-33.05,-42.55,-9.85,-14.65,0.30,-10.30,-7.15,-6.10,-25.55,-16.50,-5.75,-18.80,-31.55,-31.45,-41.90,-44.75,-47.60,-14.35,-52.00,-61.45,-31.10,-20.20,3.60,-3.20,16.10,42.90,46.95,64.70,61.15,41.00,31.20,48.15,48.30,65.15,70.80,71.25,65.10,64.45,67.75,82.45,69.05,71.40,65.10,38.10,40.70,35.70,29.95,29.20,19.55,28.90,39.05,49.50,36.70,31.20,35.90,45.60,51.90,36.40,36.60,41.45,38.15,28.50,40.15,33.35,33.20,43.35,48.25,65.45,67.50,80.15,78.65,83.45,69.40,77.45,82.85,84.40,94.85,81.20,87.20,109.80,109.90,115.55,117.80,119.60,120.50,113.95,115.35,107.90,115.50,115.90,127.85,128.95,109.60,103.95,105.80,116.35,111.65,106.70,94.90,92.35,99.75,102.80,98.40,106.25,106.15,91.75,83.35,76.25,76.25,76.25,78.15,47.15,57.35,44.90,-4.55,-10.00,-29.75,-39.80,-26.20,-38.30,-20.70,-0.60,19.65,19.90,37.35,33.90,61.40,63.60,34.50,66.55,85.10,75.80,64.55,63.50,86.20,97.75,100.15,102.85,91.10,87.90,78.55,96.10,98.90,97.05,71.70,97.00,130.65,124.95,104.10,78.40,68.60,52.45,57.10,37.45,31.45,48.25,62.90,66.60,68.90,81.05,84.70,74.25,89.95,94.10,92.55,96.30,90.40,102.80,115.10,111.35,109.45,115.95,118.40,117.25,101.85,110.20,98.00,114.00,101.65,108.15,116.80,126.85,115.35,117.45,118.45,112.00,111.25,101.40,104.75,99.25,100.00,99.30,89.95,49.35,48.70,29.30,37.10,45.10,57.45,54.65,60.60,49.40,48.15,49.30,62.00,72.60,80.45,88.30,89.65,90.45,96.65,88.30,97.90,93.45,95.20,99.95,99.95,99.95,99.95,99.95,99.95,99.95,99.95,99.95,99.95,99.95,99.95,99.95,113.05,115.00,90.75,88.05,81.50,64.75,59.40,65.30,61.80,53.95,60.85,71.75,54.60,45.30,49.60,61.65,53.40,58.60,39.50,35.05,27.05,24.55,19.80,20.00,15.55,40.90,38.90,35.95,44.45,50.55,30.70,48.50,45.95,35.30,27.75,22.95,24.00,36.90,11.50,27.60,36.05,20.35,-6.75,-6.45,-0.45,1.95,-17.20,-4.90,5.15,11.30,12.85,13.15,6.10,-1.95,-13.60,4.50,1.65,-0.80,3.90,2.25,10.00,13.10,13.05,21.65,13.95,12.85,10.60,18.75,20.05,19.45,21.50,26.15,20.00,17.80,2.85,9.10,22.15,26.45,13.65,36.85,55.15,78.20,81.00,78.35,56.15,59.00,44.55,49.20,61.45,43.00,51.05,46.30,0.15,4.20,4.45,10.45,25.25,51.35,70.65,65.15,49.45,49.90,54.95,56.95,34.95,60.70,58.65,57.90,61.90,48.55,45.45,57.25,68.05,56.85,51.70,46.75,31.05,34.90,52.10,34.75,44.95,49.95,44.20,37.65,27.80,25.90,19.45,23.05,36.80,28.35,26.15,20.30,44.55,41.70,53.90,64.75,73.60,57.85,63.70,59.90,57.60,59.90,38.80,21.45,27.00,30.20,52.30,65.50,69.55,75.95,86.05,84.25,97.65,87.90,89.00,82.80,71.25,71.40,74.70,80.25,49.90,52.50,37.20,38.05,37.30,44.75,21.75,29.55,13.65,5.80,1.45,-42.50,-26.30,-44.95,-5.75,-20.35,17.80,29.05,12.95,29.60,38.25,39.10,56.15,43.70,31.95,15.80,54.95,44.65,63.95,89.80,88.30,57.90,95.35,106.30,100.90,29.00,-36.65
294,1,2026.01.16 21:40:00,2026.01.19 01:00:00,Overlap/Close,5,3,21,Q59,4588.75000,4606.27000,4579.99000,4606.27000,0.05,46.80,6000,-34.15,4800,0,3.20,5.10,11.55,9.00,29.75,29.85,21.95,4.30,4.15,-2.50,-23.80,-17.00,-22.35,-15.50,0.90,-34.15,-29.60,-25.50,-10.40,46.80,23.45,17.70,16.15,30.90,28.15,30.15,33.45
296,1,2026.01.19 01:10:00,2026.01.21 03:14:58,Asian,1,3,1,Q55,4654.66000,4802.38000,4580.80000,4802.38000,0.05,705.60,180000,-2.35,300,0,-2.35,43.15,91.10,119.35,108.55,96.60,84.75,57.00,87.95,89.30,70.65,58.95,54.70,43.75,110.75,106.05,118.55,119.95,115.65,115.60,90.95,102.55,74.20,84.10,43.25,51.40,22.20,37.40,33.45,14.70,39.10,48.65,42.40,13.65,5.95,38.10,22.45,23.70,24.90,26.90,29.20,33.45,19.80,18.85,29.45,38.80,50.80,64.00,71.10,62.40,50.50,49.45,47.40,41.35,41.45,29.65,28.45,18.65,30.85,32.15,37.55,36.05,37.00,38.30,35.20,32.60,34.25,46.25,50.80,42.50,70.95,72.20,74.40,76.20,85.55,72.15,79.20,63.70,47.85,70.90,63.05,76.25,76.85,72.60,72.80,74.65,83.35,75.30,99.85,98.95,88.80,100.15,109.80,116.60,109.65,102.85,75.70,49.15,53.15,63.90,63.75,59.35,50.45,54.10,47.35,52.20,73.55,79.85,73.80,63.70,76.05,73.55,72.60,70.20,65.75,60.45,46.55,44.80,49.05,71.00,80.50,83.95,64.75,60.00,72.35,69.55,74.80,75.20,73.55,68.80,64.00,66.45,77.95,64.00,67.75,55.80,59.85,50.90,34.65,53.50,59.45,45.35,45.20,48.55,48.50,39.05,45.00,61.75,52.50,44.35,51.00,39.55,42.60,30.10,40.20,47.70,56.00,77.20,79.60,81.35,88.60,84.55,84.75,76.45,81.00,86.75,79.80,80.40,78.25,79.40,80.30,85.30,82.90,78.85,69.00,68.80,58.85,57.50,48.50,40.05,50.70,63.00,64.85,66.85,62.55,51.00,63.15,58.45,68.30,59.65,66.15,75.40,67.45,56.30,51.05,60.25,59.75,74.95,78.10,89.15,101.30,98.15,92.40,91.00,89.05,85.70,86.35,85.45,80.65,92.65,92.75,91.25,88.90,87.75,91.35,83.95,81.25,79.45,76.85,81.50,87.30,91.35,107.70,106.85,116.55,108.00,98.90,98.85,104.35,106.65,122.25,118.85,109.35,114.30,115.20,109.30,107.60,109.65,99.65,100.00,86.30,88.45,77.45,100.65,100.65,100.65,100.65,100.65,100.65,100.65,100.65,100.65,100.65,100.65,100.65,100.65,100.65,100.65,100.65,100.65,100.65,100.65,100.65,100.65,100.65,100.65,100.65,100.65,100.65,100.65,100.65,100.65,100.65,100.65,100.65,100.65,100.65,100.65,100.65,100.65,100.65,100.65,100.65,100.65,100.65,100.65,70.60,80.75,81.15,85.70,67.00,58.70,65.20,56.15,57.05,56.15,54.50,53.55,49.50,59.00,66.25,54.20,48.65,24.95,50.30,37.30,42.60,40.75,40.40,28.80,68.20,84.70,77.80,75.65,71.20,81.60,97.85,100.05,92.25,88.90,87.30,75.45,75.95,62.25,57.05,64.65,67.05,86.90,95.10,95.05,97.10,67.30,69.75,70.10,69.90,59.65,84.70,91.65,92.65,92.95,104.00,106.10,111.15,115.55,127.55,127.50,125.10,128.20,128.70,139.10,145.50,156.35,164.15,178.20,175.55,192.25,193.20,202.95,202.50,211.55,224.65,217.35,202.50,206.50,250.70,242.70,252.20,264.50,276.80,299.65,292.60,293.60,291.75,297.40,280.30,289.10,271.20,260.95,280.50,294.90,299.95,289.20,296.15,296.15,304.40,308.75,323.20,318.00,323.35,321.90,327.45,330.15,311.45,307.75,329.95,349.35,349.15,335.00,328.20,319.85,331.80,325.75,340.95,346.90,368.45,373.25,370.30,367.55,352.90,339.95,369.60,393.05,397.20,396.80,398.15,407.85,395.60,389.00,389.30,390.55,383.75,385.85,387.55,366.15,359.20,358.65,349.20,351.45,364.75,359.40,357.55,353.20,358.25,365.65,363.05,361.05,356.50,382.90,388.05,394.95,381.40,391.40,371.55,384.25,377.00,375.40,374.40,360.05,359.00,355.80,360.40,361.30,369.85,364.60,351.85,342.75,345.30,353.80,334.80,323.40,346.35,330.70,375.50,378.10,385.40,412.05,433.40,412.25,431.00,451.50,439.85,479.80,381.40,422.60,418.50,409.50,415.80,432.75,462.55,452.05,449.65,415.95,375.05,346.65,394.05,357.50,390.75,414.90,409.80,414.20,382.65,400.90,433.55,430.65,426.10,432.65,438.80,451.05,452.85,470.55,481.95,494.90,476.00,470.40,496.75,498.25,486.20,501.95,499.20,497.05,509.35,510.25,519.45,522.95,532.50,543.00,542.90,553.65,543.65,534.45,537.95,525.10,515.20,523.30,501.50,523.65,517.95,515.65,522.85,554.95,550.70,524.20,523.60,538.05,544.15,538.00,528.20,530.20,515.65,515.70,527.05,505.25,475.70,478.70,492.20,479.60,475.70,494.80,502.80,509.85,520.85,519.35,527.50,528.00,527.55,524.30,515.35,518.00,522.35,543.15,537.10,542.50,542.50,542.50,542.50,542.50,542.50,542.50,542.50,542.50,542.50,542.50,542.50,542.50,538.25,526.70,517.45,526.65,520.75,525.40,533.65,542.90,595.45,617.70,610.50,606.00,590.35,607.10,609.60,611.75,600.10,612.40,636.90,646.00,651.95,647.20,658.25,649.85,690.70,705.60
298,1,2026.01.21 03:15:00,2026.01.21 21:54:58,Asian,3,3,3,Q74,4807.67000,4761.28000,4761.28000,4900.45000,0.05,381.25,18900,-208.95,66600,0,26.45,46.45,98.85,45.40,57.75,55.45,95.75,181.55,138.15,133.40,111.20,102.55,92.90,55.35,86.35,124.85,133.95,116.60,110.40,111.90,144.95,181.35,184.10,129.65,125.45,106.50,129.50,147.80,160.55,175.80,166.65,178.90,186.40,173.50,164.75,186.10,212.75,229.20,210.90,232.65,259.45,288.65,279.95,291.55,291.45,261.70,276.90,296.15,329.60,316.05,305.45,342.75,333.55,316.90,330.05,324.40,311.20,309.50,311.05,319.55,337.70,358.95,381.25,367.55,303.25,269.80,273.85,267.40,200.05,168.95,160.15,147.60,152.35,170.90,207.80,199.20,179.80,207.65,216.00,242.75,237.85,260.75,260.85,254.50,288.15,287.85,295.55,274.95,286.30,267.35,256.30,248.05,237.85,243.45,259.95,261.05,264.40,285.50,303.95,292.55,298.00,296.60,315.45,305.40,290.00,293.70,281.65,279.00,269.10,273.80,264.00,265.10,276.40,286.45,285.45,278.05,272.30,270.00,281.90,288.00,311.00,313.15,296.85,276.90,283.80,273.00,265.50,274.90,295.85,293.00,279.50,272.65,243.80,269.40,285.25,294.10,293.85,289.30,255.95,272.15,286.85,267.80,305.25,307.50,297.10,279.85,301.75,318.85,353.00,348.05,329.55,347.95,359.15,224.45,284.95,184.95,192.75,227.55,265.10,250.15,314.65,265.65,229.75,240.45,221.60,270.75,283.85,263.20,117.65,49.05,117.10,159.65,156.85,148.40,179.90,217.05,200.75,197.90,216.90,196.75,138.25,125.15,161.50,193.10,195.40,135.05,130.60,109.25,128.60,83.90,98.45,53.60,73.35,85.90,67.45,-2.35,39.50,11.40,33.15,66.40,93.05,88.30,94.10,89.50,68.25,107.90,132.00,137.80,127.90,150.75,176.35,172.45,212.75,187.70,207.00,206.60,206.70,225.90,41.95,-9.20,-169.55,-208.95,-156.65
300,1,2026.01.22 01:00:00,2026.01.22 01:29:58,Asian,4,4,1,Q75,4832.50000,4788.25000,4788.25000,4921.00000,0.05,0.00,0,-184.20,1500,0,-83.20,-147.35,-87.80,-146.05,-184.20
302,1,2026.01.23 01:40:00,2026.01.23 10:29:58,Asian,5,4,1,Q66,4935.03000,4914.45000,4914.45000,4976.19000,0.05,158.10,22200,-70.75,31500,0,18.55,79.95,104.05,119.55,131.75,104.20,84.25,107.50,78.90,84.70,75.00,88.10,71.10,97.10,114.55,150.05,57.05,50.20,70.80,47.45,65.70,61.85,104.50,96.10,80.90,124.75,117.95,92.45,86.85,76.45,72.60,78.85,76.15,89.85,101.30,106.55,108.90,129.80,127.80,103.00,105.25,118.25,99.45,21.75,41.60,44.65,77.95,84.20,73.30,93.20,83.70,85.15,91.20,84.95,86.90,86.10,84.40,89.35,95.55,104.45,108.95,114.55,113.90,105.95,105.60,109.75,106.15,111.85,115.55,111.95,112.15,120.05,130.65,158.10,144.85,128.15,113.80,103.40,88.00,96.60,118.75,89.90,94.35,97.30,90.35,84.20,101.45,93.30,101.30,106.10,104.70,110.70,83.80,109.25,106.65,88.85,56.10,46.05,77.55,47.00,57.05,59.25,36.25,20.05,-70.75
304,1,2026.01.26 01:10:00,2026.01.27 22:04:58,Asian,1,4,1,Q61,5023.52000,5119.04000,4975.76000,5119.04000,0.05,416.20,27600,-111.40,81000,0,-9.80,25.40,5.95,-22.20,-2.65,32.20,9.05,52.50,81.65,80.95,86.60,95.70,78.70,50.65,56.35,96.25,112.80,131.20,134.00,130.30,104.05,90.80,97.40,117.60,170.25,195.55,228.70,254.00,301.65,264.40,299.00,259.10,272.30,237.25,267.15,228.70,258.20,268.10,320.60,321.20,301.25,307.35,325.10,316.10,313.50,287.00,290.85,284.20,306.55,275.50,298.85,280.20,296.20,283.80,275.20,253.90,241.60,265.70,250.70,262.60,261.85,262.80,246.15,244.60,233.35,216.20,217.70,199.45,210.60,234.60,223.85,206.60,182.40,152.50,198.45,210.65,200.10,190.35,181.20,242.40,250.05,253.90,278.60,240.80,229.55,238.00,247.10,259.10,280.30,303.65,342.90,416.20,379.40,270.95,288.90,323.45,337.75,346.10,341.35,359.30,347.15,335.90,325.35,344.95,343.20,328.20,356.05,339.30,362.95,367.30,364.70,365.75,365.75,361.45,348.80,326.95,297.65,299.35,326.25,328.25,338.45,350.25,333.85,365.55,372.65,349.25,339.85,301.45,278.85,302.90,289.65,296.10,328.80,330.40,326.40,319.95,347.35,356.15,347.00,344.05,346.30,340.55,344.40,338.95,322.25,289.45,305.00,318.70,307.30,342.30,332.25,335.90,340.05,339.90,350.20,346.05,334.40,327.60,366.15,332.45,316.35,309.50,299.90,301.15,305.60,277.05,254.55,267.50,283.05,266.00,230.35,244.05,198.60,205.55,237.80,243.70,253.90,225.55,208.30,224.50,238.85,241.85,271.05,274.25,308.10,328.25,291.65,330.75,343.10,363.35,343.25,339.65,359.45,328.20,334.80,333.55,271.50,285.30,274.60,310.05,329.20,337.05,384.70,385.45,390.90,368.50,352.25,260.80,259.10,228.75,268.55,301.45,318.25,330.40,358.50,340.65,354.30,344.45,300.80,324.95,347.00,337.50,393.65,386.60,381.15,387.20,385.90,315.85,274.50,317.45,330.85,308.00,250.80,224.50,203.90,275.65,283.80,226.75,111.70,169.15,184.10,84.70,-7.55,19.70,91.10,72.25,54.00,-26.55,-32.25,25.90,89.85,92.75,131.95,127.55,136.00,164.20,158.25,88.20,115.50,121.20,162.75,158.60,175.60,112.40,53.55,40.35,-15.90,-15.25,-64.45,-111.40,-92.45,-43.55,-59.40,-66.25,-66.25,-66.25,-66.25,-66.25,-66.25,-66.25,-66.25,-66.25,-66.25,-66.25,-66.25,-66.25,56.60,68.90,82.85,117.95,110.95,108.75,101.65,144.50,166.15,165.80,128.70,100.15,122.80,120.95,144.40,140.20,118.10,107.30,110.95,84.80,41.70,0.15,-1.75,46.50,53.25,125.20,240.10,204.90,225.55,216.55,197.65,184.75,201.85,194.25,207.70,182.90,173.10,209.30,201.90,201.25,223.10,223.35,234.90,254.50,278.00,268.35,212.40,244.35,213.45,234.25,212.70,220.45,236.35,206.00,219.20,251.75,256.10,263.50,255.00,266.95,263.00,245.10,229.60,253.85,255.15,256.40,244.45,223.30,215.45,209.15,219.30,221.70,190.80,185.00,201.35,184.35,212.60,204.40,243.95,234.50,255.50,282.30,277.15,297.35,301.80,292.55,300.15,289.45,318.80,293.50,294.00,298.65,311.35,329.75,327.55,311.60,311.80,349.60,309.70,312.25,319.15,322.20,363.75,363.30,347.50,342.00,336.55,312.55,312.75,301.85,315.75,314.45,301.85,270.45,263.60,277.80,294.05,301.10,286.40,279.90,287.70,293.60,299.25,313.50,307.10,324.65,330.50,347.10,322.55,323.75,359.85,375.15,353.05,351.80,365.80,352.15,331.85,323.95,303.55,324.65,305.45,303.40,300.10,314.20,314.95,325.15,333.35,312.10,311.70,316.65,311.20,318.35,311.40,259.65,243.65,266.75,265.20,282.50,287.75,268.15,264.10,277.60,319.15,312.75,328.90,307.75,300.70,307.30,325.90,299.25,333.30,326.75,312.35,286.90,265.20,278.95,249.50,258.00,286.75,269.45,221.60,230.60,182.95,157.35,182.25,180.00,216.85,223.85,279.20,207.60,199.90,154.35,197.30,202.65,170.45,238.20,260.80,228.45,271.75,298.55,285.80,311.15,304.40,337.20,311.30,336.55,357.45,382.80,352.10,375.25,345.85,342.25,325.10,326.85,329.40,319.55,301.30,316.65,339.90,297.00,304.85,319.70,315.45,305.05,292.45,275.80,293.30,289.15,295.10,290.60,290.75,301.80,288.10,307.50,325.35,332.40,324.25,344.05,344.30,322.75,316.00,310.55,317.80,322.50,333.50,321.40,330.55,333.40,347.45,338.05,354.70,377.10
306,1,2026.01.27 22:05:00,2026.01.28 03:09:58,Overlap/Close,2,4,22,Q75,5119.03000,5199.53000,5078.78000,5199.53000,0.05,352.05,6300,0.00,0,0,32.50,113.40,106.30,94.65,112.80,122.60,124.00,116.70,208.25,288.70,288.40,294.80,308.50,287.15,290.50,274.35,273.80,280.80,313.05,330.70,352.05,286.65,297.75,297.75,297.75,297.75,297.75,297.75,297.75,297.75,297.75,297.75,297.75,297.75,297.75,316.25,300.55,258.95,238.25,219.95,256.50,234.00,233.20,226.30,258.35,271.25,266.45,203.40,240.95,233.65,225.85,222.90,221.15,236.65,252.00,246.15,258.15,294.15,264.50,336.35
308,1,2026.01.28 03:45:00,2026.01.28 22:04:58,Asian,3,4,3,Q75,5215.49000,5331.95000,5157.26000,5331.95000,0.05,549.60,65700,-53.70,900,0,26.05,21.25,-53.70,-39.00,-16.30,-27.35,-13.25,2.85,13.45,43.90,32.35,29.85,63.60,95.25,82.35,105.65,148.10,140.40,124.35,123.30,108.85,106.20,74.15,90.15,122.80,114.55,98.55,121.10,105.90,99.05,91.65,114.00,112.55,110.50,119.20,121.95,121.70,138.50,150.55,162.40,191.80,192.10,210.85,207.85,218.50,198.00,220.75,247.25,246.65,216.60,229.00,212.00,207.60,230.95,246.80,221.35,201.20,214.90,214.30,231.20,233.60,255.70,272.50,266.15,284.35,291.60,323.35,316.75,328.00,323.20,321.20,329.65,364.25,373.70,374.95,403.10,396.05,388.95,380.90,386.15,420.45,449.90,407.45,373.05,345.55,388.70,390.70,382.90,391.95,331.85,312.35,270.55,301.05,323.55,301.70,257.10,295.00,300.95,313.65,302.70,332.05,333.95,309.00,319.00,315.45,291.15,287.80,295.50,302.80,323.65,273.55,140.90,180.75,225.40,194.05,203.35,219.05,200.10,216.90,229.20,249.50,230.65,230.55,202.50,200.80,229.60,230.50,260.35,229.40,245.20,273.15,270.35,261.30,295.85,318.55,363.30,326.30,299.75,301.75,334.55,330.25,293.80,243.20,229.95,253.70,237.70,255.85,225.80,216.45,235.30,252.50,252.80,218.50,238.15,332.15,318.60,310.70,282.85,353.40,391.55,133.15,206.65,203.75,270.90,270.60,288.80,294.60,323.70,301.95,294.60,314.10,329.35,340.70,344.55,360.30,354.20,359.65,310.85,338.20,339.05,389.20,384.30,421.75,434.60,398.80,400.80,388.55,416.90,436.40,390.20,347.25,362.10,369.10,428.05,412.65,393.35,446.05,422.15,474.75,529.95,448.85,360.95,292.30,290.80,316.30,299.60,338.35,305.35,328.05,408.95,405.80,392.90,340.15,384.90,427.55,476.80,502.90,502.35,549.60
310,1,2026.01.29 01:00:00,2026.01.29 01:39:58,Asian,4,5,1,Q75,5416.64000,5584.64000,5332.64000,5584.64000,0.05,424.45,2100,0.00,0,0,121.35,180.30,290.60,377.90,340.50,369.10,424.45
312,1,2026.01.30 01:10:00,2026.01.30 03:14:58,Asian,5,5,1,Q75,5438.43000,5309.92000,5309.92000,5695.45000,0.05,54.55,4200,-359.35,7200,0,-81.45,-178.30,-182.30,-109.60,-50.80,-70.10,0.10,23.10,-0.40,-0.15,-14.75,43.25,33.75,54.55,-2.40,-59.00,-46.00,-82.05,-134.50,-184.80,-98.70,-156.25,-241.45,-359.35
314,1,2026.02.02 04:05:00,2026.02.02 08:24:58,Asian,1,1,4,Q75,4725.37000,4461.51000,4857.30000,4461.51000,0.05,977.15,15300,-196.15,2400,0,67.55,-31.50,-49.05,-1.55,-67.65,-141.45,-151.35,-196.15,-19.95,-12.50,71.90,93.25,31.40,164.20,41.40,47.90,145.35,261.45,354.35,295.05,195.00,333.35,392.70,577.50,350.15,316.15,137.65,221.50,270.80,193.05,289.75,183.40,192.10,196.20,228.35,172.75,260.00,315.60,320.55,291.50,334.40,465.80,509.70,747.10,860.95,934.20,878.75,834.85,868.80,948.95,977.15
316,1,2026.02.03 05:10:00,2026.02.03 08:19:58,Asian,2,1,5,Q87,4776.52000,4856.02000,4856.02000,4617.52000,0.05,56.35,900,-334.20,11100,0,39.60,33.00,56.35,14.35,-29.50,-140.60,-144.25,-95.10,-112.75,-163.30,-202.50,-195.40,-195.90,-189.60,-138.65,-149.70,-186.55,-228.70,-219.35,-225.60,-223.25,-163.00,-205.35,-215.45,-182.50,-223.80,-237.20,-315.95,-274.30,-270.95,-222.35,-261.40,-236.10,-243.35,-218.50,-252.15,-334.20
318,1,2026.02.04 02:45:00,2026.02.04 17:39:58,Asian,3,1,2,Q75,4986.98000,4910.17000,4910.17000,5140.60000,0.05,512.95,25800,-332.40,53400,0,80.90,90.70,143.70,139.20,222.55,320.35,301.05,318.60,252.75,213.50,164.75,227.25,303.70,251.00,298.20,358.05,373.40,364.75,371.05,351.75,354.85,288.00,283.95,368.75,365.90,278.25,267.60,305.80,311.05,312.55,295.20,284.15,325.40,375.30,416.80,378.30,387.85,427.95,415.55,391.35,386.45,429.05,402.50,375.60,374.60,388.50,423.10,425.40,448.75,460.00,467.90,463.35,481.15,480.35,472.95,464.60,466.60,442.80,451.65,471.25,510.35,500.35,462.95,463.75,387.15,362.50,393.50,351.80,338.10,369.25,393.70,418.10,442.80,435.70,449.10,416.95,389.50,381.50,407.50,472.30,512.40,433.75,423.55,468.90,481.55,512.95,489.15,463.50,495.30,452.20,500.50,479.25,485.85,429.35,459.85,461.80,469.50,456.50,483.10,473.25,442.85,411.50,377.05,388.35,349.65,319.25,356.25,352.75,343.10,371.40,365.20,321.85,331.45,334.45,321.45,278.65,282.05,340.35,343.15,365.30,333.55,331.20,307.80,310.60,304.45,277.40,214.75,221.95,184.80,231.25,257.35,227.10,260.15,291.25,302.80,305.20,270.00,291.15,281.05,302.45,302.85,378.30,317.50,344.95,330.05,299.95,270.05,264.35,213.00,207.80,259.80,287.20,310.60,351.40,300.95,249.90,318.05,372.80,335.25,302.40,250.60,304.45,280.35,247.15,221.15,139.10,-23.95,48.20,65.30,122.90,-7.50,15.65,49.35,17.65,-44.85,-107.85,-144.65,-332.40
320,1,2026.02.05 01:10:00,2026.02.05 04:14:58,Asian,4,1,1,Q59,4995.41000,4914.22000,4914.22000,5157.79000,0.05,136.70,2100,-290.40,10800,0,71.75,64.75,90.00,121.65,120.20,114.85,136.70,133.50,112.60,84.80,105.70,47.80,15.10,109.75,80.95,101.70,71.05,105.10,114.90,107.95,96.70,57.40,33.80,21.05,-137.75,-253.45,-238.15,-217.20,-121.60,-79.10,-76.45,-75.05,-79.90,-182.50,-225.40,-290.40
322,1,2026.02.06 01:40:00,2026.02.06 04:34:58,Asian,5,1,1,Q75,4739.15000,4826.13000,4826.13000,4565.19000,0.05,337.45,2400,-407.25,10200,0,-14.45,122.40,137.45,177.05,261.60,252.90,283.70,337.45,176.65,75.10,23.80,-6.20,-96.60,-85.15,-11.15,-119.85,-36.65,6.45,-41.80,105.40,113.10,136.00,-11.35,32.85,-14.60,-63.40,-156.40,-176.25,-156.75,-254.95,-242.55,-303.90,-280.10,-407.25
324,1,2026.02.09 01:15:00,2026.02.09 18:04:58,Asian,1,2,1,Q75,4979.97000,5066.79000,4936.56000,5066.79000,0.05,400.70,59700,-14.50,10200,0,41.20,86.60,223.35,274.95,283.05,306.55,326.40,305.30,280.65,239.90,282.25,249.70,281.55,274.50,277.15,261.15,246.15,240.90,167.50,202.35,200.40,231.50,175.05,195.25,247.60,202.60,184.65,113.20,15.25,149.55,84.80,68.60,13.30,-14.50,50.75,87.20,63.30,89.60,106.65,124.75,98.45,87.95,86.30,158.20,136.10,181.20,194.15,202.60,177.20,213.40,224.60,218.50,211.90,224.95,211.10,199.40,180.55,199.85,219.35,162.05,200.65,196.00,188.75,199.35,214.50,193.15,171.40,176.80,160.95,175.10,197.70,176.65,209.90,221.20,251.30,258.90,267.75,272.30,254.25,277.05,282.50,320.20,286.40,272.00,239.50,210.30,227.35,234.30,260.00,278.30,254.80,285.45,256.65,246.45,204.40,165.45,169.35,120.25,144.10,149.45,150.85,164.55,117.10,126.45,132.20,184.35,188.60,200.90,237.75,230.75,229.00,238.90,234.90,248.70,241.75,224.80,237.35,263.95,238.75,229.90,232.70,225.50,222.35,191.30,171.20,173.65,162.75,133.55,139.15,130.55,145.60,151.30,140.65,132.25,55.60,60.70,51.75,35.15,63.85,81.65,55.40,90.80,78.65,66.25,87.35,114.05,131.25,119.80,127.55,143.45,141.35,161.05,154.80,159.90,175.50,182.60,169.60,172.80,170.60,173.90,178.45,177.45,162.85,189.30,167.05,194.90,214.35,211.05,188.25,182.30,122.10,140.70,109.95,93.80,121.55,140.20,135.85,149.50,154.30,177.05,177.95,189.00,205.55,278.00,254.70,283.20,263.75,301.45,289.25,290.45,279.75,251.45,237.35,265.20,266.80,369.35,359.65,380.25,400.70,390.50,394.65
326,1,2026.02.10 04:25:00,2026.02.10 17:39:58,Asian,2,2,4,Q75,5054.40000,5009.03000,5009.03000,5145.14000,0.05,102.95,43800,-176.05,11100,0,-34.75,-36.85,-43.30,-19.60,-59.30,-52.45,-80.05,-101.00,-119.20,-137.60,-171.30,-146.25,-162.20,-135.30,-127.00,-149.00,-125.40,-141.40,-121.55,-160.35,-149.30,-152.25,-135.90,-141.65,-134.60,-140.60,-150.55,-138.35,-107.10,-113.45,-113.45,-114.70,-118.20,-122.70,-154.05,-172.95,-176.05,-166.80,-125.15,-108.95,-99.10,-80.10,-75.15,-75.65,-71.75,-86.60,-101.50,-99.50,-112.60,-83.65,-100.65,-128.05,-121.25,-160.85,-148.90,-126.10,-129.10,-127.55,-121.20,-159.65,-145.05,-126.70,-131.95,-127.35,-120.85,-112.35,-101.50,-78.80,-92.70,-106.55,-70.65,-78.55,-93.90,-80.55,-51.40,-28.30,-16.00,-33.75,-62.85,-23.60,16.65,-13.50,-30.65,-3.35,-10.55,-38.15,-35.05,-28.40,-40.50,-47.45,-37.70,-24.30,-27.50,-65.40,-64.60,-26.45,-33.60,-12.05,3.00,-0.65,-0.65,-24.55,-37.35,-38.50,-6.75,-19.80,-36.25,-38.95,-33.20,-16.75,-19.95,-35.15,-12.65,4.30,8.35,-11.60,-41.05,-51.85,-30.25,-41.55,-39.55,-49.45,-46.30,-123.60,-141.25,-128.20,-110.65,-121.00,-99.90,-60.65,-44.20,-76.75,-85.35,-6.45,-26.75,-6.55,6.70,-7.35,-16.15,-27.45,8.15,8.20,87.40,66.80,79.95,102.95,40.85,6.65,-119.40,-68.15,-73.50,-97.15,-63.30,-60.00,-65.00,-43.05,-110.35,-108.75
328,1,2026.02.11 02:25:00,2026.02.11 12:44:58,Asian,3,2,2,Q53,5039.74000,5078.80000,5020.21000,5078.80000,0.05,180.30,36000,-17.85,1500,0,2.55,33.90,28.15,8.65,-17.85,-3.55,-9.15,23.90,10.80,8.55,-8.10,-9.25,-9.95,3.55,10.45,22.20,45.85,49.20,64.20,20.30,6.00,-13.45,21.80,12.60,11.95,30.90,42.40,71.45,66.60,80.40,79.80,67.10,67.95,47.45,50.00,83.05,87.20,70.70,77.45,93.05,91.45,78.15,73.05,82.00,75.05,89.00,96.90,87.90,93.15,84.40,79.10,62.60,53.30,44.40,32.95,35.40,36.40,42.30,58.45,47.80,67.65,89.65,112.85,113.45,70.20,38.60,65.05,55.50,79.25,74.35,106.70,85.15,84.30,87.20,69.80,70.85,94.95,103.20,122.40,118.45,120.40,98.35,97.15,82.70,101.40,92.25,86.65,75.20,64.05,75.90,79.00,96.35,71.40,60.90,63.90,73.90,60.75,41.30,57.25,64.55,71.80,68.50,70.20,65.40,59.10,60.05,73.40,64.35,73.95,91.25,95.65,123.60,121.40,108.65,115.35,124.80,131.90,146.30,162.00,180.30,158.20,148.60,167.45
330,1,2026.02.12 04:55:00,2026.02.12 16:59:58,Asian,4,2,4,Q93,5065.88000,5046.54000,5046.54000,5104.56000,0.05,72.25,39600,-77.65,13200,0,0.60,15.10,28.85,13.80,8.45,-7.00,-29.30,-1.10,-2.75,-2.40,-35.15,-40.60,-44.75,-40.30,-48.35,-54.20,-64.40,-51.85,-47.70,-52.95,-33.25,-39.75,-49.80,-13.30,18.25,20.80,58.25,44.90,49.30,47.25,29.75,-3.70,-0.75,30.70,21.60,39.50,49.10,15.55,0.65,15.50,-0.45,-19.15,-51.90,-77.65,-66.50,-40.10,-51.25,-26.75,-30.40,-31.05,-10.50,-13.85,-18.95,-34.75,-18.20,-16.75,-24.90,-36.90,-22.15,-29.15,-9.80,14.70,32.35,10.85,-1.80,3.20,-25.55,-27.55,-29.30,-14.35,-19.65,5.20,13.30,36.55,46.35,40.80,36.95,40.45,27.50,19.70,25.45,34.90,40.80,66.40,37.00,30.45,18.10,1.45,-11.90,-5.75,-22.70,-16.70,-17.35,-17.25,-33.10,-27.60,-18.35,-20.75,-12.45,-24.40,-16.75,-14.05,-15.95,-13.70,-11.45,-10.35,-5.05,10.35,-9.35,-3.70,-23.05,-16.90,-11.20,-28.05,-16.80,1.20,-10.45,-40.55,-52.95,-70.65,-65.75,-54.85,-24.05,-1.20,20.35,27.40,-16.95,33.45,44.25,48.20,60.10,72.25,46.85,18.95,46.35,-2.75,-38.25,-10.20,-29.60,11.65,-33.90,-47.95,-53.65,-59.10
332,1,2026.02.13 01:05:00,2026.02.13 02:09:58,Asian,5,2,1,Q58,4892.43000,4930.80000,4930.80000,4815.69000,0.05,0.00,0,-169.85,3600,0,-78.80,-91.05,-140.15,-142.00,-139.85,-169.50,-90.70,-108.95,-100.20,-119.30,-139.05,-169.85
334,1,2026.02.16 05:40:00,2026.02.17 07:19:58,Asian,1,3,5,Q75,4990.80000,4909.78000,5031.31000,4909.78000,0.05,312.95,92100,-124.95,22500,0,-0.70,27.35,-1.85,15.95,14.05,68.50,70.35,80.20,65.95,71.90,82.55,80.55,73.05,62.15,58.95,64.80,66.55,36.00,36.40,19.75,20.45,21.90,25.65,28.75,24.10,18.90,8.15,0.30,10.85,6.95,2.40,19.25,1.85,-11.65,-8.75,-33.35,-58.20,-36.00,-27.25,-20.60,-4.25,-33.90,-28.05,-24.90,-30.75,-37.35,-45.40,-47.75,-53.90,-87.60,-82.90,-83.20,-97.85,-78.15,-37.60,-56.90,-61.05,-77.60,-77.95,-81.65,-78.25,-67.80,-81.80,-86.90,-110.60,-102.65,-102.30,-122.95,-110.60,-113.70,-99.40,-117.10,-99.40,-119.50,-124.95,-113.90,-112.55,-105.70,-84.60,-85.30,-96.45,-71.40,-78.00,-69.30,-88.25,-90.15,-86.80,-76.55,-66.20,-54.85,-52.15,-61.10,-59.80,-69.20,-65.60,-65.10,-79.40,-59.85,-71.15,-68.45,-60.30,-58.35,-34.65,-42.50,-40.75,-27.95,-74.15,-62.55,-71.25,-58.20,-47.45,-56.20,-59.80,-56.85,-36.60,-40.55,-51.90,-17.80,-27.25,-14.95,-23.00,-14.15,-19.60,-33.00,-22.65,-30.40,-22.45,-21.60,-19.25,-8.30,-14.35,4.30,9.65,19.10,23.30,12.10,84.75,64.85,71.05,64.80,57.00,51.65,69.30,66.90,50.20,62.55,46.60,55.25,72.05,77.70,56.45,74.30,55.00,22.50,15.60,17.30,8.75,18.90,12.90,13.20,-9.90,-9.65,-2.65,-3.60,-12.65,-19.80,-13.65,-6.50,-12.15,-3.85,-10.30,-5.35,7.50,-2.65,-14.95,-10.95,-23.50,-17.65,-15.60,-11.50,-23.40,-30.80,-26.55,-19.30,-23.85,-23.15,-2.20,-4.80,-5.45,-23.65,-23.65,-23.65,-23.65,-23.65,-23.65,-23.65,-23.65,-23.65,-23.65,-23.65,-23.65,-23.65,-23.65,-23.65,-23.65,-23.65,-23.65,-23.65,-23.65,-23.65,-23.65,-23.65,-23.65,-23.65,-23.65,-23.65,-23.65,-23.65,-23.65,-23.65,-23.65,-23.65,-23.65,-23.65,-23.65,-23.65,-23.65,-23.65,-23.65,-23.65,-23.65,-23.65,-36.00,-35.35,-1.95,6.70,-33.60,-17.75,-2.75,4.20,4.35,-14.30,-14.80,4.95,27.80,61.55,57.20,56.85,69.25,86.50,72.10,75.20,102.05,108.50,192.80,275.30,282.05,214.25,202.25,219.20,189.85,169.65,172.35,160.35,136.70,153.80,159.70,164.40,168.65,135.60,127.25,112.20,116.50,126.35,136.10,133.20,148.65,141.55,136.90,118.05,141.00,135.00,146.00,166.30,163.30,177.05,179.60,198.00,185.25,168.50,165.95,169.70,199.90,205.45,192.95,184.70,167.15,155.45,184.60,181.00,192.45,197.40,198.80,189.25,206.75,230.85,312.95
336,1,2026.02.17 07:35:00,2026.02.18 15:39:57,Asian,2,3,7,Q46,4884.94000,4960.47000,4960.47000,4733.88000,0.05,153.50,36000,-364.10,114000,0,4.60,25.00,-8.25,-22.20,-20.35,-33.00,-34.50,-33.80,-73.75,-55.25,-49.50,-97.20,-123.40,-120.05,-120.15,-142.80,-127.75,-130.50,-118.60,-109.75,-114.35,-124.45,-116.00,-127.55,-174.65,-163.20,-152.60,-181.50,-161.10,-205.45,-177.30,-214.40,-197.40,-203.25,-176.15,-173.90,-167.30,-166.05,-190.60,-186.75,-179.20,-219.80,-189.40,-185.30,-173.60,-180.95,-170.35,-176.80,-185.25,-180.20,-166.70,-213.60,-205.70,-213.25,-221.10,-257.25,-240.00,-236.45,-216.45,-202.30,-207.50,-184.70,-156.55,-136.25,-141.85,-171.95,-188.25,-206.80,-210.50,-213.15,-214.90,-197.45,-210.70,-215.40,-222.65,-202.75,-222.55,-227.95,-263.70,-244.05,-263.75,-281.50,-290.25,-277.00,-267.80,-262.65,-247.85,-241.45,-236.30,-213.30,-200.20,-186.95,-140.35,-163.60,-173.85,-136.45,-155.15,-184.20,-174.75,-159.25,70.50,64.60,-40.50,-56.70,-42.05,-58.15,-66.70,-64.35,14.05,73.20,97.20,52.70,104.90,88.60,135.60,138.30,52.60,77.45,116.95,153.50,100.35,82.30,82.30,93.10,31.35,37.75,-18.90,5.25,-1.00,-5.15,6.35,25.00,31.00,37.05,38.05,43.05,78.00,92.65,96.85,147.60,108.10,126.60,99.35,102.45,104.15,124.80,109.50,139.45,98.60,81.50,98.45,89.00,35.00,-3.70,-10.65,15.45,-29.00,-22.85,-35.20,-45.55,-70.45,-66.55,-65.40,-43.75,-26.25,-30.15,5.90,19.95,-2.40,1.80,-0.45,9.25,22.60,29.40,40.70,25.95,42.30,50.50,35.40,43.35,28.50,31.55,24.50,11.55,34.85,8.20,29.85,20.25,6.80,26.70,21.30,23.80,29.60,27.15,35.05,33.00,30.75,30.75,30.75,30.75,30.75,30.75,30.75,30.75,30.75,30.75,30.75,30.75,30.75,70.25,50.05,10.90,54.10,63.40,36.35,77.30,93.70,42.40,100.45,134.50,128.55,107.50,90.40,103.90,97.00,74.70,73.80,47.95,44.35,33.10,31.65,32.75,49.90,4.60,-14.75,-9.30,-2.65,3.20,-10.95,-19.15,-14.35,-5.30,-10.00,-1.20,-25.35,-54.05,-75.70,-68.15,-58.15,-77.90,-80.85,-101.20,-101.40,-100.55,-94.30,-105.80,-102.10,-142.65,-149.95,-138.75,-152.15,-170.35,-172.05,-158.60,-162.25,-169.40,-174.40,-178.85,-179.60,-182.35,-202.25,-218.85,-209.55,-219.30,-241.00,-253.50,-241.35,-242.30,-264.25,-258.05,-245.95,-249.15,-234.25,-241.45,-242.15,-259.15,-252.60,-254.80,-270.20,-249.50,-254.40,-259.95,-242.60,-236.40,-214.20,-209.80,-213.75,-232.70,-228.20,-211.65,-218.55,-230.85,-254.20,-250.60,-229.45,-250.30,-268.25,-267.50,-246.15,-251.75,-270.35,-268.75,-260.70,-246.25,-235.20,-226.35,-227.00,-225.30,-223.60,-222.35,-206.25,-208.80,-205.20,-196.95,-203.40,-181.90,-181.90,-180.60,-161.55,-151.35,-168.80,-159.65,-154.70,-190.75,-182.45,-159.80,-160.45,-178.70,-174.85,-179.00,-162.80,-184.50,-189.25,-176.60,-173.25,-188.45,-182.80,-160.20,-146.30,-135.95,-140.15,-137.40,-147.80,-145.45,-142.20,-154.55,-159.35,-157.70,-152.70,-140.50,-149.05,-132.35,-143.50,-148.20,-139.55,-170.65,-195.85,-184.35,-206.45,-208.15,-181.95,-185.85,-201.05,-221.45,-231.95,-243.80,-291.75,-307.40,-351.25,-364.10,-354.90,-352.90,-355.70,-361.80
338,1,2026.02.18 16:40:00,2026.02.20 18:34:58,New York,3,3,16,Q65,4983.86000,5065.40000,4943.09000,5065.40000,0.05,374.95,173700,-112.55,37200,0,-10.05,1.75,45.50,38.70,99.75,72.20,101.50,106.70,109.65,104.25,89.60,77.30,82.75,73.45,59.45,71.25,96.70,75.80,78.75,67.00,47.75,65.55,86.60,87.60,108.80,104.20,99.25,83.45,79.15,79.10,77.10,73.40,79.30,77.90,56.25,53.45,69.30,71.65,77.15,77.00,90.80,86.20,70.75,53.10,53.05,22.20,38.00,13.35,-2.65,2.80,2.50,16.95,38.60,29.10,40.60,53.95,48.20,-25.80,-3.60,-7.00,-6.40,-18.40,-16.95,-16.30,1.00,-18.50,-26.20,-23.95,-27.05,-31.50,-10.30,-0.70,7.75,5.70,-8.25,5.15,0.70,-4.20,-14.90,-3.55,-0.90,-12.10,-18.20,-17.40,-19.45,-22.60,-34.70,-39.35,-39.35,-39.35,-39.35,-39.35,-39.35,-39.35,-39.35,-39.35,-39.35,-39.35,-39.35,-39.35,-54.75,-34.20,-34.45,-36.65,-9.55,-8.75,-10.05,-10.20,-10.55,-24.70,-40.40,-39.00,-104.70,-94.65,-79.00,-73.55,-81.40,-82.50,-66.60,-62.90,-92.95,-104.40,-105.20,-112.55,-94.20,-95.35,-90.25,-92.75,-111.60,-98.55,-90.30,-77.55,-66.10,-62.30,-49.80,-53.45,-32.65,-39.65,-48.20,-69.40,-74.60,-56.05,-66.10,-58.45,-61.25,-58.80,-55.30,-77.95,-81.10,-71.10,-71.05,-64.80,-76.70,-71.05,-34.55,-41.45,-33.15,-9.10,-9.80,-11.05,-16.30,-6.10,-11.10,-16.85,-8.45,-20.00,2.65,-12.90,-16.35,-24.55,-4.65,2.00,21.05,32.35,33.15,27.05,24.80,26.75,41.15,48.20,61.10,63.30,65.75,66.05,79.15,74.75,76.75,81.05,76.00,86.45,119.30,120.90,126.85,160.00,169.70,172.45,181.70,185.45,171.70,164.90,164.05,170.20,174.15,167.50,158.20,158.75,155.25,132.95,123.50,132.70,139.30,147.55,149.50,154.65,141.35,158.65,180.35,180.45,164.20,167.50,164.00,176.60,177.75,150.60,133.45,83.80,89.25,80.65,98.10,94.45,90.05,59.35,38.60,31.80,27.30,29.80,35.15,15.65,43.55,52.80,24.15,31.35,28.95,47.30,39.35,52.25,44.30,17.30,12.25,4.45,10.25,3.80,-6.35,9.30,-3.25,3.55,11.45,-1.00,23.05,8.05,13.60,41.30,24.00,4.70,12.60,-9.60,-3.95,6.35,-4.70,-4.15,2.90,1.20,-0.10,-3.20,22.20,54.20,49.20,40.25,57.40,66.30,6.35,-21.60,-54.95,-25.65,-25.55,-27.70,-49.65,7.55,43.60,79.95,108.65,109.45,100.25,98.10,78.95,78.65,114.50,160.95,187.85,159.65,157.45,158.00,130.35,150.05,136.90,124.50,107.60,87.80,82.95,71.80,96.70,96.40,112.45,99.55,95.60,56.25,55.85,62.35,63.85,72.05,77.50,51.00,48.30,59.05,48.20,37.10,14.30,5.05,15.00,-4.10,21.75,-0.25,-23.35,-28.80,-15.40,-19.50,-40.10,-10.20,-2.85,-10.35,1.65,21.50,15.70,24.85,20.65,27.25,21.80,-15.45,5.30,11.95,14.60,20.35,30.35,35.90,35.80,52.40,53.05,59.05,63.80,68.75,77.20,94.65,88.50,89.55,79.15,73.55,80.70,81.90,74.20,51.85,58.15,64.65,74.80,75.20,52.55,62.80,62.80,62.80,62.80,62.80,62.80,62.80,62.80,62.80,62.80,62.80,62.80,62.80,88.60,103.15,73.80,87.80,79.60,66.15,74.30,77.35,62.15,68.90,42.85,19.30,49.00,44.35,48.65,49.00,34.95,35.60,33.30,45.45,51.00,61.55,85.20,113.30,126.85,134.15,148.15,126.00,93.80,78.55,79.30,64.75,69.10,69.90,77.55,66.20,101.95,88.75,65.40,54.20,65.35,68.50,76.30,80.15,80.05,60.40,48.85,60.85,56.55,49.60,52.40,68.70,59.65,41.70,60.30,69.40,17.25,57.45,43.10,22.50,38.75,39.65,43.25,37.65,40.45,53.00,58.20,59.60,75.30,69.00,67.00,80.20,108.10,85.50,87.15,77.70,88.55,88.70,93.60,97.15,77.40,116.40,118.80,141.05,156.85,146.15,164.20,166.55,191.60,191.40,203.40,216.35,215.15,229.10,209.15,183.85,186.95,208.40,194.30,183.05,142.05,157.45,152.85,170.35,162.05,151.20,140.80,113.75,155.80,115.70,143.35,149.75,158.30,173.25,188.05,210.00,194.10,204.80,232.85,225.65,253.95,276.45,277.15,274.25,270.60,251.70,257.70,238.85,242.40,248.15,236.40,219.20,204.80,205.95,210.60,230.45,210.45,213.60,248.20,264.30,250.25,228.10,257.85,254.35,245.50,249.10,237.60,237.50,224.30,224.75,241.45,212.75,216.35,194.45,182.50,167.50,183.70,196.40,192.60,178.50,158.95,141.25,186.10,194.55,207.05,194.35,193.80,206.95,223.80,214.50,208.15,228.80,233.05,225.70,201.05,226.70,236.45,286.40,308.95,298.90,282.85,305.75,295.60,292.85,289.40,288.50,314.85,318.30,345.85,368.75,374.95,352.80,217.10,191.80,194.05,260.45,200.85,208.65,208.30,263.40,306.85,317.10,299.60,294.55,295.30,324.10,353.05,325.75,336.65,350.10
340,1,2026.02.20 18:50:00,2026.02.23 16:39:58,New York,5,3,18,Q80,5064.84000,5177.08000,5008.72000,5177.08000,0.05,548.30,208500,-44.80,2100,0,-3.50,9.35,9.60,30.35,9.60,-18.60,-44.80,-2.50,-0.35,11.00,17.75,44.40,51.95,40.65,32.70,28.55,24.40,6.10,23.90,-32.30,3.25,31.70,9.85,38.30,33.30,33.10,38.00,33.85,34.10,47.20,41.00,24.20,33.15,38.60,44.05,39.15,55.60,73.40,66.35,77.25,73.75,90.70,105.95,100.35,98.45,105.35,100.35,97.30,115.10,159.90,151.40,143.80,141.65,143.85,148.85,164.70,165.95,173.95,173.20,196.35,196.00,223.50,223.50,223.50,223.50,223.50,223.50,223.50,223.50,223.50,223.50,223.50,223.50,223.50,223.50,223.50,223.50,223.50,223.50,223.50,223.50,223.50,223.50,223.50,223.50,223.50,223.50,223.50,223.50,223.50,223.50,223.50,223.50,223.50,223.50,223.50,223.50,223.50,223.50,223.50,223.50,223.50,223.50,223.50,223.50,223.50,223.50,223.50,223.50,223.50,223.50,223.50,223.50,223.50,223.50,223.50,223.50,223.50,223.50,223.50,223.50,223.50,223.50,223.50,223.50,223.50,223.50,223.50,223.50,223.50,223.50,223.50,223.50,223.50,223.50,223.50,223.50,223.50,223.50,223.50,223.50,223.50,223.50,223.50,223.50,223.50,223.50,223.50,223.50,223.50,223.50,223.50,223.50,223.50,223.50,223.50,223.50,223.50,223.50,223.50,223.50,223.50,223.50,223.50,223.50,223.50,223.50,223.50,223.50,223.50,223.50,223.50,223.50,223.50,223.50,223.50,223.50,223.50,223.50,223.50,223.50,223.50,223.50,223.50,223.50,223.50,223.50,223.50,223.50,223.50,223.50,223.50,223.50,223.50,223.50,223.50,223.50,223.50,223.50,223.50,223.50,223.50,223.50,223.50,223.50,223.50,223.50,223.50,223.50,223.50,223.50,223.50,223.50,223.50,223.50,223.50,223.50,223.50,223.50,223.50,223.50,223.50,223.50,223.50,223.50,223.50,223.50,223.50,223.50,223.50,223.50,223.50,223.50,223.50,223.50,223.50,223.50,223.50,223.50,223.50,223.50,223.50,223.50,223.50,223.50,223.50,223.50,223.50,223.50,223.50,223.50,223.50,223.50,223.50,223.50,223.50,223.50,223.50,223.50,223.50,223.50,223.50,223.50,223.50,223.50,223.50,223.50,223.50,223.50,223.50,223.50,223.50,223.50,223.50,223.50,223.50,223.50,223.50,223.50,223.50,223.50,223.50,223.50,223.50,223.50,223.50,223.50,223.50,223.50,223.50,223.50,223.50,223.50,223.50,223.50,223.50,223.50,223.50,223.50,223.50,223.50,223.50,223.50,223.50,223.50,223.50,223.50,223.50,223.50,223.50,223.50,223.50,223.50,223.50,223.50,223.50,223.50,223.50,223.50,223.50,223.50,223.50,223.50,223.50,223.50,223.50,223.50,223.50,223.50,223.50,223.50,223.50,223.50,223.50,223.50,223.50,223.50,223.50,223.50,223.50,223.50,223.50,223.50,223.50,223.50,223.50,223.50,223.50,223.50,223.50,223.50,223.50,223.50,223.50,223.50,223.50,223.50,223.50,223.50,223.50,223.50,223.50,223.50,223.50,223.50,223.50,223.50,223.50,223.50,223.50,223.50,223.50,223.50,223.50,223.50,223.50,223.50,223.50,223.50,223.50,223.50,223.50,223.50,223.50,223.50,223.50,223.50,223.50,223.50,223.50,223.50,223.50,223.50,223.50,223.50,223.50,223.50,223.50,223.50,223.50,223.50,223.50,223.50,223.50,223.50,223.50,223.50,223.50,223.50,223.50,223.50,223.50,223.50,223.50,223.50,223.50,223.50,223.50,223.50,223.50,223.50,223.50,223.50,223.50,223.50,223.50,223.50,223.50,223.50,223.50,223.50,223.50,223.50,223.50,223.50,223.50,223.50,223.50,223.50,223.50,223.50,223.50,223.50,223.50,223.50,223.50,223.50,223.50,223.50,223.50,223.50,223.50,223.50,223.50,223.50,223.50,223.50,223.50,223.50,223.50,223.50,223.50,223.50,223.50,223.50,223.50,223.50,223.50,223.50,223.50,223.50,223.50,223.50,223.50,223.50,223.50,223.50,223.50,223.50,223.50,223.50,223.50,223.50,223.50,223.50,223.50,223.50,223.50,223.50,223.50,223.50,223.50,223.50,223.50,223.50,223.50,223.50,223.50,223.50,223.50,223.50,223.50,223.50,223.50,223.50,223.50,223.50,223.50,223.50,223.50,223.50,223.50,223.50,223.50,223.50,223.50,223.50,223.50,223.50,223.50,223.50,223.50,223.50,223.50,223.50,223.50,223.50,223.50,223.50,223.50,223.50,223.50,223.50,223.50,223.50,223.50,223.50,223.50,223.50,223.50,223.50,223.50,223.50,223.50,223.50,223.50,223.50,223.50,223.50,223.50,223.50,223.50,223.50,223.50,223.50,223.50,223.50,223.50,223.50,223.50,223.50,223.50,223.50,223.50,223.50,223.50,223.50,223.50,223.50,223.50,223.50,223.50,223.50,223.50,223.50,223.50,223.50,223.50,223.50,223.50,223.50,223.50,223.50,223.50,223.50,223.50,223.50,223.50,223.50,223.50,223.50,223.50,223.50,223.50,223.50,223.50,223.50,223.50,223.50,223.50,223.50,223.50,223.50,223.50,223.50,223.50,223.50,223.50,223.50,223.50,223.50,223.50,223.50,223.50,223.50,223.50,223.50,223.50,223.50,223.50,223.50,223.50,223.50,223.50,223.50,223.50,223.50,223.50,223.50,223.50,223.50,223.50,223.50,223.50,223.50,223.50,223.50,223.50,223.50,223.50,223.50,223.50,223.50,223.50,223.50,223.50,223.50,223.50,223.50,223.50,263.70,351.85,408.05,386.10,406.95,407.20,408.45,413.45,468.80,469.95,502.45,502.75,417.35,425.20,367.50,333.00,404.45,442.80,424.90,399.00,380.00,366.45,394.10,399.00,421.05,452.35,413.70,441.60,457.60,471.90,461.60,467.60,506.35,496.60,460.40,463.45,493.05,503.50,478.80,472.95,474.00,481.90,497.20,520.15,548.30,529.90,542.85,545.05,537.25,500.50,466.65,453.55,485.55,497.05,508.85,519.10,519.50,526.50,526.85,509.75,490.75,456.10,487.75,497.15,487.65,477.25,471.00,472.05,473.20,480.10,472.70,480.05,451.05,457.30,467.90,450.65,448.60,465.20,452.60,444.65,460.85,469.50,468.65,467.60,472.55,467.70,473.20,479.50,468.00,439.80,456.15,447.45,417.95,437.15,419.60,404.90,376.00,430.55,410.70,401.00,371.30,358.40,330.10,339.70,359.75,359.75,359.95,359.65,348.20,359.35,367.45,358.15,316.00,302.85,330.30,312.40,316.35,345.75,365.60,377.55,387.10,396.35,405.70,406.00,410.10,421.90,413.60,405.20,410.05,414.80,411.55,423.70,433.10,415.30,424.00,441.00,445.00,455.95,422.30,439.75,438.10,448.85,475.95,490.45,488.05,472.95,442.95,424.40,418.65,429.30,429.25,432.15,431.45,445.55,439.20,424.80,442.10,421.40,424.25,425.05,424.10,426.55,435.00,466.60,498.25,477.65,494.45,496.55,475.90,456.65,451.10,454.60,420.85,425.00,443.50,430.25,440.25,428.90,423.75,407.75,424.30,427.55,460.95,474.30,493.65,502.90,534.35
342,1,2026.02.23 17:40:00,2026.02.24 15:39:58,New York,1,4,17,Q80,5199.54000,5141.38000,5141.38000,5315.86000,0.05,237.45,27600,-263.00,76500,0,8.75,12.60,-18.10,-17.00,-97.75,-12.95,15.35,78.20,82.80,75.50,48.90,54.80,51.05,53.95,63.50,52.70,62.50,47.45,21.30,38.20,49.80,53.65,42.40,-15.00,0.80,0.50,28.40,42.00,52.60,73.85,65.30,42.00,34.35,33.20,43.40,47.45,36.45,47.90,55.20,50.25,48.75,49.80,59.20,65.05,60.40,49.40,64.25,78.75,87.50,89.25,84.20,80.60,115.00,117.00,118.55,122.25,125.20,128.30,141.55,148.80,141.45,145.50,173.10,183.95,176.30,176.30,158.75,158.55,153.10,151.65,159.75,152.15,145.05,158.45,146.75,142.30,142.30,142.30,142.30,142.30,142.30,142.30,142.30,142.30,142.30,142.30,142.30,142.30,218.60,210.70,224.90,237.45,199.45,184.90,231.00,208.20,215.00,213.40,175.80,180.90,153.45,143.00,152.20,162.75,180.55,136.45,144.05,139.55,154.25,151.75,138.30,121.65,69.10,40.30,-69.45,-195.95,-243.60,-170.75,-144.50,-173.80,-126.80,-104.30,-159.90,-110.55,-137.60,-133.95,-134.85,-134.50,-151.15,-131.25,-77.10,-57.70,-79.60,-67.25,-73.20,-48.35,-63.35,-58.25,-52.60,-61.50,-62.65,-84.55,-68.25,-74.85,-100.55,-118.15,-117.90,-137.65,-177.35,-153.05,-156.05,-139.50,-140.10,-137.55,-159.00,-152.65,-174.20,-144.30,-155.45,-156.40,-143.90,-143.85,-137.15,-136.40,-130.30,-160.40,-135.75,-141.25,-133.25,-125.40,-93.20,-84.20,-95.35,-82.40,-84.05,-92.90,-108.45,-152.75,-165.20,-131.90,-152.25,-131.95,-155.00,-129.70,-145.25,-162.25,-140.55,-103.05,-123.65,-80.35,-100.20,-106.40,-98.90,-113.00,-93.50,-100.70,-134.65,-121.10,-142.00,-154.65,-129.65,-145.10,-94.60,-103.25,-123.90,-135.10,-137.70,-130.40,-114.35,-116.20,-135.25,-135.95,-144.80,-154.45,-133.50,-145.45,-148.25,-147.20,-145.60,-140.15,-117.65,-131.20,-124.60,-128.00,-95.10,-117.65,-161.30,-163.95,-146.20,-146.15,-134.55,-133.40,-119.10,-129.75,-116.10,-128.00,-138.15,-123.70,-127.20,-115.30,-107.35,-129.35,-119.45,-133.65,-149.35,-143.70,-159.25,-240.80,-204.85,-189.60,-199.05,-214.90,-208.35,-225.40,-263.00,-244.95,-224.60,-204.25,-202.60,-232.75,-213.35,-216.30,-228.40
344,1,2026.02.24 17:50:00,2026.03.02 01:00:00,New York,2,4,17,Q80,5152.75000,5270.07000,5094.09000,5270.07000,0.05,636.20,281100,-107.70,27600,0,-34.50,-11.80,-19.80,-42.65,-26.55,-25.35,-46.50,-45.55,-77.90,-34.80,-35.75,-83.30,-73.55,-54.55,-15.85,1.55,19.05,41.30,36.75,29.60,27.35,28.05,39.25,37.20,32.65,55.30,72.80,78.70,57.60,35.90,31.85,28.60,18.55,26.60,31.90,34.60,38.15,37.25,17.35,0.90,18.15,-18.60,-26.70,-6.10,4.60,14.65,-2.35,8.15,0.65,6.15,2.65,-15.15,-17.40,10.45,61.15,78.20,88.65,85.50,96.90,77.50,54.45,56.70,27.10,23.75,41.10,27.85,5.65,12.80,-14.95,-15.10,-10.30,-23.60,-38.75,-49.65,-49.65,-49.65,-49.65,-49.65,-49.65,-49.65,-49.65,-49.65,-49.65,-49.65,-49.65,-49.65,-82.80,-94.70,-85.00,-101.75,-100.10,-107.70,-103.70,-68.85,-27.15,-14.05,-10.90,-30.70,-61.10,-47.10,-60.50,-47.70,-47.50,-62.25,-25.60,-1.40,-26.10,-39.65,-26.20,-2.10,32.25,81.85,108.85,157.85,130.70,163.05,164.30,149.85,139.55,155.95,154.35,121.20,153.30,168.40,180.35,189.00,175.10,185.20,176.20,167.45,166.75,159.65,116.20,140.05,159.05,158.70,167.90,159.80,133.90,168.50,173.10,153.80,155.70,162.55,135.00,147.20,148.85,111.75,141.15,149.55,147.10,151.10,143.45,149.55,157.50,141.35,142.85,149.75,170.60,176.65,179.25,199.05,179.95,214.15,224.55,225.55,251.70,283.50,277.55,245.65,206.90,171.35,197.35,204.60,189.55,185.00,201.45,203.45,195.30,197.50,196.30,210.35,179.25,203.20,181.25,171.10,170.75,184.80,178.55,171.65,167.35,175.10,150.70,160.50,177.05,171.40,173.60,198.65,202.85,204.30,213.45,206.55,198.35,197.45,174.95,164.50,144.80,161.85,155.55,165.80,171.10,170.85,185.00,192.35,191.25,190.30,188.20,202.85,181.70,158.60,160.85,125.90,108.40,113.20,104.75,131.65,121.95,113.85,109.60,112.95,93.20,86.10,55.30,35.70,62.55,80.00,86.30,75.35,103.60,103.75,105.30,144.25,135.50,141.15,146.00,155.20,169.80,154.40,134.80,155.85,160.20,145.85,146.10,150.30,163.95,179.15,173.05,171.35,192.35,176.50,177.30,184.70,172.35,172.25,166.00,162.85,171.85,186.50,163.10,149.80,143.40,125.15,108.45,37.90,113.00,145.30,179.30,192.75,230.10,215.85,202.40,181.40,166.40,137.85,143.15,176.30,190.80,225.50,213.30,210.70,208.25,192.75,198.90,221.90,262.85,251.50,268.90,253.85,273.95,277.85,295.80,297.30,286.35,308.85,311.95,309.20,303.75,302.60,295.75,302.35,279.45,271.50,268.00,271.05,274.00,273.20,272.15,272.20,271.35,271.85,272.15,269.65,264.20,242.10,250.65,246.65,242.25,209.35,273.10,240.45,222.60,249.95,249.35,242.25,259.15,262.10,264.05,261.30,245.65,249.40,214.20,160.50,182.25,168.40,177.25,153.00,143.50,104.85,125.35,-2.90,17.00,49.10,45.40,63.00,81.20,80.75,77.00,80.45,87.20,91.00,59.15,54.65,54.65,54.65,54.65,54.65,54.65,54.65,54.65,54.65,54.65,54.65,54.65,54.65,115.90,134.65,79.75,106.10,89.15,85.95,81.20,85.60,99.30,73.65,84.10,52.40,38.55,46.75,74.70,86.75,140.60,163.85,148.65,149.35,178.20,165.75,185.45,177.80,211.35,156.55,174.60,184.05,168.40,139.65,177.35,162.60,183.50,185.60,193.15,195.10,187.40,173.35,152.15,177.95,154.40,140.65,130.85,139.20,118.85,141.30,160.80,158.95,174.35,166.35,172.70,187.85,192.25,178.70,179.40,170.90,168.40,181.10,193.95,199.55,207.25,215.95,220.45,205.05,204.60,207.35,210.45,213.30,207.90,194.05,199.00,199.75,202.60,209.35,226.25,236.25,250.35,239.15,242.80,233.45,234.65,205.30,207.00,227.95,205.60,228.40,226.35,216.45,218.20,205.85,221.60,221.25,219.50,200.75,202.90,202.95,189.40,160.30,173.95,180.20,166.70,162.30,167.20,178.05,168.60,145.90,154.70,166.25,144.00,154.75,183.30,172.80,171.65,121.05,111.55,110.80,107.25,135.15,128.70,133.00,108.45,124.10,144.45,121.80,119.05,141.40,144.90,151.70,144.15,159.30,170.20,168.60,184.65,179.00,175.75,150.20,153.55,132.90,120.45,116.55,96.90,93.45,103.85,93.05,105.65,122.55,115.70,113.45,95.10,96.10,103.50,103.70,109.25,93.45,54.75,59.65,64.60,81.35,78.50,97.05,118.15,128.65,151.25,147.45,174.10,143.35,142.85,154.90,115.20,98.55,106.80,94.95,127.35,109.15,106.45,103.80,63.15,79.55,90.60,66.45,66.35,54.00,67.60,71.45,80.80,88.40,65.75,68.00,98.00,95.95,81.00,61.20,75.30,72.20,48.50,30.75,9.55,-54.90,4.75,82.40,115.15,148.85,185.85,165.10,129.90,127.60,120.65,143.35,128.00,138.20,146.35,149.20,152.20,144.00,131.65,134.65,142.65,168.05,135.35,127.80,133.85,107.80,119.70,105.85,110.35,85.90,71.45,72.45,80.75,86.75,102.85,107.95,109.85,122.45,74.65,114.65,141.85,160.05,141.10,138.70,163.70,167.15,168.85,174.55,164.95,164.50,180.95,156.75,167.90,117.80,117.80,117.80,117.80,117.80,117.80,117.80,117.80,117.80,117.80,117.80,117.80,117.80,117.80,117.80,117.80,117.80,117.80,117.80,117.80,117.80,117.80,117.80,117.80,117.80,117.80,117.80,117.80,117.80,117.80,117.80,117.80,117.80,117.80,117.80,117.80,117.80,117.80,117.80,117.80,117.80,117.80,117.80,117.80,117.80,117.80,117.80,117.80,117.80,117.80,117.80,117.80,117.80,117.80,117.80,117.80,117.80,117.80,117.80,117.80,117.80,117.80,117.80,117.80,117.80,117.80,123.35,125.25,110.25,146.70,189.25,178.60,178.35,193.65,206.35,203.55,217.25,208.90,193.60,171.45,157.50,155.30,129.25,143.65,129.15,124.75,154.35,149.25,151.30,150.10,154.55,160.75,170.95,175.20,168.05,172.10,185.00,184.15,156.45,163.90,166.45,169.50,160.25,174.45,172.30,169.80,174.90,172.70,164.65,151.90,144.75,158.45,161.15,172.45,168.65,181.45,209.90,217.50,210.25,197.90,193.00,211.10,225.40,205.20,210.30,221.60,214.15,211.30,203.50,198.95,206.65,204.50,196.25,180.85,164.60,162.05,172.45,144.85,126.00,150.75,129.75,137.35,149.55,138.50,142.60,134.55,117.15,139.25,139.50,129.25,131.00,110.75,124.15,144.70,138.10,138.05,132.55,129.00,130.35,128.55,127.15,128.90,126.35,132.30,132.20,134.55,137.80,141.40,121.85,103.75,116.20,98.70,112.15,108.70,129.00,119.50,104.45,93.90,109.80,117.15,126.25,122.00,124.75,116.15,122.90,106.10,107.10,120.55,125.00,131.10,124.05,125.35,142.40,149.30,164.95,170.15,176.50,164.50,175.50,171.45,170.40,165.05,165.10,160.90,159.50,170.05,173.85,212.30,293.70,301.10,328.10,413.75,413.70,363.40,329.85,319.20,303.15,321.75,351.90,366.10,334.00,369.85,379.40,400.65,392.90,355.20,329.90,363.50,350.75,365.75,355.00,349.05,388.50,426.05,351.65,332.75,393.70,382.00,394.15,391.95,415.70,409.05,434.35,457.15,457.70,505.45,488.60,386.30,408.15,400.60,414.55,415.05,409.25,393.85,382.70,398.15,401.50,393.20,376.65,377.00,380.25,379.20,380.00,409.20,418.35,411.00,409.80,417.00,413.40,404.05,400.80,377.30,388.90,380.40,391.25,435.15,455.20,463.20,462.65,488.90,478.65,470.30,486.75,476.15,477.15,482.55,471.95,467.30,478.10,480.10,486.50,481.05,492.50,494.20,511.70,543.25,521.05,530.35,519.70,536.20,548.35,551.95,553.30,536.95,541.60,535.50,531.20,543.55,547.30,544.55,590.10,608.90,625.70,636.20
346,1,2026.03.02 01:55:00,2026.03.03 11:29:58,Asian,1,1,1,Q72,5388.96000,5257.09000,5257.09000,5652.70000,0.05,142.90,26700,-576.40,58200,0,-9.45,-62.20,-106.00,-64.80,-145.15,-128.80,-121.75,-101.65,-84.00,-118.70,-119.90,-217.35,-208.10,-297.85,-307.65,-243.00,-281.80,-328.50,-406.45,-314.75,-272.55,-277.25,-289.80,-258.55,-319.60,-328.30,-306.65,-302.65,-307.10,-280.50,-288.50,-271.75,-250.10,-192.05,-214.25,-220.60,-212.30,-179.55,-184.50,-169.05,-150.60,-159.95,-166.65,-151.45,-125.20,-134.00,-131.95,-127.85,-112.35,-143.95,-159.15,-164.50,-121.60,-124.70,-127.65,-140.20,-192.85,-174.00,-176.10,-153.20,-165.00,-189.95,-207.75,-194.05,-198.35,-194.85,-190.50,-169.60,-151.80,-140.90,-127.30,-129.30,-114.25,-118.40,-64.05,-69.25,-55.95,-50.10,-41.25,-51.70,-54.85,-66.55,-21.90,-14.10,-6.95,-2.00,59.30,85.35,142.90,123.30,98.20,101.20,83.40,69.60,111.20,93.20,95.80,82.20,116.40,103.55,82.00,83.50,134.05,124.95,101.05,64.75,102.95,56.35,25.55,17.80,44.60,28.75,12.50,36.85,28.70,41.50,31.95,38.80,7.25,19.60,16.10,-15.10,9.55,7.50,9.40,-4.20,5.65,13.95,27.65,57.20,30.20,-12.95,2.45,0.80,-15.30,-1.80,24.65,-1.70,7.50,39.90,35.20,1.20,-39.70,-52.45,-18.15,-10.35,11.10,12.80,-12.25,27.30,25.40,30.45,17.25,37.95,33.50,11.20,41.25,61.40,42.40,-23.30,20.70,83.95,63.90,59.00,52.95,20.70,30.40,22.85,24.90,-59.35,-87.70,-67.80,-123.30,-204.00,-276.80,-360.80,-221.95,-206.55,-238.20,-259.65,-276.80,-291.50,-264.55,-276.00,-332.20,-277.80,-289.75,-214.05,-205.55,-233.55,-272.80,-278.85,-367.05,-576.40,-497.05,-441.55,-518.65,-447.30,-395.20,-457.35,-413.25,-437.35,-450.05,-462.75,-493.60,-445.65,-424.20,-451.60,-464.00,-419.70,-420.55,-346.35,-394.90,-422.90,-419.35,-429.05,-410.25,-445.85,-482.85,-467.65,-431.45,-466.20,-455.85,-452.10,-471.15,-428.20,-387.80,-367.60,-367.10,-319.00,-295.30,-291.75,-317.50,-318.75,-290.50,-292.40,-298.95,-320.00,-303.40,-311.20,-292.55,-287.60,-248.60,-257.60,-297.35,-222.85,-276.90,-256.65,-235.15,-234.80,-253.15,-247.95,-282.05,-253.60,-248.15,-268.10,-250.90,-261.65,-283.25,-299.50,-302.40,-290.00,-308.65,-323.35,-339.50,-339.50,-339.50,-339.50,-339.50,-339.50,-339.50,-339.50,-339.50,-339.50,-339.50,-339.50,-339.50,-221.90,-257.60,-251.15,-256.30,-264.90,-261.00,-274.95,-288.65,-290.20,-260.35,-237.35,-214.70,-234.90,-230.50,-202.15,-164.55,-160.25,-154.90,-163.60,-188.00,-169.55,-177.20,-194.40,-193.20,-129.95,-103.15,-103.40,-85.40,-53.75,-58.25,-65.85,-78.20,-128.85,-183.85,-179.10,-248.05,-204.95,-185.35,-194.70,-199.40,-174.15,-149.65,-148.55,-150.90,-139.95,-124.90,-124.50,-110.25,-99.20,-92.85,-110.55,-108.55,-87.70,-107.70,-100.30,-111.40,-99.00,-109.35,-131.70,-108.30,-120.70,-119.90,-136.15,-108.95,-96.15,-85.05,-85.90,-99.90,-96.65,-125.10,-121.90,-138.65,-133.95,-115.15,-133.35,-149.35,-150.40,-150.50,-202.25,-256.70,-217.70,-310.65,-359.35,-348.95,-362.70,-397.90,-495.40,-430.00,-403.35,-361.05,-374.40,-409.10,-392.80,-423.75,-430.60,-391.50,-374.15,-376.90,-370.15,-359.05,-380.90,-377.25,-341.40,-317.40,-311.95,-321.40,-296.65,-305.95,-283.70,-313.65,-344.95,-306.25,-363.40,-383.10,-426.30,-444.75,-418.85,-393.10,-431.65,-465.70,-498.40,-467.45,-463.25,-468.40,-516.70
348,1,2026.03.03 13:45:00,2026.03.19 08:39:58,New York,2,1,13,Q80,5124.69000,4801.89000,5286.09000,4801.89000,0.05,1582.70,1363800,-556.00,619200,0,-89.45,-141.00,-99.55,-147.65,-261.95,-341.00,-335.55,-371.30,-398.75,-374.70,-407.40,-391.30,-388.85,-420.95,-499.10,-251.65,-140.25,-197.80,-251.00,-234.45,-266.90,-274.00,-168.95,-160.25,-136.50,-91.70,-160.40,-173.90,-210.95,-201.85,-82.80,-3.40,-107.20,20.05,-2.45,265.20,338.30,381.25,431.25,458.10,395.10,423.90,501.75,423.35,403.25,336.85,285.10,314.75,257.80,217.50,145.80,80.10,60.70,82.55,87.20,16.05,59.60,65.70,4.50,65.60,72.45,67.55,87.30,187.95,160.40,131.75,91.60,142.95,207.50,248.45,247.05,228.85,212.80,257.45,227.00,162.75,130.85,105.80,122.60,133.25,61.65,41.65,-41.55,-43.70,-44.00,-60.75,-56.85,-77.80,-16.25,61.10,53.35,38.45,89.45,113.80,65.15,28.20,6.15,19.65,56.55,40.55,47.55,27.85,45.40,-25.05,9.75,45.15,69.85,65.05,100.05,144.50,136.00,97.15,117.00,129.70,152.90,125.50,176.30,160.55,177.35,164.80,188.45,181.90,182.30,182.30,182.30,182.30,182.30,182.30,182.30,182.30,182.30,182.30,182.30,182.30,182.30,66.50,94.50,35.00,14.00,1.55,-10.20,-11.75,34.50,-5.35,-9.65,0.85,-3.70,48.55,39.95,43.00,-7.45,26.15,-2.85,-0.90,4.40,-38.15,-76.00,-24.30,-70.25,-150.35,-139.75,-174.40,-191.05,-171.75,-110.35,-102.75,-142.50,-192.55,-245.75,-236.50,-252.25,-230.90,-300.60,-327.10,-296.55,-270.95,-265.70,-227.20,-235.70,-278.55,-204.60,-193.50,-158.80,-92.30,-139.35,-156.80,-181.05,-205.70,-189.85,-162.00,-179.05,-190.80,-210.35,-223.55,-249.30,-251.25,-248.15,-247.20,-221.75,-202.00,-217.05,-229.95,-200.40,-185.30,-153.30,-167.25,-161.45,-147.05,-169.10,-182.45,-170.30,-145.40,-159.90,-203.10,-184.50,-178.30,-208.50,-167.75,-177.10,-87.55,-88.25,-85.55,-99.95,-52.30,-49.30,-135.00,-121.25,-120.45,-119.40,-133.00,-179.70,-213.35,-251.15,-215.05,-205.00,-234.15,-214.95,-213.95,-237.10,-224.70,-254.05,-234.35,-218.20,-159.75,-121.25,-163.20,-149.70,-197.00,-190.75,-203.55,-229.00,-255.60,-281.75,-250.55,-214.90,-201.70,-205.40,-197.35,-252.00,-261.25,-231.25,-244.35,-294.55,-289.55,-289.10,-274.70,-288.45,-304.35,-350.40,-368.70,-340.60,-321.20,-317.65,-312.95,-317.20,-304.30,-313.90,-316.55,-326.10,-333.20,-333.70,-352.45,-335.25,-358.70,-351.50,-367.20,-361.80,-341.70,-336.85,-332.15,-337.90,-384.10,-376.30,-364.30,-296.15,-273.25,-268.90,-237.00,-214.70,-211.85,-236.40,-218.25,-232.70,-257.25,-318.95,-343.90,-317.70,-308.25,-338.40,-318.30,-307.10,-318.70,-324.85,-287.80,-216.55,-243.85,-247.40,-203.05,-246.90,-192.55,-208.40,-274.95,-246.80,-235.55,-155.90,-138.10,-104.15,-174.95,-133.15,-49.00,-86.30,-121.90,-157.90,-184.30,-142.20,-96.50,-81.25,-120.65,-134.05,-165.15,-124.60,-119.55,-115.95,-81.80,-107.80,-143.55,-132.05,-110.80,-117.20,-117.45,-125.75,-125.25,-114.65,-113.70,-111.85,-18.10,-45.10,-58.60,-48.75,-64.70,-78.05,-92.20,-82.35,-45.70,-33.30,-0.40,29.25,-4.85,3.20,-6.65,32.15,-3.05,-38.05,-29.70,-46.80,-30.50,-42.35,-33.05,-13.30,-11.85,-0.25,-14.20,-13.90,-31.55,-43.90,-54.85,-66.00,-48.20,-29.95,-27.00,-17.50,-35.50,-63.20,-66.65,-82.10,-97.50,-76.50,-51.15,-50.80,-80.05,-80.80,-78.70,-81.00,-65.25,-83.35,-25.35,-63.35,-54.60,-56.50,-88.70,-82.15,-82.15,-82.15,-82.15,-82.15,-82.15,-82.15,-82.15,-82.15,-82.15,-82.15,-82.15,-82.15,-137.45,-141.10,-111.70,-147.35,-152.35,-150.65,-144.05,-137.20,-155.55,-172.50,-177.85,-202.65,-202.75,-213.25,-232.35,-265.50,-262.05,-244.15,-236.05,-228.25,-234.45,-260.20,-228.35,-239.85,-247.40,-280.90,-259.35,-275.30,-246.65,-264.55,-257.00,-250.90,-240.30,-254.55,-249.20,-240.20,-263.30,-251.25,-270.05,-286.45,-284.55,-297.65,-298.95,-274.90,-254.95,-281.65,-314.70,-337.00,-340.20,-318.00,-306.20,-317.80,-312.10,-302.15,-312.75,-314.60,-319.85,-296.60,-293.75,-278.05,-287.95,-296.80,-295.30,-288.70,-292.25,-268.80,-265.15,-260.20,-249.00,-226.90,-218.90,-235.35,-246.40,-254.80,-254.70,-232.10,-239.30,-239.20,-215.40,-201.10,-209.00,-207.55,-166.95,-119.85,-150.35,-75.60,-40.85,-54.10,-87.55,-91.95,-114.40,-133.90,-131.20,-170.85,-157.55,-215.05,-229.85,-201.25,-187.25,-203.30,-204.15,-208.25,-183.55,-182.15,-178.70,-194.70,-176.00,-188.20,-158.35,-121.05,-86.30,-75.95,-105.00,-100.00,-127.90,-178.00,-183.15,-218.30,-215.15,-205.15,-199.05,-260.35,-274.45,-249.25,-236.70,-225.10,-206.00,-158.60,-189.75,-200.05,-187.55,-181.55,-126.95,-131.90,-148.75,-146.40,-147.95,-157.50,-145.05,-158.20,-162.40,-178.40,-207.70,-200.05,-203.40,-194.70,-199.75,-199.40,-199.90,-192.20,-188.30,-163.15,-181.70,-192.45,-190.85,-195.75,-210.25,-220.80,-219.70,-228.30,-198.95,-186.50,-208.60,-205.35,-189.40,-187.05,-201.65,-190.15,-148.70,-122.80,-156.40,-33.45,100.05,11.80,-22.60,-17.95,-34.00,24.50,13.40,32.90,-21.70,17.40,58.50,79.40,61.40,21.55,9.95,133.40,135.60,135.90,110.35,112.10,138.90,270.65,196.25,186.35,228.25,190.65,158.50,204.35,220.60,182.00,135.35,110.30,153.45,237.55,207.60,232.50,301.20,303.95,304.05,289.55,268.55,227.60,230.85,234.60,191.65,187.80,190.45,199.65,202.75,247.05,276.75,285.95,305.15,289.60,326.85,308.60,294.15,278.80,263.65,267.50,291.80,266.95,248.45,219.05,207.00,228.00,259.65,275.70,230.65,240.40,255.80,272.00,272.75,288.75,319.55,319.55,294.45,286.35,296.00,292.70,283.45,286.95,227.65,169.20,219.90,219.85,239.85,230.35,219.95,224.75,238.65,239.70,225.70,232.10,241.30,235.20,224.20,220.05,212.95,240.05,246.10,236.35,198.20,207.50,207.50,207.50,207.50,207.50,207.50,207.50,207.50,207.50,207.50,207.50,207.50,207.50,170.55,194.00,191.35,143.45,160.05,167.40,182.85,143.50,118.20,127.55,175.25,192.00,202.10,170.45,197.45,170.70,184.50,169.50,182.60,205.10,204.75,221.95,175.05,200.15,245.95,226.70,237.55,198.65,221.25,194.15,127.40,79.75,31.15,17.45,-77.00,-50.50,-31.55,-25.65,-28.25,-25.30,-23.40,-20.55,-12.75,-17.70,1.20,1.70,-1.20,-8.75,-25.50,-31.95,-42.10,-70.85,-80.75,-59.65,-40.95,-25.50,-38.85,-45.95,-33.30,-32.00,-48.05,-49.00,-52.55,-43.25,-30.30,-25.20,-26.00,-29.45,-39.65,-44.65,-42.30,-14.55,-20.40,8.55,-10.45,-19.75,-16.35,-26.15,-0.70,15.30,17.30,43.05,31.15,36.25,54.40,36.15,41.05,28.80,9.10,21.90,29.90,30.95,16.55,28.80,21.40,44.50,62.10,81.20,65.90,50.70,48.50,49.85,54.25,61.15,52.10,40.65,35.10,24.55,31.65,40.05,46.05,46.80,71.70,120.25,93.65,82.15,86.05,79.80,65.65,79.70,109.65,123.55,144.15,115.95,144.40,127.85,118.75,166.50,141.95,166.55,173.30,194.25,217.45,191.55,209.80,211.15,198.65,186.25,194.00,179.65,214.95,179.85,170.30,167.80,198.50,184.20,192.20,176.75,144.10,150.00,156.30,161.20,217.10,199.20,230.25,237.25,211.20,190.15,173.30,143.90,175.65,180.10,166.40,143.40,141.35,174.00,194.00,206.05,242.45,271.10,257.15,237.65,200.95,210.15,4.50,1.95,13.85,35.95,112.30,197.30,176.20,181.65,138.25,133.65,86.55,100.80,87.10,179.75,175.85,169.55,102.95,-28.35,-116.00,-130.70,-122.85,-126.60,-207.30,-185.45,-150.45,-159.50,-146.80,-109.90,-88.15,-85.75,-125.15,-101.95,-95.70,-124.60,-79.00,-88.90,-62.55,-27.80,-87.15,-86.50,-78.00,-76.15,-44.10,-56.60,-60.10,-93.40,-96.15,-87.60,-130.20,-103.05,-64.30,-68.00,-48.50,-80.55,-85.20,-99.05,-103.90,-95.10,-114.15,-128.65,-137.85,-158.65,-202.80,-184.95,-163.90,-182.20,-199.65,-215.00,-233.10,-247.50,-216.90,-202.90,-203.60,-173.65,-167.60,-178.95,-189.40,-175.75,-158.90,-172.40,-153.35,-151.55,-168.80,-145.65,-132.95,-154.10,-164.75,-173.60,-158.75,-143.40,-181.50,-190.15,-202.65,-224.65,-218.75,-217.45,-233.85,-232.25,-227.85,-233.75,-234.80,-28.30,-28.30,-28.30,-28.30,-28.30,-28.30,-28.30,-28.30,-28.30,-28.30,-28.30,-28.30,-28.30,-28.30,-28.30,-28.30,-28.30,-28.30,-28.30,-28.30,-28.30,-28.30,-28.30,-28.30,-28.30,-28.30,-28.30,-28.30,-28.30,-28.30,-28.30,-28.30,-28.30,-28.30,-28.30,-28.30,-28.30,-28.30,-28.30,-28.30,-28.30,-28.30,-28.30,-28.30,-28.30,-28.30,-28.30,-28.30,-28.30,-28.30,-28.30,-28.30,-28.30,-28.30,-28.30,-28.30,-28.30,-28.30,-28.30,-28.30,-28.30,-28.30,-28.30,-28.30,-28.30,-28.30,-28.30,-28.30,-28.30,-28.30,-28.30,-28.30,-28.30,-28.30,-28.30,-28.30,-28.30,-28.30,-28.30,-28.30,-28.30,-28.30,-28.30,-28.30,-28.30,-28.30,-28.30,-28.30,-28.30,-28.30,-28.30,-28.30,-28.30,-28.30,-28.30,-28.30,-28.30,-28.30,-28.30,-28.30,-28.30,-28.30,-28.30,-28.30,-28.30,-28.30,-28.30,-28.30,-28.30,-28.30,-28.30,-28.30,-28.30,-28.30,-28.30,-28.30,-28.30,-28.30,-28.30,-28.30,-28.30,-28.30,-28.30,-28.30,-28.30,-28.30,-28.30,-28.30,-28.30,-28.30,-28.30,-28.30,-28.30,-28.30,-28.30,-28.30,-28.30,-28.30,-28.30,-28.30,-28.30,-28.30,-28.30,-28.30,-28.30,-28.30,-28.30,-28.30,-28.30,-28.30,-28.30,-28.30,-28.30,-28.30,-28.30,-28.30,-28.30,-28.30,-28.30,-28.30,-28.30,-28.30,-28.30,-28.30,-28.30,-28.30,-28.30,-28.30,-28.30,-28.30,-28.30,-28.30,-28.30,-28.30,-28.30,-28.30,-28.30,-28.30,-28.30,-28.30,-28.30,-28.30,-28.30,-28.30,-28.30,-28.30,-28.30,-28.30,-28.30,-28.30,-28.30,-28.30,-28.30,-28.30,-28.30,-28.30,-28.30,-28.30,-28.30,-28.30,-28.30,-28.30,-28.30,-28.30,-28.30,-28.30,-28.30,-28.30,-28.30,-28.30,-28.30,-28.30,-28.30,-28.30,-28.30,-28.30,-28.30,-28.30,-28.30,-28.30,-28.30,-28.30,-28.30,-28.30,-28.30,-28.30,-28.30,-28.30,-28.30,-28.30,-28.30,-28.30,-28.30,-28.30,-28.30,-28.30,-28.30,-28.30,-28.30,-28.30,-28.30,-28.30,-28.30,-28.30,-28.30,-28.30,-28.30,-28.30,-28.30,-28.30,-28.30,-28.30,-28.30,-28.30,-28.30,-28.30,-28.30,-28.30,-28.30,-28.30,-28.30,-28.30,-28.30,-28.30,-28.30,-28.30,-28.30,-28.30,-28.30,-28.30,-28.30,-28.30,-28.30,-28.30,-28.30,-28.30,-28.30,-28.30,-28.30,-28.30,-28.30,-28.30,-28.30,-28.30,-28.30,-28.30,-28.30,-28.30,-28.30,-28.30,-28.30,-28.30,-28.30,-28.30,-28.30,-28.30,-28.30,-28.30,-28.30,-28.30,-28.30,-28.30,-28.30,-28.30,-28.30,-28.30,-28.30,-28.30,-28.30,-28.30,-28.30,-28.30,-28.30,-28.30,-28.30,-28.30,-28.30,-28.30,-28.30,-28.30,-28.30,-28.30,-28.30,-28.30,-28.30,-28.30,-28.30,-28.30,-28.30,-28.30,-28.30,-28.30,-28.30,-28.30,-28.30,-28.30,-28.30,-28.30,-28.30,-28.30,-28.30,-28.30,-28.30,-28.30,-28.30,-28.30,-28.30,-28.30,-28.30,-28.30,-28.30,-28.30,-28.30,-28.30,-28.30,-28.30,-28.30,-28.30,-28.30,-28.30,-28.30,-28.30,-28.30,-28.30,-28.30,-28.30,-28.30,-28.30,-28.30,-28.30,-28.30,-28.30,-28.30,-28.30,-28.30,-28.30,-28.30,-28.30,-28.30,-28.30,-28.30,-28.30,-28.30,-28.30,-28.30,-28.30,-28.30,-28.30,-28.30,-28.30,-28.30,-28.30,-28.30,-28.30,-28.30,-28.30,-28.30,-28.30,-28.30,-28.30,-28.30,-28.30,-28.30,-28.30,-28.30,-28.30,-28.30,-28.30,-28.30,-28.30,-28.30,-28.30,-28.30,-28.30,-28.30,-28.30,-28.30,-28.30,-28.30,-28.30,-28.30,-28.30,-28.30,-28.30,-28.30,-28.30,-28.30,-28.30,-28.30,-28.30,-28.30,-28.30,-28.30,-28.30,-28.30,-28.30,-28.30,-28.30,-28.30,-28.30,-28.30,-28.30,-28.30,-28.30,-28.30,-28.30,-28.30,-28.30,-28.30,-28.30,-28.30,-28.30,-28.30,-28.30,-28.30,-28.30,-28.30,-28.30,-28.30,-28.30,-28.30,-28.30,-28.30,-28.30,-28.30,-28.30,-28.30,-28.30,-28.30,-28.30,-28.30,-28.30,-28.30,-28.30,-28.30,-28.30,-28.30,-28.30,-28.30,-28.30,-28.30,-28.30,-28.30,-28.30,-28.30,-28.30,-28.30,-28.30,-28.30,-28.30,-28.30,-28.30,-28.30,-28.30,-28.30,-28.30,-28.30,-28.30,-28.30,-28.30,-28.30,-28.30,-28.30,-28.30,-28.30,-28.30,-28.30,-28.30,-28.30,-28.30,-28.30,-28.30,-28.30,-28.30,-28.30,-28.30,-28.30,-28.30,-28.30,-28.30,-28.30,-28.30,-28.30,-28.30,-28.30,-28.30,-28.30,-28.30,-28.30,-28.30,-28.30,-28.30,-28.30,-28.30,-28.30,-28.30,-28.30,-28.30,-28.30,-28.30,-28.30,-28.30,-28.30,-28.30,-28.30,-28.30,-28.30,-28.30,-28.30,-28.30,-28.30,-28.30,-28.30,-28.30,-28.30,-28.30,-28.30,-28.30,-28.30,-28.30,-28.30,-28.30,-28.30,-28.30,-28.30,-28.30,-28.30,-28.30,-28.30,-28.30,-28.30,-28.30,-28.30,-28.30,-28.30,-28.30,-28.30,-28.30,-28.30,-28.30,-28.30,-28.30,-28.30,-28.30,-28.30,-28.30,-28.30,-28.30,-28.30,34.25,50.85,113.95,130.80,125.15,100.10,148.60,271.65,258.35,291.65,297.15,242.75,293.25,358.40,441.85,440.35,384.70,392.50,367.75,341.75,358.75,406.25,406.80,373.50,450.80,361.70,261.40,228.45,200.10,263.00,218.55,256.50,221.60,217.20,252.80,272.75,302.50,220.25,151.00,229.65,226.30,234.45,214.65,168.05,159.90,160.90,158.80,149.75,161.80,172.05,187.15,154.30,158.65,203.15,169.10,195.05,187.85,161.75,166.45,165.80,174.70,155.25,167.90,166.85,173.30,175.85,160.30,168.95,171.00,175.15,195.70,171.80,148.40,143.45,140.60,180.65,148.80,145.85,91.25,94.05,19.00,-60.40,-8.55,1.50,5.70,-26.10,-15.70,-14.80,-8.25,-9.15,0.70,33.50,88.15,92.20,121.40,134.70,152.60,133.25,138.45,130.65,97.90,89.70,110.75,104.55,117.50,137.50,139.65,127.70,75.60,109.85,123.45,118.55,132.10,164.95,143.50,150.60,172.45,118.85,141.60,140.45,140.55,76.75,59.35,35.95,31.10,-3.50,-20.35,31.05,108.95,118.05,97.25,96.75,88.95,79.10,77.15,102.15,111.20,124.50,156.50,153.65,144.10,167.15,141.35,187.10,141.65,158.20,170.95,180.80,200.90,194.00,192.80,168.05,194.10,193.65,161.65,182.90,136.80,133.25,141.25,128.80,101.15,76.25,76.70,75.70,88.40,120.75,146.35,148.65,134.15,164.15,160.20,157.20,187.00,149.25,77.25,132.05,242.80,214.50,251.60,252.55,192.45,249.90,266.25,243.10,222.15,214.75,180.30,150.70,60.80,125.85,160.70,153.40,188.65,215.45,165.15,202.75,134.75,125.05,127.30,151.20,148.40,142.05,122.15,124.55,90.90,92.50,106.00,143.70,130.85,103.40,101.65,89.50,86.90,96.85,98.50,99.85,99.30,110.25,124.25,135.45,154.80,148.00,154.90,155.95,169.05,155.95,128.85,143.10,158.70,157.70,135.25,104.80,93.65,97.75,73.85,49.55,32.65,42.05,-0.20,6.60,-9.20,15.70,8.95,-48.10,-74.10,-76.20,-32.25,-26.50,-53.05,-46.40,-59.30,-81.85,-75.55,-88.30,-75.90,-75.40,-62.85,-73.65,-62.25,-65.25,-73.10,-69.55,-53.90,-73.85,-142.90,-142.90,-142.90,-142.90,-142.90,-142.90,-142.90,-142.90,-142.90,-142.90,-142.90,-142.90,-142.90,-142.90,-142.90,-142.90,-142.90,-142.90,-142.90,-142.90,-142.90,-142.90,-142.90,-142.90,-88.90,-104.35,-107.75,-149.50,-107.50,-101.00,-92.00,-117.80,-63.20,-85.15,-84.85,-75.25,-47.60,-72.65,-61.00,-43.25,-32.50,-29.15,-21.80,-41.75,-64.10,-31.65,-29.90,-32.05,-102.85,-95.65,-94.30,-130.40,-171.05,-166.40,-193.80,-182.75,-207.80,-230.55,-248.05,-298.45,-259.75,-248.55,-253.90,-266.45,-261.40,-276.60,-271.00,-273.20,-288.20,-273.55,-249.55,-206.60,-224.70,-227.65,-209.30,-205.10,-212.35,-210.50,-195.90,-192.05,-190.00,-171.25,-173.20,-164.35,-155.25,-166.05,-198.70,-192.80,-188.30,-189.15,-196.10,-197.35,-186.90,-198.90,-196.45,-196.20,-220.45,-215.30,-241.75,-228.40,-223.10,-235.40,-219.05,-222.90,-220.25,-242.90,-255.00,-266.95,-265.50,-255.35,-274.50,-262.80,-263.30,-257.70,-255.35,-269.05,-255.80,-256.60,-258.20,-253.45,-263.80,-240.50,-250.50,-221.55,-175.70,-223.70,-215.15,-241.20,-257.55,-269.60,-266.00,-282.00,-265.05,-288.55,-275.95,-276.15,-270.45,-297.30,-301.45,-329.20,-326.60,-348.85,-320.60,-294.05,-306.20,-297.15,-316.30,-285.65,-296.70,-311.30,-307.55,-295.35,-315.05,-302.75,-299.95,-289.70,-268.60,-288.05,-283.65,-267.85,-275.45,-246.40,-226.05,-165.15,-222.65,-238.95,-243.10,-262.80,-285.30,-329.85,-312.85,-299.65,-298.75,-291.75,-278.90,-280.05,-248.60,-239.35,-265.00,-252.45,-216.10,-205.15,-233.45,-241.95,-260.30,-275.25,-279.30,-279.90,-303.85,-308.65,-288.95,-311.85,-355.05,-379.00,-380.30,-449.00,-485.65,-484.85,-442.35,-441.90,-423.10,-402.35,-421.60,-404.80,-384.50,-342.85,-353.40,-438.75,-432.55,-421.90,-413.30,-429.95,-407.25,-411.45,-433.05,-410.45,-445.20,-460.80,-494.50,-508.80,-504.10,-505.80,-545.30,-547.90,-556.00,-539.00,-516.30,-520.00,-509.45,-509.40,-494.55,-517.50,-541.75,-539.05,-543.15,-537.25,-519.80,-515.00,-515.30,-515.15,-522.65,-539.55,-548.45,-505.30,-519.80,-543.15,-531.70,-526.95,-517.25,-523.35,-529.00,-514.75,-484.45,-484.35,-456.90,-240.80,-339.80,-391.45,-384.45,-330.35,-352.25,-383.20,-383.80,-335.65,-354.05,-361.85,-368.20,-398.95,-405.90,-381.35,-308.15,-341.25,-315.75,-324.20,-361.15,-371.05,-360.95,-359.80,-366.00,-343.95,-364.60,-351.55,-348.20,-355.35,-366.70,-355.50,-351.40,-340.60,-323.80,-323.80,-323.80,-323.80,-323.80,-323.80,-323.80,-323.80,-323.80,-323.80,-323.80,-323.80,-323.80,-323.80,-323.80,-323.80,-323.80,-323.80,-323.80,-323.80,-323.80,-323.80,-323.80,-323.80,-329.35,-356.55,-335.50,-338.85,-346.35,-345.40,-354.00,-341.85,-332.85,-329.55,-345.60,-363.30,-328.30,-316.50,-339.45,-390.75,-428.35,-438.95,-424.15,-426.70,-433.65,-455.40,-467.70,-454.10,-468.10,-444.50,-453.60,-476.60,-451.35,-450.95,-475.20,-457.30,-449.15,-450.40,-440.40,-419.45,-388.50,-363.95,-384.35,-399.90,-398.45,-398.05,-406.45,-402.90,-415.15,-443.20,-476.00,-463.75,-470.25,-443.65,-446.05,-443.70,-421.35,-400.35,-419.30,-415.75,-417.15,-391.15,-378.70,-393.55,-391.95,-402.40,-405.85,-404.75,-414.40,-413.60,-405.60,-415.05,-410.10,-399.55,-395.75,-399.30,-402.50,-409.80,-398.75,-403.80,-390.20,-379.05,-366.95,-380.40,-381.85,-366.35,-373.15,-375.35,-374.60,-394.15,-423.90,-400.75,-395.75,-409.65,-388.10,-389.90,-351.00,-352.50,-365.05,-364.70,-379.05,-366.75,-371.65,-360.30,-368.25,-366.60,-336.35,-310.35,-334.45,-350.05,-355.25,-355.55,-352.25,-352.60,-369.10,-338.90,-310.95,-301.20,-302.80,-294.65,-284.80,-301.70,-305.45,-314.90,-295.00,-299.35,-297.00,-308.25,-315.10,-314.80,-346.60,-357.15,-335.00,-337.35,-334.35,-315.70,-322.70,-343.15,-344.15,-346.95,-331.50,-335.90,-298.50,-296.95,-273.65,-313.60,-320.95,-306.95,-342.35,-312.60,-314.80,-285.30,-284.10,-282.35,-303.90,-305.20,-301.45,-303.20,-293.05,-282.90,-304.35,-315.55,-333.45,-347.80,-330.40,-332.50,-285.35,-263.95,-278.25,-261.10,-254.40,-214.60,-258.20,-253.70,-265.95,-264.70,-276.45,-285.15,-256.75,-237.55,-204.50,-176.45,-219.00,-261.30,-302.55,-306.35,-326.70,-318.80,-320.80,-348.05,-306.60,-305.40,-292.70,-320.05,-330.05,-292.90,-277.90,-282.45,-230.80,-250.35,-268.45,-239.80,-221.80,-226.45,-224.15,-229.30,-237.40,-208.60,-208.80,-206.75,-239.10,-214.35,-223.40,-211.45,-235.20,-252.40,-248.35,-234.45,-244.20,-255.15,-268.35,-279.20,-256.30,-234.50,-238.50,-237.20,-217.05,-171.50,-192.75,-208.30,-215.15,-226.05,-232.55,-240.00,-237.60,-261.25,-262.65,-265.35,-263.20,-264.60,-263.20,-258.85,-249.35,-239.55,-234.45,-242.70,-239.00,-255.80,-250.95,-262.45,-267.90,-266.05,-275.10,-267.35,-282.45,-292.65,-275.90,-269.20,-265.45,-255.95,-268.95,-265.80,-259.75,-262.25,-257.25,-258.40,-265.60,-272.20,-272.20,-272.20,-272.20,-272.20,-272.20,-272.20,-272.20,-272.20,-272.20,-272.20,-272.20,-272.20,-267.40,-243.80,-253.05,-251.50,-240.55,-227.20,-204.15,-179.85,-170.60,-217.45,-158.50,-72.50,-114.10,-115.90,-136.75,-144.30,-141.65,-156.20,-128.30,-126.70,-111.50,-92.60,-85.45,-47.95,-32.25,-64.65,-70.95,-85.45,-121.40,-140.00,-141.70,-165.60,-148.35,-143.70,-151.85,-141.40,-170.95,-158.90,-162.65,-172.55,-175.80,-164.65,-168.55,-191.85,-226.40,-236.05,-213.85,-219.65,-235.95,-245.10,-247.70,-247.20,-224.10,-217.60,-204.35,-179.45,-164.35,-129.90,-133.60,-130.35,-140.05,-142.25,-146.85,-139.60,-134.10,-135.80,-124.50,-120.60,-139.05,-144.40,-140.50,-142.75,-140.85,-140.95,-137.55,-145.45,-130.85,-139.75,-118.35,-103.95,-96.30,-104.25,-91.25,-89.95,-102.40,-110.55,-108.35,-112.75,-83.90,-91.55,-113.55,-123.75,-143.85,-160.30,-143.35,-149.60,-152.80,-149.00,-149.00,-130.45,-155.45,-159.95,-183.50,-200.30,-220.05,-217.95,-218.45,-207.25,-209.55,-208.60,-227.40,-214.05,-220.20,-222.10,-227.60,-218.35,-271.15,-273.25,-270.95,-289.15,-300.75,-295.80,-284.85,-285.65,-268.45,-263.90,-280.40,-278.85,-282.90,-275.30,-271.60,-267.40,-264.45,-275.75,-259.30,-261.60,-257.35,-277.55,-298.10,-301.65,-300.05,-296.15,-295.85,-317.90,-318.50,-316.70,-312.35,-302.60,-301.10,-278.30,-284.50,-275.95,-286.65,-289.50,-277.50,-288.70,-281.95,-285.80,-271.25,-248.35,-271.50,-258.90,-262.85,-275.00,-281.05,-268.35,-261.25,-272.20,-249.10,-224.85,-220.65,-217.95,-231.05,-237.90,-240.20,-227.25,-246.80,-284.45,-295.80,-283.85,-276.15,-291.35,-299.30,-247.25,-236.85,-233.55,-209.15,-185.00,-172.95,-135.35,-131.35,-132.95,-187.95,-161.60,-182.95,-150.60,-143.05,-137.10,-110.20,-101.35,-120.75,-88.50,-85.95,-91.10,-36.60,-28.70,-0.60,-6.15,-24.00,-23.20,-1.80,-37.45,-31.95,-28.75,-43.75,-38.65,-46.30,0.60,-19.45,-33.70,-46.55,-35.85,-20.25,-33.20,-51.50,-45.20,-2.60,6.05,-9.45,-2.10,15.65,32.30,21.75,28.80,62.90,58.40,70.05,85.00,86.90,96.40,80.80,87.45,87.15,89.80,108.30,100.75,121.20,122.00,129.55,161.40,130.20,151.45,186.95,159.50,198.80,190.50,158.90,155.35,150.40,148.80,163.75,149.25,152.05,199.95,178.55,178.10,196.80,197.15,214.60,263.80,266.80,270.95,261.40,219.10,230.90,235.95,235.95,235.95,235.95,235.95,235.95,235.95,235.95,235.95,235.95,235.95,235.95,235.95,203.55,215.35,215.00,174.90,153.20,159.85,171.65,190.25,173.70,181.00,161.25,142.95,158.75,153.80,169.80,152.70,140.60,152.60,146.35,135.75,149.10,129.45,125.90,133.05,128.00,104.70,93.50,98.55,92.85,91.50,77.10,80.80,83.90,83.75,65.20,54.55,29.65,28.65,25.25,43.15,40.50,28.25,18.60,30.10,61.65,60.35,54.20,2.25,-11.20,-1.25,7.05,19.80,31.45,15.70,23.35,34.95,33.50,54.65,47.00,62.95,61.35,55.40,69.50,69.35,61.00,71.20,70.75,77.60,69.40,46.95,50.45,45.00,44.35,46.75,51.95,66.35,98.25,95.70,95.50,100.75,100.90,94.40,96.25,102.00,101.80,94.30,77.70,78.85,80.75,93.15,79.95,84.85,120.00,106.40,126.40,107.20,92.65,95.80,103.25,123.50,140.75,144.30,158.85,153.45,164.10,164.10,181.90,181.30,174.15,169.85,171.80,232.30,237.90,199.05,168.85,182.95,176.45,196.45,201.40,197.10,280.95,260.05,233.40,254.90,288.15,269.10,234.45,215.50,242.45,203.95,212.65,186.45,154.25,162.20,161.10,175.60,195.50,164.25,174.40,178.05,195.65,178.40,172.65,175.20,181.70,178.35,156.30,160.90,162.60,176.95,209.95,184.40,184.95,150.25,139.65,148.70,148.35,176.15,170.90,149.40,149.80,146.10,154.75,149.25,148.90,152.35,147.25,85.60,52.55,72.20,80.85,88.70,55.35,53.15,51.20,54.90,61.75,17.10,34.70,31.90,20.30,50.90,59.30,62.10,55.65,79.20,112.70,89.50,62.15,68.80,80.10,114.55,95.70,121.30,169.25,174.65,168.25,177.85,172.20,206.80,226.10,233.80,301.45,414.35,374.05,299.70,277.25,309.70,326.10,307.10,299.90,338.50,389.80,377.30,437.75,449.60,483.90,436.85,463.35,466.75,426.15,418.30,400.25,395.80,400.25,405.30,377.05,393.25,397.60,377.75,338.65,316.50,348.10,341.25,328.30,325.50,355.40,391.25,394.25,390.90,377.85,383.95,411.20,406.40,420.70,413.90,396.60,411.90,402.20,412.90,401.55,390.60,385.80,404.85,423.25,442.70,421.20,447.95,461.10,475.70,496.00,545.15,542.80,540.20,521.90,540.50,539.95,545.05,552.65,553.40,545.75,529.05,499.40,529.35,515.35,541.55,541.55,541.55,541.55,541.55,541.55,541.55,541.55,541.55,541.55,541.55,541.55,541.55,541.55,541.55,541.55,541.55,541.55,541.55,541.55,541.55,541.55,541.55,541.55,541.55,541.55,541.55,541.55,541.55,541.55,541.55,541.55,541.55,541.55,541.55,541.55,541.55,541.55,541.55,541.55,541.55,541.55,541.55,541.55,541.55,541.55,541.55,541.55,541.55,541.55,541.55,541.55,541.55,541.55,541.55,541.55,541.55,541.55,541.55,541.55,541.55,541.55,541.55,541.55,541.55,541.55,541.55,541.55,541.55,541.55,541.55,541.55,541.55,541.55,541.55,541.55,541.55,541.55,541.55,541.55,541.55,541.55,541.55,541.55,541.55,541.55,541.55,541.55,541.55,541.55,541.55,541.55,541.55,541.55,541.55,541.55,541.55,541.55,541.55,541.55,541.55,541.55,541.55,541.55,541.55,541.55,541.55,541.55,541.55,541.55,541.55,541.55,541.55,541.55,541.55,541.55,541.55,541.55,541.55,541.55,541.55,541.55,541.55,541.55,541.55,541.55,541.55,541.55,541.55,541.55,541.55,541.55,541.55,541.55,541.55,541.55,541.55,541.55,541.55,541.55,541.55,541.55,541.55,541.55,541.55,541.55,541.55,541.55,541.55,541.55,541.55,541.55,541.55,541.55,541.55,541.55,541.55,541.55,541.55,541.55,541.55,541.55,541.55,541.55,541.55,541.55,541.55,541.55,541.55,541.55,541.55,541.55,541.55,541.55,541.55,541.55,541.55,541.55,541.55,541.55,541.55,541.55,541.55,541.55,541.55,541.55,541.55,541.55,541.55,541.55,541.55,541.55,541.55,541.55,541.55,541.55,541.55,541.55,541.55,541.55,541.55,541.55,541.55,541.55,541.55,541.55,541.55,541.55,541.55,541.55,541.55,541.55,541.55,541.55,541.55,541.55,541.55,541.55,541.55,541.55,541.55,541.55,541.55,541.55,541.55,541.55,541.55,541.55,541.55,541.55,541.55,541.55,541.55,541.55,541.55,541.55,541.55,541.55,541.55,541.55,541.55,541.55,541.55,541.55,541.55,541.55,541.55,541.55,541.55,541.55,541.55,541.55,541.55,541.55,541.55,541.55,541.55,541.55,541.55,541.55,541.55,541.55,541.55,541.55,541.55,541.55,541.55,541.55,541.55,541.55,541.55,541.55,541.55,541.55,541.55,541.55,541.55,541.55,541.55,541.55,541.55,541.55,541.55,541.55,541.55,541.55,541.55,541.55,541.55,541.55,541.55,541.55,541.55,541.55,541.55,541.55,541.55,541.55,541.55,541.55,541.55,541.55,541.55,541.55,541.55,541.55,541.55,541.55,541.55,541.55,541.55,541.55,541.55,541.55,541.55,541.55,541.55,541.55,541.55,541.55,541.55,541.55,541.55,541.55,541.55,541.55,541.55,541.55,541.55,541.55,541.55,541.55,541.55,541.55,541.55,541.55,541.55,541.55,541.55,541.55,541.55,541.55,541.55,541.55,541.55,541.55,541.55,541.55,541.55,541.55,541.55,541.55,541.55,541.55,541.55,541.55,541.55,541.55,541.55,541.55,541.55,541.55,541.55,541.55,541.55,541.55,541.55,541.55,541.55,541.55,541.55,541.55,541.55,541.55,541.55,541.55,541.55,541.55,541.55,541.55,541.55,541.55,541.55,541.55,541.55,541.55,541.55,541.55,541.55,541.55,541.55,541.55,541.55,541.55,541.55,541.55,541.55,541.55,541.55,541.55,541.55,541.55,541.55,541.55,541.55,541.55,541.55,541.55,541.55,541.55,541.55,541.55,541.55,541.55,541.55,541.55,541.55,541.55,541.55,541.55,541.55,541.55,541.55,541.55,541.55,541.55,541.55,541.55,541.55,541.55,541.55,541.55,541.55,541.55,541.55,541.55,541.55,541.55,541.55,541.55,541.55,541.55,541.55,541.55,541.55,541.55,541.55,541.55,541.55,541.55,541.55,541.55,541.55,541.55,541.55,541.55,541.55,541.55,541.55,541.55,541.55,541.55,541.55,541.55,541.55,541.55,541.55,541.55,541.55,541.55,541.55,541.55,541.55,541.55,541.55,541.55,541.55,541.55,541.55,541.55,541.55,541.55,541.55,541.55,541.55,541.55,541.55,541.55,541.55,541.55,541.55,541.55,541.55,541.55,541.55,541.55,541.55,541.55,541.55,541.55,541.55,541.55,541.55,541.55,541.55,541.55,541.55,541.55,541.55,541.55,541.55,541.55,541.55,541.55,541.55,541.55,541.55,541.55,541.55,541.55,541.55,541.55,541.55,541.55,541.55,541.55,541.55,541.55,541.55,541.55,541.55,541.55,541.55,541.55,541.55,541.55,541.55,541.55,541.55,541.55,541.55,541.55,541.55,541.55,541.55,541.55,541.55,541.55,541.55,541.55,541.55,541.55,541.55,541.55,541.55,541.55,541.55,541.55,541.55,541.55,541.55,541.55,541.55,541.55,541.55,541.55,541.55,541.55,541.55,541.55,541.55,541.55,541.55,541.55,541.55,541.55,541.55,541.55,541.55,541.55,541.55,541.55,541.55,541.55,541.55,541.55,541.55,541.55,541.55,544.05,498.60,519.40,579.55,575.90,556.90,542.85,555.80,569.30,519.10,512.50,497.65,592.80,587.75,587.60,612.75,697.65,674.95,714.30,691.85,704.45,749.20,694.35,635.20,511.80,523.60,510.30,527.40,516.80,539.15,470.05,489.25,484.40,486.40,512.25,494.10,536.95,553.65,690.70,613.00,647.35,683.55,674.65,639.05,603.00,603.85,576.10,543.10,550.45,554.95,546.55,536.35,559.85,558.05,577.55,605.10,593.15,618.40,609.85,605.20,606.85,608.35,625.95,619.90,603.70,567.30,555.85,554.30,528.90,526.60,522.70,527.55,504.20,506.25,501.70,504.15,515.55,515.50,512.00,529.80,538.35,549.75,548.50,559.20,555.20,559.75,559.90,572.65,560.20,568.60,603.30,562.75,541.60,542.00,522.95,535.70,539.75,513.90,486.80,453.95,484.00,484.55,498.25,495.90,510.80,559.90,575.70,562.45,545.95,546.60,573.45,587.55,606.15,611.10,600.45,631.20,659.45,640.65,654.35,646.30,638.90,639.85,679.55,670.15,614.55,638.25,658.80,675.55,686.95,659.00,645.45,667.65,693.35,700.25,696.75,685.15,691.25,678.25,680.90,704.60,715.80,722.30,737.85,746.45,750.80,724.90,739.20,725.95,700.90,689.35,689.75,714.35,695.55,649.65,644.05,629.55,642.15,629.85,611.80,558.45,522.65,527.20,532.90,531.00,545.35,566.15,628.50,638.25,621.15,629.90,595.40,556.25,554.55,508.20,511.30,506.10,513.95,535.30,530.50,523.65,544.85,519.85,510.90,489.80,490.65,516.70,480.40,484.95,465.70,480.10,479.55,474.00,469.65,459.55,482.60,500.80,515.85,549.10,568.60,591.45,618.50,626.90,645.00,643.80,628.55,638.05,630.90,599.85,617.50,663.85,646.90,622.25,639.45,647.35,679.10,688.05,680.60,659.35,640.95,658.15,686.25,724.20,741.60,703.80,687.95,674.70,662.45,661.90,655.55,641.20,613.30,617.60,635.25,643.30,673.60,691.05,684.75,692.15,682.05,666.80,658.50,624.45,628.60,636.20,626.80,591.25,570.20,553.35,550.15,545.55,552.20,559.50,562.10,537.15,564.20,561.15,560.25,571.05,576.35,557.60,572.40,568.85,553.75,558.65,567.65,530.20,539.05,548.00,543.10,551.20,570.55,575.95,578.85,575.65,590.70,582.15,582.15,582.15,582.15,582.15,582.15,582.15,582.15,582.15,582.15,582.15,582.15,582.15,567.00,588.85,602.45,590.95,623.75,613.85,603.95,614.30,614.75,595.80,602.65,610.85,597.05,594.85,592.75,593.35,584.50,576.10,559.60,563.35,580.40,571.05,553.20,558.90,589.50,600.55,589.80,585.35,600.55,605.75,611.85,606.80,614.10,621.40,601.15,608.50,608.45,577.15,572.00,579.20,578.60,555.65,559.00,540.75,533.65,519.80,495.75,483.85,506.10,512.25,515.80,517.90,513.45,496.25,502.80,497.00,477.85,498.90,491.25,509.75,500.50,511.95,508.70,487.25,470.90,460.45,473.95,483.65,479.55,489.55,478.90,485.60,483.00,475.05,477.45,485.15,475.25,460.50,456.35,454.25,424.55,427.50,434.50,433.65,445.10,451.40,420.45,435.15,441.35,446.40,443.45,450.15,462.10,471.20,489.40,519.10,530.65,581.05,559.05,561.60,584.85,563.55,553.25,552.60,548.05,568.00,572.25,572.80,556.95,561.45,551.30,564.35,553.30,543.75,501.55,489.10,507.20,507.55,523.15,516.85,502.25,515.15,513.40,492.70,518.05,517.75,512.20,511.45,512.85,506.45,505.20,499.20,524.00,530.45,554.05,550.45,544.50,534.85,547.85,549.30,551.65,554.05,555.45,570.00,576.90,614.55,602.35,593.60,583.15,604.00,602.00,627.50,626.45,632.30,606.10,621.65,614.45,605.25,598.35,583.40,575.80,587.75,600.00,581.35,575.95,574.35,589.60,606.35,599.50,586.10,580.40,557.50,542.60,522.25,515.75,536.15,534.45,564.25,560.55,564.90,538.30,552.55,539.60,533.85,554.60,559.55,501.45,495.60,488.20,501.40,559.80,540.15,570.45,537.95,532.35,559.60,575.45,581.25,578.95,575.05,556.00,531.10,570.35,584.80,546.55,573.65,581.50,565.55,585.45,649.45,654.90,712.20,700.60,667.45,646.50,634.00,652.30,655.10,650.75,619.95,613.40,602.55,607.60,617.80,612.55,627.75,620.90,613.50,598.65,595.85,605.85,601.80,591.65,609.50,602.90,607.75,634.80,624.40,615.20,610.85,593.25,595.00,591.80,585.20,589.95,603.45,607.45,612.40,606.20,587.80,587.65,604.45,595.80,604.60,614.90,620.00,620.70,624.25,628.00,620.65,613.75,615.15,615.05,622.25,604.55,595.05,603.60,600.30,611.10,603.80,601.10,604.30,605.00,605.35,611.45,594.55,594.55,594.55,594.55,594.55,594.55,594.55,594.55,594.55,594.55,594.55,594.55,594.55,617.70,617.25,609.65,618.85,615.30,613.30,634.65,627.55,641.50,623.10,627.50,624.25,614.65,620.95,627.70,620.05,621.40,622.60,609.30,615.90,611.90,613.30,608.30,608.65,590.20,561.80,573.65,594.20,594.80,609.30,617.25,618.15,602.35,597.75,595.05,601.90,581.80,563.05,566.15,559.85,562.20,583.05,593.95,595.80,614.90,628.60,630.30,628.65,633.25,622.55,624.45,607.45,613.20,611.70,608.10,615.90,616.95,613.85,643.55,664.05,675.65,664.35,652.50,645.05,641.85,641.95,644.50,644.40,648.15,652.15,661.75,666.95,667.35,664.80,670.05,661.95,662.35,669.65,681.60,707.20,701.05,697.25,706.25,687.90,697.95,670.00,671.80,691.40,662.90,668.90,655.30,636.60,626.50,632.80,618.90,635.10,626.05,609.60,576.90,577.70,574.90,579.75,555.95,562.20,566.95,557.40,570.65,576.30,561.65,566.20,574.60,590.40,580.30,578.00,585.50,590.10,613.40,644.55,666.75,648.40,650.15,662.35,657.95,669.40,695.85,677.45,665.55,685.35,696.40,681.05,687.20,685.20,671.65,673.70,691.55,681.25,665.30,660.90,658.80,655.25,657.80,665.00,659.80,662.65,677.90,672.75,679.45,676.20,679.05,711.05,720.30,737.55,734.20,739.05,758.95,783.95,830.35,836.15,772.25,763.50,793.25,881.35,840.75,885.25,927.50,928.70,962.25,972.20,973.55,1055.90,1081.15,1097.20,1126.55,1116.80,1183.65,1205.90,1231.45,1252.80,1187.00,1215.70,1318.80,1314.65,1330.25,1367.85,1333.15,1316.25,1333.70,1283.55,1257.30,1267.65,1265.05,1232.25,1203.65,1160.15,1217.85,1259.05,1287.85,1319.10,1314.80,1324.10,1318.90,1293.90,1304.30,1275.30,1276.05,1234.40,1246.40,1244.10,1252.60,1262.90,1256.35,1257.25,1300.40,1307.85,1298.85,1311.10,1294.75,1278.65,1233.15,1239.10,1233.65,1211.70,1231.70,1223.90,1210.15,1212.85,1185.65,1188.95,1177.35,1185.70,1188.30,1174.95,1139.75,1167.95,1150.10,1131.45,1150.15,1165.95,1170.00,1171.45,1176.75,1206.45,1185.85,1199.75,1218.90,1194.90,1238.25,1243.55,1231.65,1279.50,1300.95,1358.10,1339.75,1336.25,1337.90,1313.95,1387.90,1378.75,1339.75,1340.45,1370.35,1401.55,1405.15,1407.95,1390.90,1437.05,1494.25,1511.95,1514.05,1566.75,1564.00,1543.10,1518.70,1496.10,1533.55,1475.85,1475.85,1475.85,1475.85,1475.85,1475.85,1475.85,1475.85,1475.85,1475.85,1475.85,1475.85,1475.85,1494.50,1486.35,1528.95,1516.15,1514.80,1544.30,1533.35,1504.25,1481.05,1453.55,1458.15,1449.85,1455.25,1452.65,1451.55,1472.80,1446.40,1439.05,1442.85,1431.10,1452.60,1440.75,1444.60,1438.90,1395.10,1411.45,1406.80,1421.35,1409.75,1412.80,1399.30,1403.55,1419.55,1404.20,1419.40,1416.95,1411.05,1417.20,1433.30,1435.15,1437.10,1395.90,1383.25,1312.95,1295.10,1335.55,1336.85,1373.45,1392.90,1387.10,1376.90,1370.05,1337.55,1337.20,1338.55,1340.10,1316.40,1335.00,1317.35,1329.50,1322.70,1305.55,1301.90,1299.95,1334.60,1323.30,1343.90,1347.15,1342.05,1344.65,1359.40,1368.95,1375.35,1375.00,1367.80,1368.15,1361.00,1371.30,1368.20,1373.55,1375.85,1391.75,1375.40,1374.00,1358.65,1379.65,1370.15,1357.80,1368.25,1389.50,1419.95,1458.25,1454.40,1435.60,1447.65,1485.90,1437.55,1456.10,1458.30,1513.45,1525.60,1554.60,1582.70
350,1,2026.03.19 09:45:00,2026.03.19 14:49:58,London,4,3,9,Q80,4739.59000,4538.85000,4839.96000,4538.85000,0.05,880.70,18000,-71.55,600,0,-56.25,-71.55,58.50,14.10,122.85,125.20,50.75,44.40,103.65,180.90,144.20,255.35,142.35,162.10,151.20,132.70,186.20,222.60,130.80,144.95,151.95,97.50,135.35,171.30,126.05,167.85,202.70,140.50,134.20,176.05,228.60,302.45,279.95,204.55,246.85,280.20,284.10,308.35,302.60,256.50,261.60,267.50,264.05,256.95,266.10,280.65,297.35,376.45,391.10,434.25,440.25,545.75,550.85,601.75,612.75,671.40,663.50,677.40,669.30,880.70
352,1,2026.03.20 07:35:00,2026.03.20 10:24:58,Asian,5,3,7,Q60,4702.81000,4728.11000,4728.11000,4652.21000,0.05,184.05,4200,-110.65,9900,0,-51.95,-33.80,8.25,41.90,72.10,38.80,65.60,56.80,72.30,63.20,74.80,86.75,173.15,184.05,174.20,173.50,167.10,140.65,103.10,116.65,113.25,89.55,71.95,79.45,47.15,42.40,24.30,26.70,-18.15,-9.20,-27.80,-67.00,-110.65
354,1,2026.03.23 02:05:00,2026.03.23 08:29:58,Asian,1,4,2,Q75,4440.31000,4248.25000,4536.34000,4248.25000,0.05,825.30,22800,-23.45,5700,0,1.90,17.65,76.65,1.70,66.20,196.00,452.20,387.20,473.65,522.70,430.30,315.45,195.30,158.95,56.85,39.80,90.10,-5.65,-23.45,24.10,137.00,163.95,263.20,115.30,168.20,222.80,182.75,178.90,205.20,260.05,330.15,277.65,333.70,401.70,398.50,365.35,420.70,453.05,432.90,425.65,445.40,404.40,472.30,491.50,443.90,447.90,436.90,388.65,356.55,382.50,357.75,351.00,358.55,370.75,332.40,324.90,355.60,430.25,364.45,337.90,328.50,338.35,358.60,429.25,420.80,535.95,568.10,590.55,597.75,681.95,649.65,767.25,824.60,728.70,774.50,825.30
356,1,2026.03.24 03:05:00,2026.03.24 22:24:58,Asian,2,4,3,Q73,4356.23000,4448.41000,4448.41000,4171.87000,0.05,219.80,4200,-412.90,35700,0,64.95,125.95,48.40,-21.45,6.35,-21.50,25.70,172.00,208.45,149.70,169.05,113.75,170.70,219.80,210.35,99.95,21.30,-70.95,-26.80,-52.65,-38.05,-15.25,-49.85,21.75,18.60,-11.80,-12.55,-30.75,-42.50,47.95,70.50,73.50,80.10,73.30,44.60,19.65,20.30,30.15,129.15,121.95,83.70,66.90,64.75,76.25,48.30,39.55,113.45,141.45,150.85,104.05,69.50,81.10,103.40,118.30,88.40,-11.05,-35.85,21.60,44.50,-8.05,-63.80,-52.30,-87.35,-146.70,-153.10,-144.65,-179.30,-106.50,-109.05,-168.20,-229.05,-260.80,-294.75,-342.10,-332.40,-280.00,-281.50,-268.75,-263.55,-260.55,-330.45,-325.85,-305.15,-255.10,-281.15,-291.40,-243.85,-191.90,-201.40,-211.95,-206.10,-221.00,-266.70,-280.15,-279.65,-283.75,-242.10,-213.75,-287.40,-266.85,-255.10,-275.10,-308.85,-299.40,-305.50,-307.40,-351.30,-327.75,-359.30,-349.95,-367.50,-350.15,-329.80,-301.90,-340.85,-357.70,-317.70,-365.20,-412.90,-265.25,-285.30,-316.15,-293.90,-298.80,-284.65,-357.30,-344.15,-329.00,-341.20,-222.60,-258.45,-252.60,-281.70,-321.55,-344.60,-225.05,-231.10,-134.25,-44.30,-68.20,-136.30,-136.40,-114.80,-130.75,-63.00,-110.35,-84.25,-82.20,-2.10,-19.40,2.65,-2.65,6.50,-54.70,-126.75,-202.90,-207.45,-194.70,-211.20,-253.50,-264.25,-296.60,-257.70,-281.00,-240.25,-345.70,-297.35,-275.05,-233.05,-276.70,-264.20,-290.40,-284.70,-301.15,-337.40,-341.15,-365.10,-314.15,-276.95,-252.90,-282.10,-290.70,-341.50,-337.20,-324.95,-313.35,-267.70,-341.80,-334.10,-322.15,-325.45,-261.75,-178.55,-206.65,-217.70,-224.60,-218.60,-133.50,-132.05,-109.70,-142.95,-145.40,-161.80,-166.60,-149.75,-166.90,-209.60,-248.95,-255.65,-291.50,-319.05,-219.70,-201.25,-217.35,-166.30,-215.05,-241.95,-240.90,-258.05,-259.55,-256.25,-232.85,-208.00,-225.90,-217.90,-229.55,-220.95,-216.45,-214.60,-222.90,-267.60
358,1,2026.03.25 08:00:00,2026.03.25 13:24:58,London,3,4,8,Q51,4555.69000,4574.66000,4574.66000,4517.75000,0.05,105.05,900,-61.25,18600,0,27.15,73.65,105.05,31.05,20.85,26.10,10.25,45.25,44.20,40.10,39.30,51.15,34.35,22.85,-5.65,-33.25,-7.45,-27.55,2.75,43.20,43.50,53.95,54.55,81.20,50.20,20.20,-13.90,-38.20,-34.90,-49.70,-53.30,-38.05,-47.70,-46.15,-17.10,-2.10,-36.75,-34.90,-32.70,-40.25,-0.90,-14.10,-4.35,1.25,24.10,88.55,36.15,18.35,-16.95,-7.50,2.65,-4.90,8.75,1.25,10.15,-2.75,16.90,-9.70,-29.15,-16.30,-53.10,-61.25,-60.50,-59.65
360,1,2026.03.26 04:40:00,2026.03.26 07:59:58,Asian,4,4,4,Q75,4514.55000,4454.71000,4544.47000,4454.71000,0.05,260.95,11700,-38.20,7800,0,-25.75,-11.00,-5.80,27.80,48.40,50.95,16.20,35.65,50.15,39.35,-9.05,-14.55,-5.90,-4.50,17.75,-10.70,7.65,-13.40,-20.20,-13.25,-20.60,-31.60,-27.65,-15.35,-17.65,-38.20,-29.45,-29.95,-19.20,13.25,28.60,21.20,46.80,104.40,103.65,122.20,157.15,206.20,260.95
362,1,2026.03.27 02:20:00,2026.03.27 03:34:58,Asian,5,4,2,Q65,4397.29000,4415.10000,4415.10000,4361.67000,0.05,94.00,2400,-45.55,4200,0,37.45,30.15,9.30,35.90,31.80,64.30,75.70,94.00,42.75,22.65,16.40,29.10,-24.65,-45.55
364,1,2026.03.30 01:10:00,2026.03.30 08:54:58,Asian,1,5,1,Q75,4485.69000,4526.54000,4526.54000,4403.99000,0.05,297.95,7500,-174.40,27600,0,-54.50,-101.80,-103.05,-117.40,-109.85,-84.60,-39.25,-20.60,-20.75,3.00,-14.80,38.90,34.85,50.60,57.55,67.05,132.25,167.70,167.40,203.80,180.45,184.60,251.95,282.90,297.95,201.50,118.55,182.35,166.95,190.55,236.20,224.40,256.60,267.15,218.15,146.20,128.80,150.85,157.95,185.85,89.65,91.30,72.40,58.40,108.45,81.10,83.50,85.10,65.25,88.00,73.90,64.40,106.85,75.75,-45.30,-29.65,10.00,22.75,-45.00,-102.80,-94.20,-103.10,-129.10,-106.45,-98.00,-87.90,-88.65,-99.10,-90.80,-51.55,-44.10,-23.95,-9.75,-12.45,-42.75,-24.50,-10.05,-10.85,-12.35,-13.95,-30.95,-55.60,-68.45,-94.85,-95.35,-129.05,-144.30,-98.55,-130.10,-102.60,-124.10,-174.40
366,1,2026.03.31 05:10:00,2026.04.01 18:34:58,Asian,2,5,5,Q75,4597.00000,4777.74000,4506.63000,4777.74000,0.05,880.95,133200,-314.70,30600,0,-35.15,-45.55,-60.00,-71.75,-80.70,-55.05,-50.20,-130.75,-131.65,-144.00,-134.25,-136.15,-135.80,-166.05,-196.35,-177.15,-159.40,-197.90,-223.05,-220.95,-209.20,-199.85,-185.65,-184.85,-197.15,-168.35,-187.40,-177.85,-164.90,-175.25,-164.70,-178.15,-156.30,-160.55,-140.20,-176.20,-233.05,-194.70,-168.00,-177.80,-107.05,-97.05,-99.95,-86.00,-116.20,-140.25,-163.45,-190.25,-187.90,-210.10,-182.80,-181.20,-163.00,-179.45,-190.70,-204.20,-193.50,-199.20,-187.90,-201.85,-222.00,-251.45,-230.70,-223.90,-199.30,-213.45,-186.60,-192.75,-187.90,-162.85,-143.60,-147.80,-155.25,-141.65,-141.35,-123.40,-140.75,-133.85,-128.05,-124.90,-128.15,-142.20,-128.75,-140.20,-147.25,-148.15,-148.00,-174.45,-199.65,-229.90,-207.05,-192.00,-202.25,-207.05,-183.75,-182.40,-200.30,-193.15,-191.50,-182.60,-210.20,-314.70,-279.45,-276.40,-242.35,-250.30,-248.60,-259.05,-227.75,-152.50,-105.90,-108.45,-95.95,-36.90,-25.20,-60.70,-79.45,-73.70,-58.45,-26.65,-106.80,-80.60,-96.00,-88.35,-69.85,-61.85,-89.05,-118.70,-113.65,-111.30,-134.50,-79.10,-78.40,-67.50,-66.30,-118.65,-92.85,-67.15,-46.10,-36.45,48.90,50.15,85.00,41.70,91.20,73.05,79.55,109.90,118.70,59.65,55.05,23.60,44.15,10.20,82.50,87.55,129.70,113.85,111.30,65.75,86.65,112.65,119.60,94.20,106.05,62.50,86.00,112.20,74.95,89.40,104.70,104.25,100.00,180.15,223.45,221.00,201.05,206.05,254.55,210.80,229.60,255.10,267.10,259.10,309.25,270.75,317.10,328.25,324.65,288.00,288.35,340.80,343.85,345.80,334.65,337.45,323.10,366.15,353.05,342.70,360.40,352.35,367.30,327.20,371.10,379.90,391.20,378.80,400.05,428.00,419.15,431.10,436.85,352.80,352.80,352.80,352.80,352.80,352.80,352.80,352.80,352.80,352.80,352.80,352.80,352.80,352.80,352.80,352.80,352.80,352.80,352.80,352.80,352.80,352.80,352.80,352.80,352.80,385.25,361.95,359.80,349.50,422.25,387.70,380.05,489.35,438.40,369.60,371.55,419.20,400.45,388.80,396.45,383.85,400.40,426.75,450.60,475.20,469.90,460.80,473.40,496.30,508.60,519.40,531.80,551.80,587.25,623.70,542.90,536.15,547.60,549.70,572.10,569.40,534.20,544.05,555.30,505.05,490.40,556.30,480.30,447.35,454.25,471.50,491.40,478.65,491.25,492.85,484.40,494.50,449.30,454.20,441.65,417.30,423.55,414.30,450.75,437.30,438.55,450.60,463.10,466.45,464.25,451.95,452.30,455.35,450.15,436.55,430.55,424.55,398.20,389.80,384.55,359.40,377.15,377.15,374.75,391.85,399.55,404.75,399.25,397.25,395.55,419.00,429.45,443.15,437.10,446.40,481.15,517.55,525.90,513.25,492.95,436.00,440.20,447.60,502.80,495.80,560.45,561.35,559.85,528.00,557.75,635.25,650.50,668.10,627.75,619.75,591.45,596.55,614.25,630.00,673.00,724.05,668.90,627.70,582.80,579.75,622.95,615.30,611.20,651.65,659.10,668.45,678.90,705.25,674.80,671.85,666.25,658.20,646.10,617.10,606.05,600.60,619.90,612.05,586.05,608.10,611.00,647.90,631.00,630.90,609.60,605.65,593.10,614.55,641.65,656.45,650.05,666.30,689.85,700.20,675.10,671.95,702.75,714.00,699.20,733.65,715.50,740.65,745.80,799.15,817.85,808.05,813.75,777.20,755.10,730.10,732.35,710.90,678.05,694.95,737.95,695.40,755.90,683.85,671.95,638.90,617.10,659.55,673.20,711.75,706.30,696.00,709.85,745.15,732.05,732.60,722.90,705.95,736.70,729.60,737.60,750.80,713.45,725.70,732.35,765.65,785.25,809.70,854.30,818.80,849.30,880.95,838.85,867.40,865.95,879.70
368,1,2026.04.01 18:40:00,2026.04.02 04:09:58,New York,3,1,18,Q80,4781.97000,4724.20000,4724.20000,4897.51000,0.05,69.95,27600,-193.25,33900,0,18.15,13.90,17.80,23.00,19.75,17.35,-34.70,0.35,-10.00,-26.30,2.55,-5.55,11.85,9.65,8.60,26.70,35.30,44.50,32.80,18.80,26.90,15.60,-12.10,2.50,-0.15,-8.95,-12.15,-38.35,-87.95,-74.35,-54.40,-98.75,-132.05,-139.85,-129.05,-164.10,-127.00,-129.45,-133.55,-144.45,-120.25,-119.35,-111.25,-104.95,-104.90,-81.60,-73.30,-34.50,-63.35,-70.40,-83.20,-123.25,-123.25,-123.25,-123.25,-123.25,-123.25,-123.25,-123.25,-123.25,-123.25,-123.25,-123.25,-123.25,-123.25,-123.25,-123.25,-123.25,-123.25,-123.25,-123.25,-123.25,-123.25,-123.25,-123.25,-123.25,-112.15,-127.70,-113.70,-98.45,-73.65,-45.95,-24.40,-35.95,-28.65,-8.10,-13.70,-27.70,-16.75,26.20,46.40,69.95,55.05,65.05,56.40,50.60,38.60,10.55,17.70,10.65,-1.25,41.10,53.00,68.40,61.30,39.05,42.55,47.65,27.45,29.20,29.30,13.40,-193.25
370,1,2026.04.02 10:50:00,2026.04.08 03:04:58,London,4,1,10,Q80,4648.51000,4837.95000,4553.79000,4837.95000,0.05,924.55,490200,-326.85,20100,0,-18.35,-28.70,-33.85,-77.80,-37.05,-33.00,-60.70,-70.60,-51.90,-44.65,-89.45,-104.85,-106.95,-138.55,-149.60,-157.90,-123.60,-114.60,-109.05,-137.40,-131.95,-130.25,-134.90,-140.40,-114.50,-133.40,-110.15,-88.10,-116.65,-167.75,-162.80,-149.45,-170.25,-170.65,-119.75,-99.20,-138.95,-141.30,-109.95,-114.00,-104.80,-119.80,-115.40,-168.40,-174.85,-199.05,-242.30,-221.65,-234.90,-241.95,-206.35,-225.40,-179.60,-173.75,-101.25,-111.30,-132.25,-135.35,-151.30,-145.35,-142.45,-232.85,-267.40,-241.10,-304.90,-287.60,-326.85,-254.75,-242.20,-292.90,-231.65,-71.00,-64.45,-10.30,-32.60,-2.65,-3.60,60.20,131.60,83.60,107.00,196.75,224.30,162.05,177.05,164.70,164.70,111.50,118.95,120.05,67.95,119.75,133.45,109.20,88.00,53.40,68.30,62.60,66.00,48.05,31.95,-10.20,14.15,11.10,48.15,77.40,51.85,58.90,78.50,53.55,74.85,71.75,77.45,68.75,77.25,17.00,15.45,24.90,45.15,-5.75,8.30,0.20,24.95,37.60,25.20,26.80,14.55,15.30,51.40,34.65,70.35,102.70,98.55,100.00,119.10,155.60,130.05,107.70,122.25,83.55,76.15,79.20,87.20,101.75,133.70,5.50,5.50,5.50,5.50,5.50,5.50,5.50,5.50,5.50,5.50,5.50,5.50,5.50,5.50,5.50,5.50,5.50,5.50,5.50,5.50,5.50,5.50,5.50,5.50,5.50,5.50,5.50,5.50,5.50,5.50,5.50,5.50,5.50,5.50,5.50,5.50,5.50,5.50,5.50,5.50,5.50,5.50,5.50,5.50,5.50,5.50,5.50,5.50,5.50,5.50,5.50,5.50,5.50,5.50,5.50,5.50,5.50,5.50,5.50,5.50,5.50,5.50,5.50,5.50,5.50,5.50,5.50,5.50,5.50,5.50,5.50,5.50,5.50,5.50,5.50,5.50,5.50,5.50,5.50,5.50,5.50,5.50,5.50,5.50,5.50,5.50,5.50,5.50,5.50,5.50,5.50,5.50,5.50,5.50,5.50,5.50,5.50,5.50,5.50,5.50,5.50,5.50,5.50,5.50,5.50,5.50,5.50,5.50,5.50,5.50,5.50,5.50,5.50,5.50,5.50,5.50,5.50,5.50,5.50,5.50,5.50,5.50,5.50,5.50,5.50,5.50,5.50,5.50,5.50,5.50,5.50,5.50,5.50,5.50,5.50,5.50,5.50,5.50,5.50,5.50,5.50,5.50,5.50,5.50,5.50,5.50,5.50,5.50,5.50,5.50,5.50,5.50,5.50,5.50,5.50,5.50,5.50,5.50,5.50,5.50,5.50,5.50,5.50,5.50,5.50,5.50,5.50,5.50,5.50,5.50,5.50,5.50,5.50,5.50,5.50,5.50,5.50,5.50,5.50,5.50,5.50,5.50,5.50,5.50,5.50,5.50,5.50,5.50,5.50,5.50,5.50,5.50,5.50,5.50,5.50,5.50,5.50,5.50,5.50,5.50,5.50,5.50,5.50,5.50,5.50,5.50,5.50,5.50,5.50,5.50,5.50,5.50,5.50,5.50,5.50,5.50,5.50,5.50,5.50,5.50,5.50,5.50,5.50,5.50,5.50,5.50,5.50,5.50,5.50,5.50,5.50,5.50,5.50,5.50,5.50,5.50,5.50,5.50,5.50,5.50,5.50,5.50,5.50,5.50,5.50,5.50,5.50,5.50,5.50,5.50,5.50,5.50,5.50,5.50,5.50,5.50,5.50,5.50,5.50,5.50,5.50,5.50,5.50,5.50,5.50,5.50,5.50,5.50,5.50,5.50,5.50,5.50,5.50,5.50,5.50,5.50,5.50,5.50,5.50,5.50,5.50,5.50,5.50,5.50,5.50,5.50,5.50,5.50,5.50,5.50,5.50,5.50,5.50,5.50,5.50,5.50,5.50,5.50,5.50,5.50,5.50,5.50,5.50,5.50,5.50,5.50,5.50,5.50,5.50,5.50,5.50,5.50,5.50,5.50,5.50,5.50,5.50,5.50,5.50,5.50,5.50,5.50,5.50,5.50,5.50,5.50,5.50,5.50,5.50,5.50,5.50,5.50,5.50,5.50,5.50,5.50,5.50,5.50,5.50,5.50,5.50,5.50,5.50,5.50,5.50,5.50,5.50,5.50,5.50,5.50,5.50,5.50,5.50,5.50,5.50,5.50,5.50,5.50,5.50,5.50,5.50,5.50,5.50,5.50,5.50,5.50,5.50,5.50,5.50,5.50,5.50,5.50,5.50,5.50,5.50,5.50,5.50,5.50,5.50,5.50,5.50,5.50,5.50,5.50,5.50,5.50,5.50,5.50,5.50,5.50,5.50,5.50,5.50,5.50,5.50,5.50,5.50,5.50,5.50,5.50,5.50,5.50,5.50,5.50,5.50,5.50,5.50,5.50,5.50,5.50,5.50,5.50,5.50,5.50,5.50,5.50,5.50,5.50,5.50,5.50,5.50,5.50,5.50,5.50,5.50,5.50,5.50,5.50,5.50,5.50,5.50,5.50,5.50,5.50,5.50,5.50,5.50,5.50,5.50,5.50,5.50,5.50,5.50,5.50,5.50,5.50,5.50,5.50,5.50,5.50,5.50,5.50,5.50,5.50,5.50,5.50,5.50,5.50,5.50,5.50,5.50,5.50,5.50,5.50,5.50,5.50,5.50,5.50,5.50,5.50,5.50,5.50,5.50,5.50,5.50,5.50,5.50,5.50,5.50,5.50,5.50,5.50,5.50,5.50,5.50,5.50,5.50,5.50,5.50,5.50,5.50,5.50,5.50,5.50,5.50,5.50,5.50,5.50,5.50,5.50,5.50,5.50,5.50,5.50,5.50,5.50,5.50,5.50,5.50,5.50,5.50,5.50,5.50,5.50,5.50,5.50,5.50,5.50,5.50,5.50,5.50,5.50,5.50,5.50,5.50,5.50,5.50,5.50,5.50,5.50,5.50,5.50,5.50,5.50,5.50,5.50,5.50,5.50,5.50,5.50,5.50,5.50,5.50,5.50,5.50,5.50,5.50,5.50,5.50,5.50,5.50,5.50,5.50,5.50,5.50,5.50,5.50,5.50,5.50,5.50,5.50,5.50,5.50,5.50,5.50,5.50,5.50,5.50,5.50,5.50,5.50,5.50,5.50,5.50,5.50,5.50,5.50,5.50,5.50,5.50,5.50,5.50,5.50,5.50,5.50,5.50,5.50,5.50,5.50,5.50,5.50,5.50,5.50,5.50,5.50,5.50,5.50,5.50,5.50,5.50,5.50,5.50,5.50,5.50,5.50,5.50,5.50,5.50,5.50,5.50,5.50,5.50,5.50,5.50,5.50,5.50,5.50,5.50,5.50,5.50,5.50,5.50,5.50,5.50,5.50,5.50,5.50,5.50,5.50,5.50,5.50,5.50,5.50,5.50,5.50,5.50,5.50,5.50,5.50,5.50,5.50,5.50,5.50,5.50,5.50,5.50,5.50,5.50,5.50,5.50,5.50,5.50,5.50,5.50,5.50,5.50,5.50,5.50,5.50,5.50,5.50,5.50,5.50,5.50,5.50,5.50,5.50,5.50,5.50,5.50,5.50,5.50,5.50,5.50,5.50,5.50,5.50,5.50,5.50,5.50,5.50,5.50,5.50,5.50,5.50,5.50,5.50,5.50,5.50,5.50,5.50,5.50,5.50,5.50,5.50,5.50,5.50,5.50,5.50,5.50,5.50,5.50,5.50,5.50,5.50,5.50,5.50,5.50,5.50,5.50,5.50,5.50,5.50,5.50,5.50,5.50,5.50,5.50,5.50,5.50,5.50,5.50,5.50,5.50,5.50,5.50,5.50,5.50,5.50,5.50,5.50,5.50,5.50,5.50,5.50,5.50,5.50,5.50,5.50,5.50,5.50,5.50,5.50,5.50,5.50,5.50,5.50,5.50,5.50,5.50,5.50,5.50,5.50,5.50,5.50,5.50,5.50,5.50,5.50,5.50,5.50,5.50,5.50,5.50,5.50,5.50,5.50,5.50,5.50,5.50,5.50,5.50,5.50,5.50,5.50,5.50,5.50,5.50,5.50,5.50,5.50,5.50,5.50,5.50,5.50,5.50,5.50,5.50,5.50,5.50,5.50,5.50,5.50,5.50,5.50,5.50,5.50,5.50,5.50,5.50,5.50,5.50,5.50,5.50,5.50,5.50,5.50,5.50,5.50,5.50,5.50,5.50,5.50,5.50,5.50,5.50,5.50,5.50,5.50,5.50,5.50,5.50,5.50,5.50,5.50,5.50,5.50,5.50,5.50,5.50,5.50,5.50,5.50,5.50,5.50,5.50,5.50,5.50,5.50,5.50,5.50,5.50,5.50,5.50,5.50,5.50,5.50,5.50,5.50,5.50,5.50,5.50,5.50,5.50,5.50,5.50,5.50,5.50,5.50,5.50,5.50,5.50,5.50,5.50,5.50,5.50,5.50,5.50,5.50,5.50,5.50,5.50,5.50,5.50,5.50,5.50,5.50,5.50,5.50,5.50,5.50,5.50,5.50,5.50,5.50,5.50,5.50,5.50,5.50,-57.40,-75.40,-93.85,-62.75,-35.40,-61.05,-65.50,-32.80,-29.25,-29.70,-97.40,-14.20,-59.60,-89.90,-80.10,-119.05,-143.90,-193.55,-166.10,-171.05,-207.10,-175.95,-158.20,-190.05,-127.30,-127.30,-112.20,-167.75,-158.25,-225.60,-196.40,-191.25,-147.00,-154.35,-135.70,-130.90,-87.30,-54.05,-33.75,-117.45,-78.15,-36.25,-97.95,-66.05,-103.40,-125.90,-110.15,-113.15,-95.60,-81.75,-61.10,74.10,83.75,63.10,29.70,13.55,12.95,19.00,10.05,-2.55,-70.00,-88.20,-76.00,-108.35,-86.75,-90.85,-85.30,-97.35,-79.70,-69.60,-65.45,-39.95,-2.60,-10.40,-25.15,-25.15,-32.85,-9.10,-0.65,-1.10,2.00,17.15,37.85,52.95,73.05,111.85,126.10,144.00,125.35,94.30,94.60,86.40,65.25,58.40,92.40,20.85,21.15,48.00,62.50,51.10,33.45,44.30,48.40,31.80,35.60,41.05,68.40,87.80,51.25,41.95,17.05,4.65,-15.25,11.40,24.30,41.80,79.55,118.35,162.50,181.70,225.10,181.05,206.35,190.50,221.85,214.60,229.45,209.40,223.35,241.65,228.80,236.55,252.35,253.40,263.75,258.90,264.30,269.55,276.20,271.25,274.25,260.35,226.35,225.65,244.85,224.95,191.10,209.60,199.45,206.60,207.75,216.90,234.95,221.05,213.00,206.30,222.20,220.40,204.70,215.70,197.30,199.55,203.85,205.45,184.20,171.55,174.50,147.00,167.55,154.60,119.95,122.60,77.65,87.55,125.00,139.95,142.05,150.55,143.00,136.90,116.25,108.70,100.65,76.35,120.55,100.80,115.00,127.10,85.90,78.40,152.75,156.45,105.55,113.40,121.35,173.75,186.30,189.55,215.55,178.65,180.90,150.45,181.40,172.95,118.30,94.80,68.40,90.15,87.25,94.15,95.60,33.70,61.35,78.55,86.45,98.40,91.15,74.00,109.85,100.60,100.90,85.65,91.90,80.05,74.55,80.75,71.65,59.40,52.25,49.00,27.25,56.20,57.75,38.35,52.75,55.25,39.50,19.90,36.30,25.60,20.55,48.80,54.60,71.60,68.40,58.20,52.70,5.35,8.45,11.30,13.75,48.65,49.05,13.05,10.10,-3.20,-7.15,8.20,14.10,12.05,15.90,34.75,29.10,-0.30,-0.30,-0.30,-0.30,-0.30,-0.30,-0.30,-0.30,-0.30,-0.30,-0.30,-0.30,-0.30,-0.30,-0.30,-0.30,-0.30,-0.30,-0.30,-0.30,-0.30,-0.30,-0.30,-0.30,-0.30,65.20,94.90,76.70,80.80,63.35,67.95,58.40,60.90,53.95,63.50,46.45,49.25,54.80,58.75,57.80,49.05,25.95,29.75,26.00,32.65,32.55,38.80,55.85,51.65,32.65,26.55,45.40,49.65,52.30,52.85,60.35,58.05,60.60,50.45,43.80,31.60,65.25,-20.25,-39.65,12.90,7.75,31.60,45.95,-47.50,-34.45,-71.10,-106.85,-107.70,-101.65,-85.90,-109.40,-88.05,-90.85,-69.20,-52.55,-31.60,-10.70,14.75,10.85,10.25,-0.50,-11.65,-17.15,-34.95,-32.25,-29.85,-12.70,-15.05,-1.80,-3.55,-1.95,6.55,5.50,0.85,-11.65,3.75,6.00,8.40,51.85,50.05,69.35,63.95,68.65,58.45,42.35,35.95,36.10,30.70,-5.95,-79.45,-84.45,-45.60,-86.10,-64.75,-46.95,-27.90,-14.75,-22.50,-7.35,-26.90,-30.05,-38.15,-23.60,-13.40,20.15,12.35,26.00,24.95,17.85,28.55,15.90,16.60,-0.35,-44.70,-28.60,-11.90,-23.85,-26.75,-45.05,-13.05,8.90,15.15,74.50,65.45,179.20,151.15,182.45,166.50,172.70,167.25,180.60,171.75,172.35,187.20,184.30,208.60,227.15,190.95,172.25,140.85,92.40,91.50,109.00,112.20,132.05,131.75,142.35,144.15,119.35,98.35,93.85,74.65,69.25,9.20,37.05,18.40,29.55,13.85,-64.25,-43.30,-17.65,-3.00,5.45,30.80,73.05,59.75,50.20,56.40,47.30,39.15,31.45,50.40,91.85,87.45,63.25,73.60,41.15,2.40,30.10,15.65,35.25,36.00,41.15,11.75,54.70,47.85,-3.05,-5.00,-43.55,-5.65,19.65,-22.30,-120.50,-179.60,-132.30,-163.40,-32.85,-15.60,23.55,32.20,-6.15,2.05,-43.40,-77.05,-102.15,-72.85,-26.30,8.45,-13.50,23.10,-10.05,-21.65,-13.40,14.55,26.25,35.25,70.15,26.85,51.05,45.70,46.35,72.20,55.85,46.90,62.75,49.40,58.35,42.85,86.35,94.35,97.45,40.05,49.80,58.60,118.55,153.50,118.85,147.55,140.85,137.70,149.75,151.45,178.80,181.35,148.60,160.35,173.80,156.90,156.30,129.10,82.45,68.45,83.85,68.65,96.70,208.00,206.30,195.50,187.90,187.65,195.00,287.20,256.50,286.00,286.00,286.00,286.00,286.00,286.00,286.00,286.00,286.00,286.00,286.00,286.00,286.00,286.00,286.00,286.00,286.00,286.00,286.00,286.00,286.00,286.00,286.00,286.00,286.00,476.30,479.95,417.50,409.25,397.40,434.20,561.55,634.65,607.40,619.20,725.70,848.30,814.45,831.35,848.60,878.95,850.30,830.50,800.25,811.10,822.40,817.85,850.55,924.55
372,1,2026.04.08 04:15:00,2026.04.08 04:19:58,Asian,3,2,4,Q73,4819.98000,4804.29000,4804.29000,4851.36000,0.05,0.00,0,0.00,0,0
374,1,2026.04.09 04:50:00,2026.04.09 16:39:58,Asian,4,2,4,Q62,4722.37000,4769.57000,4698.77000,4769.57000,0.05,173.50,42300,-72.95,5400,0,5.05,24.60,-0.55,0.20,2.60,21.60,20.00,14.90,17.85,42.65,50.00,19.10,4.65,-16.55,-16.20,-21.75,-49.05,-72.95,-68.20,-49.00,-42.80,-39.70,-37.90,-57.10,-54.60,-54.25,-35.85,-8.65,-3.05,-10.00,-19.45,-26.85,-32.75,-19.35,-6.90,-5.15,9.85,-6.20,-13.25,-29.45,-42.55,-9.40,-6.20,19.90,-12.30,-12.75,7.10,-38.75,-68.65,-45.90,-1.75,-8.40,-14.80,-28.95,-35.70,-19.90,-15.60,-36.95,-43.15,-52.75,-71.30,-48.60,-35.10,14.70,10.75,-32.50,-43.85,-69.60,-16.65,34.75,1.80,-19.85,-23.35,10.50,-2.60,2.85,8.20,4.85,20.00,-5.25,18.20,32.35,37.45,42.90,34.10,19.55,16.20,44.70,42.00,40.95,43.55,36.90,36.70,50.60,22.00,32.20,29.75,34.40,32.10,31.80,24.55,33.55,80.40,78.95,81.45,87.95,92.15,108.75,112.10,93.65,90.80,89.10,84.50,104.30,106.55,117.30,113.85,132.75,144.55,169.80,168.80,171.25,143.30,113.35,100.70,84.85,85.85,76.20,99.75,98.70,107.65,101.60,96.05,117.80,103.85,135.60,162.00,155.10,159.15,152.25,173.50
376,1,2026.04.10 07:15:00,2026.04.10 09:54:58,Asian,5,2,7,Q75,4767.27000,4742.97000,4742.97000,4815.87000,0.05,16.95,300,-116.65,9300,0,16.95,-1.85,-8.65,-18.30,-20.55,-24.00,-19.30,-23.20,-43.50,-25.40,-27.70,-36.90,-36.30,-31.70,-37.95,-11.70,-10.70,-12.45,-4.95,-0.55,-6.90,-28.30,-40.10,-54.85,-72.85,-67.40,-59.45,-45.75,-74.35,-81.25,-116.65
378,1,2026.04.13 01:20:00,2026.04.14 03:44:58,Asian,1,2,1,Q75,4668.72000,4772.96000,4772.96000,4460.24000,0.05,108.05,3900,-513.70,94800,0,55.75,105.35,73.35,57.60,53.70,46.20,64.35,48.00,47.80,59.80,45.80,83.25,108.05,76.35,67.40,53.55,64.85,42.60,8.35,-13.45,1.70,-13.85,-18.10,-23.40,-20.80,-21.40,-57.10,-43.10,-48.75,-92.15,-104.95,-134.60,-178.20,-195.80,-232.65,-239.35,-235.25,-243.45,-262.75,-242.00,-227.90,-231.10,-268.35,-262.90,-270.65,-272.10,-269.60,-267.20,-260.05,-256.50,-283.40,-237.40,-233.60,-219.25,-250.55,-258.85,-235.30,-230.05,-226.20,-234.00,-242.20,-250.90,-262.65,-251.20,-268.25,-260.50,-249.85,-247.30,-230.30,-219.75,-230.50,-218.45,-218.85,-220.30,-221.70,-217.75,-250.50,-251.10,-272.55,-272.20,-264.15,-262.35,-253.15,-241.70,-241.50,-259.55,-268.25,-270.55,-262.80,-271.75,-261.30,-303.90,-286.75,-296.85,-286.80,-300.40,-293.15,-315.05,-303.90,-291.55,-288.80,-265.00,-282.00,-285.05,-343.25,-290.35,-297.90,-313.40,-307.10,-310.60,-315.15,-306.00,-317.90,-351.10,-330.60,-325.30,-338.75,-327.05,-320.75,-321.15,-322.35,-316.80,-320.20,-306.95,-263.80,-299.60,-281.95,-273.35,-290.90,-245.60,-252.50,-256.10,-260.05,-232.95,-227.70,-235.70,-228.35,-224.75,-232.85,-229.65,-234.75,-247.85,-245.90,-222.45,-215.70,-219.10,-236.70,-243.25,-246.65,-264.70,-258.05,-267.90,-282.80,-271.05,-264.40,-257.30,-256.70,-261.90,-256.70,-218.00,-195.25,-200.20,-194.95,-190.50,-203.05,-226.55,-243.15,-227.10,-193.40,-209.80,-226.05,-213.35,-235.60,-263.45,-275.00,-274.35,-292.30,-298.45,-328.25,-333.55,-311.15,-323.30,-325.15,-291.95,-291.05,-356.50,-289.65,-310.65,-277.60,-282.45,-293.85,-248.90,-242.85,-233.75,-255.45,-251.95,-265.45,-232.95,-227.85,-252.30,-194.30,-183.75,-194.95,-189.95,-180.15,-175.60,-202.60,-237.20,-219.10,-232.80,-218.45,-229.50,-215.15,-240.90,-256.05,-286.05,-288.30,-308.45,-326.70,-335.80,-358.25,-345.25,-342.65,-322.00,-349.65,-301.30,-311.05,-378.35,-380.40,-372.35,-374.05,-387.35,-376.65,-349.25,-308.10,-306.15,-316.35,-304.45,-307.35,-279.60,-301.25,-293.15,-323.40,-315.50,-324.30,-335.20,-353.10,-348.50,-334.45,-329.20,-330.70,-343.05,-363.30,-372.70,-374.65,-364.80,-366.00,-362.40,-379.10,-359.95,-359.95,-359.95,-359.95,-359.95,-359.95,-359.95,-359.95,-359.95,-359.95,-359.95,-359.95,-359.95,-359.95,-359.95,-359.95,-359.95,-359.95,-359.95,-359.95,-359.95,-359.95,-359.95,-359.95,-359.95,-388.20,-397.90,-398.30,-400.45,-392.40,-400.45,-393.95,-395.75,-409.10,-411.65,-434.85,-446.55,-478.15,-482.05,-471.60,-459.50,-450.20,-433.60,-432.75,-455.05,-454.05,-448.55,-450.60,-445.80,-430.50,-437.20,-454.75,-477.45,-471.40,-468.70,-487.25,-513.70
380,1,2026.04.14 04:40:00,2026.04.14 16:39:57,Asian,2,2,4,Q74,4768.30000,4801.70000,4751.60000,4801.70000,0.05,128.55,42900,-45.65,14400,0,22.95,-1.65,-16.45,-17.45,-12.40,4.30,-1.35,15.00,5.90,2.75,-5.30,-1.25,20.40,37.90,31.60,33.75,20.10,3.45,3.55,7.10,1.45,0.25,-3.50,-6.80,-3.20,15.10,16.05,-0.55,-0.50,-1.45,2.60,27.00,30.60,38.40,29.55,24.10,26.50,36.45,31.45,29.45,21.45,-3.80,-13.75,-8.45,-17.95,-17.85,-32.20,-45.65,-35.50,-21.10,-32.95,-41.20,-18.35,6.25,-11.85,-22.15,-16.00,-2.55,-15.25,-3.50,6.65,23.40,53.25,69.65,92.80,126.50,109.45,83.55,22.35,21.95,21.30,47.70,48.15,48.85,36.00,44.20,48.30,61.60,61.10,58.10,46.00,88.65,101.65,98.25,82.60,81.95,80.75,92.20,87.20,86.10,87.40,84.65,92.85,51.45,30.25,53.30,49.95,38.25,44.85,50.10,58.05,80.55,69.75,94.05,79.65,78.30,80.20,-26.10,-4.15,7.40,11.25,0.50,15.40,39.25,42.15,44.10,51.65,49.30,27.70,47.20,49.05,36.15,26.05,33.35,32.10,33.75,7.80,11.90,-10.80,2.65,35.90,25.80,2.55,21.90,-18.45,15.30,46.40,42.85,68.45,96.30,116.15,73.25,128.55
382,1,2026.04.15 14:25:00,2026.04.16 16:59:57,New York,3,3,14,Q94,4806.30000,4786.28000,4786.28000,4846.34000,0.05,150.10,63600,-80.20,38100,0,-6.70,-16.50,-10.65,-1.90,14.40,39.15,31.80,16.20,35.05,38.20,38.95,34.65,32.55,35.80,34.30,26.25,23.35,32.15,26.65,28.15,38.95,39.35,36.50,54.40,77.25,63.20,87.45,71.25,95.25,96.50,113.20,99.15,92.35,112.25,92.00,98.30,94.60,64.00,50.15,65.05,50.30,42.45,46.35,19.60,4.05,19.35,13.65,-5.60,-40.45,-55.00,-27.05,-13.55,-18.35,-5.45,-23.65,-9.10,5.35,10.60,2.75,9.20,25.10,16.00,4.10,-8.50,-3.45,-21.75,-12.00,-27.50,-18.50,-40.70,-25.70,0.15,-22.35,-29.05,-45.60,-63.35,-56.90,-64.40,-68.90,-50.10,-62.40,-46.20,-54.20,-58.40,-57.75,-42.35,-47.95,-46.45,-37.40,-44.85,-32.55,-24.40,-21.05,-37.75,-25.00,-24.35,-16.60,-24.65,-39.85,-46.40,-36.75,-36.40,-80.20,-80.20,-80.20,-80.20,-80.20,-80.20,-80.20,-80.20,-80.20,-80.20,-80.20,-80.20,-80.20,-80.20,-80.20,-80.20,-80.20,-80.20,-80.20,-80.20,-80.20,-80.20,-80.20,-80.20,-80.20,-40.50,-53.30,-71.95,-45.80,-28.25,-25.60,-26.85,-21.40,-24.90,-11.25,20.90,6.30,16.45,19.15,31.35,32.05,45.20,43.60,69.80,75.50,84.55,92.60,86.15,85.60,113.10,121.50,117.20,116.80,105.00,91.95,79.95,107.50,131.80,147.45,134.90,134.05,115.65,122.40,117.75,99.70,94.80,86.30,77.00,33.60,48.50,69.25,71.35,58.55,73.55,80.90,75.50,81.25,79.50,64.15,39.45,54.45,54.95,54.15,60.10,66.95,80.10,97.85,101.30,87.60,90.40,87.60,83.75,65.60,70.60,91.75,100.10,88.50,93.15,89.85,102.85,104.85,101.45,100.85,106.20,116.60,121.10,120.80,121.55,134.00,150.10,146.15,140.65,146.60,132.75,135.60,102.20,108.70,94.85,106.55,98.90,75.10,88.00,89.25,81.95,90.65,68.30,49.05,53.25,68.15,89.20,111.75,111.50,98.90,113.05,119.65,93.30,74.30,90.20,109.70,105.00,114.40,106.35,89.60,89.85,74.05,39.90,23.80,27.05,27.30,24.60,26.50,8.75,20.55,29.20,23.65,26.00,38.30,45.10,58.55,49.85,47.60,46.40,34.30,24.80,30.20,42.25,38.10,29.30,33.00,31.05,28.00,4.00,7.75,10.65,3.90,8.85,18.95,10.45,15.65,24.60,54.70,68.50,59.75,56.40,57.80,56.35,49.50,63.20,60.75,57.85,51.05,59.85,79.25,66.25,50.60,55.05,58.35,51.40,44.05,65.35,44.40,54.00,42.40,50.60,49.85,66.50,48.10,55.15,59.95,51.75,47.05,77.50,76.45,49.80,38.90,-59.00
384,1,2026.04.17 01:10:00,2026.04.17 03:09:57,Asian,5,3,1,Q70,4796.49000,4786.64000,4786.64000,4816.19000,0.05,0.30,4200,-40.75,6900,0,-5.35,-18.45,-14.20,-12.95,-8.80,-13.60,-6.30,-5.55,-2.05,-6.05,-12.80,-13.70,-17.95,0.30,0.20,-10.20,-7.95,-7.30,-3.65,-12.50,-12.35,-23.65,-40.75
386,1,2026.04.20 03:40:00,2026.04.20 04:04:58,Asian,1,3,3,Q51,4764.99000,4779.50000,4779.50000,4735.97000,0.05,6.50,900,-37.65,1200,0,4.05,2.95,6.50,-37.65
388,1,2026.04.21 11:40:00,2026.04.21 15:34:57,London,2,3,11,Q75,4788.51000,4772.60000,4772.60000,4820.33000,0.05,36.85,11400,-40.35,9000,0,15.55,6.10,-0.00,-12.80,-15.90,-12.55,-21.20,-7.20,-14.95,-31.00,-18.50,-25.40,-6.30,-17.05,-5.05,-23.95,-26.40,-15.80,-27.60,-28.00,-29.60,-27.45,-19.45,-7.20,-11.25,-9.00,8.00,6.40,-5.95,-40.35,-33.70,-33.75,-34.45,-24.85,-5.95,7.15,23.00,36.85,27.65,30.85,24.80,35.70,13.50,-24.30,-29.25,-38.70
390,1,2026.04.22 11:50:00,2026.04.22 18:54:57,London,3,4,11,Q73,4755.29000,4725.63000,4770.12000,4725.63000,0.05,139.80,24900,-28.05,1200,0,-10.25,-8.85,-22.90,-28.05,-26.70,-24.60,-27.90,-6.05,-4.05,-17.10,-16.20,-12.70,3.00,0.40,31.85,33.30,33.75,7.90,23.50,2.60,-14.45,-10.80,-6.35,-9.45,-11.00,-19.90,-11.75,-6.40,-10.25,-22.75,-9.90,-10.50,-10.70,2.20,33.25,16.25,22.15,24.55,-7.15,12.00,14.75,38.30,17.80,10.55,9.05,23.60,42.80,55.45,43.60,55.25,68.75,51.50,63.90,58.55,40.80,25.95,51.30,33.90,-0.60,-7.85,0.60,12.20,48.20,45.60,49.45,42.35,48.45,55.65,96.05,90.60,110.65,87.05,86.25,96.10,98.85,95.25,87.90,108.25,106.25,100.20,111.15,135.95,139.80,134.20
392,1,2026.04.23 01:25:00,2026.04.23 03:14:58,Asian,4,4,1,Q78,4735.29000,4707.05000,4749.41000,4707.05000,0.05,99.10,6300,0.00,0,0,11.95,5.00,21.95,26.95,26.05,21.95,46.25,54.15,45.40,46.20,31.70,43.60,34.80,39.05,51.65,54.10,35.85,39.20,36.80,68.15,99.10
394,1,2026.04.24 01:20:00,2026.04.24 14:29:58,Asian,5,4,1,Q75,4694.01000,4715.08000,4715.08000,4651.87000,0.05,172.25,22200,-76.90,10500,0,-1.95,6.45,2.60,10.65,2.10,8.60,15.95,4.20,0.50,18.50,21.70,27.70,24.95,-2.60,-25.60,-14.05,-17.45,-14.60,-17.30,-7.30,10.20,-11.75,-20.70,-15.00,-33.40,-57.40,-51.55,-50.55,-37.60,-26.45,-46.55,-53.20,-24.35,-50.05,-76.90,-57.05,-50.25,-22.20,1.75,-10.10,15.80,-15.25,-7.75,-28.15,-15.35,-4.60,4.55,10.85,44.95,51.60,24.75,52.50,52.75,90.05,78.25,86.25,106.80,117.85,118.15,102.20,96.50,97.70,87.30,85.65,93.75,93.55,99.90,109.15,115.75,99.55,119.95,123.90,162.20,172.25,161.75,140.10,129.55,89.90,98.70,97.30,101.45,115.95,101.90,95.75,88.40,87.40,47.45,46.95,55.90,65.40,47.00,37.80,52.90,53.80,60.55,78.85,100.70,112.50,109.60,94.20,101.30,121.30,95.10,110.70,97.35,82.00,66.70,62.80,60.65,47.55,49.35,52.55,42.10,14.70,15.40,-2.80,26.00,29.60,32.95,2.70,8.55,30.25,38.35,28.50,29.20,10.30,18.25,15.70,11.20,12.90,-6.60,-3.60,36.95,53.05,55.20,55.35,39.90,44.10,59.05,59.30,50.90,52.65,58.65,55.25,52.15,59.00,93.45,83.30,75.15,71.80,83.75,80.95,20.85,-11.60,-16.10,-6.25,-75.90
396,1,2026.04.27 01:45:00,2026.04.27 06:39:58,Asian,1,4,1,Q59,4684.67000,4724.24000,4724.24000,4605.53000,0.05,43.85,5100,-186.75,17400,0,-1.70,0.70,-0.30,16.45,6.25,4.60,5.25,10.30,36.70,28.40,39.80,39.10,19.85,17.35,23.35,27.60,43.85,24.05,29.00,26.60,19.05,32.35,26.95,20.40,10.80,-19.35,-65.75,-116.85,-68.25,-40.85,-56.05,-61.50,-67.05,-64.15,-75.95,-66.35,-85.15,-90.95,-90.55,-87.90,-69.60,-74.90,-103.15,-103.75,-105.55,-105.00,-138.10,-144.35,-169.70,-183.90,-167.90,-178.15,-179.10,-166.35,-161.40,-159.10,-155.65,-186.75
398,1,2026.04.28 04:45:00,2026.04.28 08:09:58,Asian,2,4,4,Q56,4687.25000,4659.17000,4701.29000,4659.17000,0.05,119.70,12000,0.00,0,0,11.00,32.00,82.60,72.25,60.15,49.60,45.35,58.70,58.30,68.05,80.20,81.10,85.35,82.70,90.40,80.60,72.05,71.05,69.45,72.05,61.55,73.85,70.20,76.15,78.75,87.75,81.60,96.15,96.65,87.05,93.90,101.10,98.60,92.80,91.25,86.90,97.60,96.30,97.85,119.70
400,1,2026.04.29 02:40:00,2026.04.29 03:04:58,Asian,3,5,2,Q63,4588.40000,4599.65000,4599.65000,4565.90000,0.05,0.00,0,-36.60,1200,0,-7.65,-4.05,-19.95,-36.60
402,1,2026.04.30 06:30:00,2026.04.30 09:54:58,Asian,4,5,6,Q60,4563.26000,4582.62000,4582.62000,4524.54000,0.05,110.75,3900,-75.65,12000,0,13.80,21.30,8.65,23.15,29.75,36.05,48.50,47.70,39.10,53.55,65.40,80.10,110.75,104.05,92.25,81.90,80.00,105.45,81.90,52.80,49.90,47.30,30.80,37.70,4.50,-12.00,-3.65,-18.60,-12.30,2.75,5.60,-9.15,-15.30,-19.30,-38.50,-31.55,-68.65,-60.85,-59.50,-75.65
404,1,2026.05.01 04:20:00,2026.05.01 05:14:58,Asian,5,1,4,Q57,4614.41000,4634.08000,4634.08000,4575.07000,0.05,0.00,0,-59.30,3000,0,-2.60,-9.35,-25.20,-33.25,-28.50,-27.15,-24.25,-32.65,-51.80,-59.30
406,1,2026.05.04 03:20:00,2026.05.04 13:04:58,Asian,1,1,3,Q48,4607.77000,4564.41000,4629.45000,4564.41000,0.05,163.55,29400,-36.65,13200,0,16.60,9.30,-3.15,6.45,9.65,-8.55,-9.15,-26.50,33.05,42.95,35.35,42.90,48.00,65.60,42.30,36.90,31.20,32.35,7.70,-26.85,-27.55,-5.80,-3.25,13.60,46.55,72.95,60.90,35.45,18.70,16.05,-8.90,9.20,12.05,-2.75,-11.50,-5.90,-10.90,-10.45,-1.70,31.35,13.65,-12.30,-28.35,-36.65,-13.00,-15.40,-17.30,-17.50,-8.15,-1.30,-16.60,-12.65,-7.35,0.35,1.30,8.80,16.80,7.80,19.25,-16.95,14.85,56.10,60.25,57.85,42.90,50.55,46.90,43.30,68.60,53.60,51.10,54.65,76.05,69.15,88.75,105.20,111.35,88.80,94.10,95.45,98.65,83.65,78.50,97.00,98.50,109.45,108.25,112.90,98.60,100.80,127.40,143.85,161.15,145.20,137.90,158.65,152.45,163.55,150.40,142.95,148.20,151.60,150.55,153.95,134.90,138.15,118.15,125.60,135.05,132.00,126.45,119.60,131.55,128.65,142.60,161.55
408,1,2026.05.05 02:55:00,2026.05.05 03:04:58,Asian,2,1,2,Q58,4519.10000,4522.73000,4522.73000,4511.84000,0.05,0.25,300,0.00,0,0,0.25
410,1,2026.05.06 01:30:00,2026.05.06 01:59:57,Asian,3,1,1,Q73,4546.72000,4563.46000,4563.46000,4513.24000,0.05,0.00,0,-60.35,1500,0,-12.30,-16.60,-10.15,-4.95,-60.35
412,1,2026.05.07 09:15:00,2026.05.07 09:39:58,London,4,1,9,Q50,4708.05000,4739.45000,4692.35000,4739.45000,0.05,125.50,1200,0.00,0,0,8.55,27.60,46.75,125.50
414,1,2026.05.08 03:40:00,2026.05.08 16:34:58,Asian,5,2,3,Q82,4704.10000,4743.30000,4684.50000,4743.30000,0.05,147.85,21000,-28.50,900,0,4.95,-20.15,-28.50,-13.75,45.35,52.90,49.90,67.20,40.80,42.30,41.05,19.90,34.65,79.25,90.50,93.85,137.80,126.85,100.20,75.95,90.80,87.05,77.50,36.30,31.05,62.00,61.20,45.70,66.60,68.50,79.55,80.65,73.85,80.90,132.80,98.50,104.70,82.15,74.60,77.55,78.30,73.40,54.00,59.35,66.95,66.85,55.85,47.85,39.70,48.15,59.30,34.65,44.40,53.50,40.70,51.35,52.75,76.45,100.65,92.05,102.45,123.20,121.05,117.50,120.35,107.05,94.40,117.30,117.75,147.85,112.80,117.40,125.25,105.25,110.65,108.05,100.00,93.25,55.40,56.80,10.80,14.00,25.40,25.55,20.55,42.30,34.70,19.50,28.50,32.85,37.60,51.00,79.60,64.90,76.20,86.55,64.50,73.70,62.15,58.75,75.85,59.70,72.30,78.40,82.75,69.55,53.35,46.15,46.25,32.80,27.85,38.95,43.15,45.30,73.90,68.85,86.85,82.15,91.00,114.70,101.75,77.85,84.95,78.65,109.90,103.30,89.65,94.95,96.05,99.55,91.20,94.20,84.75,67.60,64.35,68.10,45.80,28.50,2.15,18.90,10.55,29.90,96.60,107.10,98.90,101.50,134.35,101.45,95.05,81.05,81.50,104.45,103.55,115.20
416,1,2026.05.11 13:00:00,2026.05.11 15:24:58,New York,1,2,13,Q73,4656.80000,4678.80000,4678.80000,4612.80000,0.05,0.00,0,-92.65,6000,0,-4.25,-21.00,-28.80,-29.15,-42.95,-33.00,-45.40,-31.25,-33.40,-38.75,-41.65,-35.95,-71.80,-62.35,-63.05,-64.80,-61.50,-75.60,-74.35,-92.65,-88.45,-86.95,-80.80,-88.75,-72.10,-62.30,-58.55,-80.35
418,1,2026.05.12 02:10:00,2026.05.12 04:44:57,Asian,2,2,2,Q75,4753.02000,4722.40000,4722.40000,4814.26000,0.05,90.75,4200,-141.80,9000,0,-9.50,-4.45,-4.75,-0.55,12.20,10.55,14.70,35.30,64.65,71.45,59.15,76.25,69.95,90.75,33.25,46.15,27.55,30.45,25.15,32.75,-1.20,-19.20,-46.55,-3.25,-34.00,-21.15,-42.30,-88.85,-104.00,-141.80
420,1,2026.05.13 01:00:00,2026.05.13 15:34:58,Asian,3,2,1,Q52,4716.31000,4682.09000,4682.09000,4784.75000,0.05,42.45,8700,-158.10,52200,0,17.50,-13.40,-9.20,2.60,0.05,3.85,12.20,9.65,0.90,4.65,23.90,3.25,20.05,19.45,7.30,6.00,31.70,20.60,14.80,20.95,24.70,-1.20,6.70,3.60,42.25,24.85,20.60,40.80,42.45,31.40,20.65,30.35,20.30,2.95,2.80,-8.70,-22.90,-15.15,-33.05,-49.35,-43.50,-58.90,-57.00,-51.45,-36.70,-32.05,-50.30,-69.05,-49.80,-83.90,-74.15,-66.65,-65.60,-80.15,-101.05,-106.65,-109.30,-98.45,-136.40,-122.10,-117.40,-133.75,-119.80,-111.55,-106.00,-78.50,-63.60,-60.70,-61.75,-68.55,-95.00,-101.75,-94.10,-98.50,-89.85,-70.55,-74.90,-74.65,-80.00,-73.65,-88.20,-74.45,-74.00,-83.05,-49.30,-59.55,-54.75,-75.15,-84.35,-91.55,-79.15,-75.80,-97.00,-89.25,-84.00,-61.15,-33.40,-28.60,-27.60,-16.40,-38.30,-37.95,-31.10,-22.35,-23.70,-38.35,-68.80,-72.70,-79.70,-88.35,-70.45,-51.80,-55.30,-43.40,-50.20,-63.95,-63.05,-63.70,-68.55,-67.65,-75.50,-78.95,-80.80,-85.80,-85.95,-95.95,-91.10,-90.20,-101.65,-92.35,-77.95,-78.45,-79.10,-89.30,-108.95,-127.75,-147.65,-136.85,-139.70,-126.95,-110.95,-97.15,-90.95,-77.00,-86.65,-37.90,-69.85,-78.60,-65.00,-83.55,-99.55,-101.45,-102.85,-104.45,-106.55,-110.70,-115.75,-110.00,-86.05,-91.05,-88.60,-89.05,-69.90,-57.35,-64.75,-69.80,-75.95,-94.40,-83.70,-85.95,-111.85,-122.45,-143.35,-158.10
422,1,2026.05.14 01:25:00,2026.05.14 06:44:58,Asian,4,2,1,Q70,4695.81000,4677.58000,4677.58000,4732.27000,0.05,45.45,9300,-76.60,18900,0,6.35,6.35,12.70,16.30,9.50,21.55,21.25,16.90,25.60,27.15,25.35,19.40,7.55,-2.35,1.60,-5.10,-10.20,-0.40,4.00,-20.10,1.35,9.10,26.60,29.30,26.30,8.60,-0.80,21.55,39.10,24.80,45.45,14.00,-37.25,-34.45,-34.40,-17.45,-15.25,-15.25,-33.40,-35.05,-6.30,-50.15,-35.60,-10.15,-24.50,-37.70,-29.20,-24.10,-11.65,10.35,-3.00,-20.00,-66.00,-43.35,-47.45,-41.95,-57.00,-64.35,-64.45,-37.75,-22.50,-54.50,-76.60
424,1,2026.05.15 01:00:00,2026.05.15 08:04:58,Asian,5,3,1,Q55,4651.88000,4602.56000,4676.54000,4602.56000,0.05,230.55,24300,-60.80,5400,0,-5.25,-18.80,-19.00,-37.35,-30.55,-35.25,-44.10,-45.15,-50.55,-46.90,-53.70,-52.75,-56.25,-46.40,-36.05,-35.20,-31.40,-60.80,3.15,-5.00,-27.70,-13.30,-1.90,-1.30,11.80,5.50,6.50,-11.35,35.20,109.75,138.20,151.40,165.15,121.10,159.35,106.40,146.05,208.70,186.80,161.20,155.70,214.95,177.90,172.20,144.60,177.85,208.20,190.00,187.50,167.85,193.60,190.10,189.75,196.70,196.25,194.55,169.75,186.15,154.80,169.05,163.15,171.60,172.45,185.65,188.20,195.20,214.00,185.90,192.25,180.40,194.15,182.10,187.50,151.85,158.85,188.20,205.00,204.75,188.20,202.35,230.55,210.80,218.35,229.05
426,1,2026.05.18 01:30:00,2026.05.18 03:34:58,Asian,1,3,1,Q67,4541.09000,4497.47000,4562.90000,4497.47000,0.05,126.40,7200,-54.00,1200,0,-17.90,-51.30,-44.65,-54.00,-31.25,-25.70,-21.90,-2.10,-2.85,7.40,-2.00,15.35,10.00,9.25,9.95,16.10,-0.35,19.45,49.85,85.40,73.80,90.15,118.05,126.40
428,1,2026.05.19 05:00:00,2026.05.19 16:09:58,Asian,2,3,5,Q75,4563.83000,4519.95000,4585.77000,4519.95000,0.05,201.00,39900,0.00,0,0,13.50,43.00,46.40,33.30,26.60,20.45,43.90,51.05,37.85,57.70,65.80,83.00,83.45,74.45,59.85,63.35,76.90,73.00,69.40,45.65,80.25,83.40,75.50,93.50,98.25,107.50,117.85,117.55,105.75,117.35,125.15,116.05,120.05,116.30,106.55,106.70,96.90,92.30,94.80,108.60,141.75,126.25,134.30,119.85,126.45,150.55,119.55,114.40,124.20,130.45,108.70,68.70,71.90,80.40,67.70,57.45,58.20,102.90,84.95,78.10,79.55,53.85,75.55,75.50,83.75,77.50,98.65,102.50,108.30,64.10,57.95,32.85,54.55,97.25,87.10,97.35,115.75,127.25,97.85,102.80,102.55,88.55,105.80,105.05,111.70,115.70,121.00,118.90,86.20,115.35,122.90,121.80,121.90,115.10,102.00,109.70,135.80,118.10,111.60,121.20,114.80,118.80,111.85,113.75,172.50,154.35,142.50,95.45,100.80,111.90,135.25,113.75,112.90,122.40,122.65,128.50,109.50,119.30,145.05,165.35,141.30,107.45,107.70,119.25,99.75,101.80,100.50,106.55,131.45,121.65,112.85,133.35,201.00
430,1,2026.05.20 01:20:00,2026.05.20 03:29:58,Asian,3,3,1,Q58,4480.10000,4500.96000,4500.96000,4438.38000,0.05,3.75,600,-66.85,5400,0,-3.20,3.75,-17.10,-2.90,-9.35,-10.15,-6.15,-21.10,-17.20,-18.40,-31.00,-41.10,-33.80,-30.65,-66.05,-66.05,-61.25,-66.85,-54.30,-45.95,-30.90,-20.35,-43.20,-18.00,-56.20
432,1,2026.05.21 06:20:00,2026.05.25 02:09:58,Asian,4,3,6,Q75,4535.46000,4570.99000,4570.99000,4464.40000,0.05,216.30,37200,-164.50,330300,0,-11.50,-1.70,5.70,13.90,6.95,18.85,36.40,35.85,17.35,14.05,-2.95,4.55,-6.85,-22.10,-7.55,-8.90,-8.95,-4.65,-2.70,-15.10,-13.70,18.25,23.25,41.45,52.00,62.95,47.90,48.40,47.10,60.95,28.25,37.60,9.30,21.05,19.05,24.45,5.75,11.80,28.25,38.90,52.40,57.95,64.45,69.05,73.15,67.00,74.10,71.05,86.50,112.80,93.75,99.90,94.55,86.70,72.30,78.85,59.90,34.30,5.85,24.60,13.10,-1.85,29.55,36.65,31.15,24.10,15.05,14.50,15.95,8.40,-11.65,-25.55,-9.70,-7.50,0.80,13.55,27.75,20.60,13.55,23.75,9.30,3.35,13.60,4.80,5.55,86.70,104.00,132.95,92.20,94.20,97.85,119.65,95.55,93.05,95.40,80.95,97.75,106.65,123.60,123.85,114.80,110.15,105.75,106.65,99.35,87.00,103.65,114.10,143.60,142.40,103.80,117.25,101.85,125.65,136.10,156.70,115.80,153.25,165.50,181.70,185.30,173.05,206.40,216.30,188.00,176.75,86.80,110.15,140.35,150.75,135.95,167.30,166.25,140.15,140.95,133.00,153.25,155.90,131.45,133.15,152.95,168.90,127.20,136.65,155.05,159.95,140.40,130.50,142.10,124.50,122.20,117.45,99.20,78.20,91.20,84.15,92.55,94.55,86.70,93.60,86.60,90.25,89.60,79.70,95.55,87.50,45.30,0.70,-6.80,-30.70,-34.80,-35.20,-64.00,-89.50,-106.20,-80.45,-44.80,-66.85,-53.15,-70.20,-74.55,-65.45,-55.65,-39.75,-49.20,-13.80,38.15,17.20,-2.15,-6.10,-11.80,-30.35,-20.20,-17.40,-18.90,-34.05,-19.75,-31.00,-4.45,-22.05,-22.05,-22.05,-22.05,-22.05,-22.05,-22.05,-22.05,-22.05,-22.05,-22.05,-22.05,-22.05,-22.05,-22.05,-22.05,-22.05,-22.05,-22.05,-22.05,-22.05,-22.05,-22.05,-22.05,-22.05,-46.05,-25.15,-31.75,-35.25,-33.00,-28.50,-27.40,-24.95,-36.35,-33.80,-28.45,-39.80,-40.95,-39.30,-42.00,-30.75,-18.60,-25.50,-11.00,-11.10,14.00,-2.40,13.00,-0.15,16.90,8.95,19.95,15.75,7.10,-4.40,-7.80,-23.70,-13.10,3.65,31.20,43.20,27.15,50.55,28.70,19.25,36.30,31.80,48.95,61.65,51.70,38.00,39.75,45.55,42.75,47.40,38.95,57.45,56.05,54.05,77.15,67.85,63.80,52.10,66.60,61.75,52.10,65.70,71.00,69.15,74.40,68.40,56.50,53.30,42.90,30.60,39.05,29.60,34.00,34.55,31.20,35.90,36.15,16.10,27.65,44.90,31.85,34.85,32.80,41.00,48.80,43.95,49.75,46.30,41.65,46.45,33.45,8.35,6.25,14.80,32.85,121.40,83.10,63.45,69.05,83.20,63.50,50.60,48.20,61.80,43.85,41.25,51.40,42.70,46.00,49.95,64.65,51.95,44.75,47.50,64.15,90.25,77.40,84.05,68.40,66.65,52.00,42.40,52.90,36.40,37.00,42.20,77.05,67.25,64.65,63.80,56.60,67.70,57.40,66.25,90.60,83.95,81.05,88.20,79.50,54.85,51.15,34.25,10.75,15.70,28.85,-0.75,7.45,19.45,28.05,52.85,82.35,86.35,114.50,112.70,114.60,104.30,95.75,95.10,97.15,112.10,114.40,116.90,90.80,83.20,68.55,64.55,61.30,73.70,69.90,77.45,30.65,10.70,40.45,68.25,86.40,88.00,83.55,83.70,77.65,36.40,57.60,18.30,36.05,40.55,59.75,66.85,63.30,78.40,88.30,121.55,91.50,107.70,138.40,126.75,189.05,186.85,204.05,181.85,172.35,175.00,154.65,156.70,158.25,173.85,149.10,121.10,121.05,97.80,105.10,80.15,80.55,73.50,85.90,102.80,92.35,76.50,81.90,87.80,79.95,91.40,75.35,58.40,65.90,79.05,102.10,108.85,106.95,102.30,83.30,76.65,80.35,102.90,96.40,49.70,76.95,59.55,66.00,70.30,78.65,80.50,99.60,99.50,107.90,101.70,93.95,100.15,92.20,85.90,101.05,111.35,100.25,101.35,123.75,134.25,140.55,132.65,138.05,141.55,137.05,130.40,128.80,139.45,138.75,41.55,41.55,41.55,41.55,41.55,41.55,41.55,41.55,41.55,41.55,41.55,41.55,41.55,41.55,41.55,41.55,41.55,41.55,41.55,41.55,41.55,41.55,41.55,41.55,41.55,41.55,41.55,41.55,41.55,41.55,41.55,41.55,41.55,41.55,41.55,41.55,41.55,41.55,41.55,41.55,41.55,41.55,41.55,41.55,41.55,41.55,41.55,41.55,41.55,41.55,41.55,41.55,41.55,41.55,41.55,41.55,41.55,41.55,41.55,41.55,41.55,41.55,41.55,41.55,41.55,41.55,41.55,41.55,41.55,41.55,41.55,41.55,41.55,41.55,41.55,41.55,41.55,41.55,41.55,41.55,41.55,41.55,41.55,41.55,41.55,41.55,41.55,41.55,41.55,41.55,41.55,41.55,41.55,41.55,41.55,41.55,41.55,41.55,41.55,41.55,41.55,41.55,41.55,41.55,41.55,41.55,41.55,41.55,41.55,41.55,41.55,41.55,41.55,41.55,41.55,41.55,41.55,41.55,41.55,41.55,41.55,41.55,41.55,41.55,41.55,41.55,41.55,41.55,41.55,41.55,41.55,41.55,41.55,41.55,41.55,41.55,41.55,41.55,41.55,41.55,41.55,41.55,41.55,41.55,41.55,41.55,41.55,41.55,41.55,41.55,41.55,41.55,41.55,41.55,41.55,41.55,41.55,41.55,41.55,41.55,41.55,41.55,41.55,41.55,41.55,41.55,41.55,41.55,41.55,41.55,41.55,41.55,41.55,41.55,41.55,41.55,41.55,41.55,41.55,41.55,41.55,41.55,41.55,41.55,41.55,41.55,41.55,41.55,41.55,41.55,41.55,41.55,41.55,41.55,41.55,41.55,41.55,41.55,41.55,41.55,41.55,41.55,41.55,41.55,41.55,41.55,41.55,41.55,41.55,41.55,41.55,41.55,41.55,41.55,41.55,41.55,41.55,41.55,41.55,41.55,41.55,41.55,41.55,41.55,41.55,41.55,41.55,41.55,41.55,41.55,41.55,41.55,41.55,41.55,41.55,41.55,41.55,41.55,41.55,41.55,41.55,41.55,41.55,41.55,41.55,41.55,41.55,41.55,41.55,41.55,41.55,41.55,41.55,41.55,41.55,41.55,41.55,41.55,41.55,41.55,41.55,41.55,41.55,41.55,41.55,41.55,41.55,41.55,41.55,41.55,41.55,41.55,41.55,41.55,41.55,41.55,41.55,41.55,41.55,41.55,41.55,41.55,41.55,41.55,41.55,41.55,41.55,41.55,41.55,41.55,41.55,41.55,41.55,41.55,41.55,41.55,41.55,41.55,41.55,41.55,41.55,41.55,41.55,41.55,41.55,41.55,41.55,41.55,41.55,41.55,41.55,41.55,41.55,41.55,41.55,41.55,41.55,41.55,41.55,41.55,41.55,41.55,41.55,41.55,41.55,41.55,41.55,41.55,41.55,41.55,41.55,41.55,41.55,41.55,41.55,41.55,41.55,41.55,41.55,41.55,41.55,41.55,41.55,41.55,41.55,41.55,41.55,41.55,41.55,41.55,41.55,41.55,41.55,41.55,41.55,41.55,41.55,41.55,41.55,41.55,41.55,41.55,41.55,41.55,41.55,41.55,41.55,41.55,41.55,41.55,41.55,41.55,41.55,41.55,41.55,41.55,41.55,41.55,41.55,41.55,41.55,41.55,41.55,41.55,41.55,41.55,41.55,41.55,41.55,41.55,41.55,41.55,41.55,41.55,41.55,41.55,41.55,41.55,41.55,41.55,41.55,41.55,41.55,41.55,41.55,41.55,41.55,41.55,41.55,41.55,41.55,41.55,41.55,41.55,41.55,41.55,41.55,41.55,41.55,41.55,41.55,41.55,41.55,41.55,41.55,41.55,41.55,41.55,41.55,41.55,41.55,41.55,41.55,41.55,41.55,41.55,41.55,41.55,41.55,41.55,41.55,41.55,41.55,41.55,41.55,41.55,41.55,41.55,41.55,41.55,41.55,41.55,41.55,41.55,41.55,41.55,41.55,41.55,41.55,41.55,41.55,41.55,41.55,41.55,41.55,41.55,41.55,41.55,41.55,41.55,41.55,41.55,41.55,41.55,41.55,41.55,41.55,41.55,41.55,41.55,41.55,41.55,41.55,41.55,41.55,41.55,41.55,41.55,41.55,41.55,41.55,41.55,41.55,41.55,41.55,41.55,41.55,41.55,41.55,41.55,41.55,41.55,41.55,41.55,41.55,41.55,41.55,41.55,41.55,41.55,41.55,41.55,41.55,41.55,41.55,41.55,41.55,41.55,41.55,41.55,41.55,41.55,41.55,41.55,41.55,41.55,41.55,41.55,41.55,41.55,41.55,41.55,41.55,41.55,41.55,41.55,41.55,41.55,41.55,41.55,41.55,41.55,41.55,41.55,41.55,41.55,41.55,41.55,41.55,41.55,41.55,41.55,41.55,41.55,41.55,41.55,41.55,41.55,41.55,41.55,41.55,41.55,41.55,41.55,41.55,41.55,41.55,41.55,41.55,41.55,41.55,41.55,41.55,41.55,41.55,41.55,41.55,41.55,41.55,41.55,41.55,41.55,41.55,41.55,41.55,41.55,41.55,41.55,41.55,41.55,41.55,41.55,41.55,41.55,41.55,41.55,41.55,41.55,41.55,41.55,41.55,-76.70,-94.00,-98.65,-83.65,-95.10,-82.80,-116.85,-113.00,-114.30,-148.50,-133.95,-147.75,-164.50
434,1,2026.05.25 02:10:00,2026.05.26 14:59:58,Asian,1,4,2,Q75,4572.76000,4504.24000,4504.24000,4709.80000,0.05,31.55,86700,-313.35,131700,0,8.60,7.25,20.75,11.70,26.55,29.80,22.50,21.25,11.15,-28.30,-19.85,1.30,-0.60,-6.55,8.75,-2.30,5.55,10.95,-6.20,19.55,3.50,-16.35,-22.40,-53.95,-35.75,-32.30,-7.00,3.55,-19.45,-11.45,-46.65,-45.35,-31.70,-49.75,-51.35,-25.35,-53.30,-55.45,-50.45,-49.30,-45.15,-37.00,-16.55,-47.45,-53.95,-56.95,-48.05,-48.60,-47.95,-53.45,-56.10,-60.55,-56.35,-49.70,-71.00,-70.70,-64.50,-65.20,-57.50,-55.35,-58.80,-58.10,-43.65,-37.95,-60.20,-53.50,-51.95,-44.45,-42.60,-39.55,-35.80,-41.00,-45.55,-49.10,-80.70,-92.80,-75.50,-64.05,-79.00,-89.90,-94.25,-96.90,-98.25,-102.90,-94.45,-91.45,-81.85,-92.65,-88.35,-86.90,-81.90,-75.00,-70.55,-51.45,-43.50,-53.05,-59.65,-86.30,-85.00,-91.30,-67.90,-69.30,-64.30,-52.75,-44.35,-39.80,-50.20,-56.45,-58.30,-59.85,-87.35,-89.05,-79.25,-83.45,-90.75,-91.05,-83.75,-83.05,-77.65,-88.30,-86.40,-81.75,-81.30,-69.45,-38.25,-40.00,-35.00,-31.55,-27.60,-25.60,-18.55,-8.90,-4.05,0.15,-2.20,-8.95,-0.80,-9.70,-13.50,-11.70,-14.10,-19.80,-21.10,-22.25,-3.20,11.00,-4.40,-5.50,2.00,15.90,8.90,-7.90,-10.60,-16.80,-41.35,-62.45,-82.05,-93.30,-81.90,-61.25,-42.55,-19.50,-31.25,-32.55,-29.50,-25.35,-40.30,-21.40,-41.85,-52.75,-46.20,-54.50,-42.70,-42.55,-38.60,-56.05,-47.00,-48.00,-28.40,-16.00,-25.35,-21.95,-13.25,-24.35,-24.45,-25.50,-28.60,-22.85,-34.50,-30.05,-22.80,-30.35,-13.10,-11.50,1.05,3.25,-8.70,-20.00,-18.60,-11.95,-4.05,-9.30,-16.90,-16.80,-10.85,-19.55,-15.20,-22.65,-13.60,-8.70,-3.00,1.05,-8.90,4.20,15.05,16.45,7.05,5.75,-6.50,-6.55,-14.55,-24.35,-29.55,-38.05,-40.90,-38.20,-18.35,-12.75,-17.90,-19.35,-25.30,-16.85,-12.20,-12.20,-12.20,-12.20,-12.20,-12.20,-12.20,-12.20,-12.20,-12.20,-12.20,-12.20,-12.20,-12.20,-12.20,-12.20,-12.20,-12.20,-12.20,-12.20,-12.20,-12.20,-12.20,-12.20,-12.20,-12.20,-12.20,-12.20,-12.20,-12.20,-12.20,-12.20,-12.20,-12.20,-12.20,-12.20,-12.20,-12.20,-12.20,-12.20,-12.20,-12.20,-9.95,-0.95,3.15,5.65,12.10,1.65,-8.55,0.20,6.15,5.80,17.10,10.50,6.80,17.30,31.55,23.00,6.00,-22.65,-60.50,-55.95,-81.40,-67.15,-50.00,-65.80,-110.65,-116.00,-102.75,-134.45,-140.20,-117.05,-104.00,-127.55,-124.65,-139.10,-152.65,-115.95,-150.20,-135.75,-120.70,-129.85,-144.15,-145.20,-169.50,-214.65,-202.80,-197.05,-189.25,-178.90,-181.35,-171.15,-171.35,-171.85,-172.80,-179.75,-190.40,-176.35,-193.95,-201.00,-202.10,-202.95,-195.60,-185.35,-178.95,-171.50,-154.10,-152.80,-141.65,-146.75,-156.65,-154.45,-150.45,-152.05,-161.10,-167.70,-176.00,-173.15,-186.45,-201.00,-212.10,-224.90,-232.75,-225.85,-225.25,-236.65,-219.75,-211.50,-217.50,-216.80,-214.00,-207.35,-195.90,-200.60,-214.90,-224.55,-229.05,-227.35,-208.45,-208.75,-205.35,-209.55,-193.65,-211.70,-209.85,-205.55,-194.80,-215.65,-206.75,-208.80,-206.40,-225.45,-220.60,-229.65,-213.30,-215.70,-233.60,-248.00,-230.05,-196.75,-205.50,-172.60,-184.45,-198.00,-225.80,-215.70,-227.90,-252.15,-256.80,-252.00,-236.60,-252.25,-242.70,-245.20,-241.75,-246.65,-261.10,-240.05,-252.90,-239.40,-273.05,-280.15,-297.55,-268.95,-268.75,-250.25,-265.00,-235.95,-216.70,-223.00,-205.75,-196.30,-170.45,-193.40,-198.30,-176.50,-190.25,-190.15,-183.55,-188.70,-205.05,-213.95,-235.05,-245.80,-266.65,-308.90,-313.35,-300.65,-305.70
436,1,2026.05.26 15:30:00,2026.05.27 14:34:58,New York,2,4,15,Q80,4506.20000,4437.44000,4540.58000,4437.44000,0.05,326.35,82800,-105.65,4500,0,-21.15,19.75,-29.30,-69.15,-82.00,-71.35,-86.50,-81.40,-61.40,-69.65,-100.40,-81.75,-81.75,-92.40,-105.65,-98.90,-48.35,-39.15,-56.50,-46.95,-24.85,-40.40,-49.05,-57.35,-57.45,-80.90,-76.25,-65.75,-48.45,-45.65,-26.80,-22.15,-16.45,-10.25,0.60,1.05,2.55,-6.80,-10.85,-3.35,-17.85,-1.85,0.10,16.25,23.10,5.40,0.30,-9.05,-17.70,-10.35,-1.80,14.10,5.50,6.30,2.70,9.05,11.90,8.90,-2.15,23.85,29.65,35.15,38.00,28.40,48.70,76.10,91.95,86.60,94.05,77.50,68.85,54.40,43.90,48.00,50.00,42.15,37.15,34.20,31.50,28.05,33.60,18.60,14.35,20.20,12.95,12.25,6.45,-6.05,0.55,6.05,6.05,6.05,6.05,6.05,6.05,6.05,6.05,6.05,6.05,6.05,6.05,6.05,6.05,6.05,6.05,6.05,6.05,6.05,6.05,6.05,6.05,6.05,6.05,6.05,6.00,7.75,6.10,-4.10,5.50,8.85,28.85,23.30,28.20,18.85,-3.35,-24.05,-24.45,-19.00,-13.15,-14.55,2.50,-30.20,-44.50,-46.55,-103.50,-74.85,-75.05,-67.85,-73.40,-80.65,-79.90,-75.50,-50.70,-59.10,-68.00,-57.55,-62.75,-64.85,-54.30,-44.90,-47.60,-52.50,-66.55,-49.65,-65.60,-49.95,-44.70,-28.65,-19.45,-18.75,-7.35,-9.05,3.35,13.05,9.90,32.40,10.05,3.05,3.95,28.55,31.15,21.55,11.70,2.00,-7.65,-15.25,-15.10,-24.05,-13.50,-4.70,5.30,16.30,9.95,9.85,19.50,45.35,32.75,23.35,15.20,26.35,19.15,33.15,24.20,16.65,-11.30,-52.25,-29.75,-20.40,-37.75,-24.05,-14.65,3.00,-0.00,-5.55,47.45,33.15,63.40,40.70,36.95,43.40,55.05,40.90,60.35,83.65,96.90,99.15,112.35,113.65,92.90,89.20,94.10,104.65,95.35,106.75,129.05,110.15,98.60,99.60,102.45,115.75,117.20,132.40,134.75,120.75,98.00,101.25,99.10,81.80,77.40,85.25,87.95,66.50,50.00,48.40,39.65,41.50,71.30,83.30,72.00,57.85,75.60,80.35,77.35,74.10,87.50,82.70,68.10,79.75,98.30,95.15,103.30,131.90,131.40,145.60,161.45,212.00,202.55,287.55,306.45,302.00,267.50,282.85,274.50,284.70,301.60,326.35
438,1,2026.05.27 14:35:00,2026.05.28 19:19:58,New York,3,4,14,Q80,4436.93000,4493.30000,4493.30000,4324.19000,0.05,342.45,60900,-237.35,103200,0,-21.30,-31.35,-11.25,15.95,42.20,12.40,18.80,32.10,-52.50,-91.05,-88.80,-52.55,-77.15,-50.80,-40.80,-46.80,-10.00,23.40,112.65,101.45,126.55,101.30,160.05,64.90,93.65,87.95,81.50,57.35,46.95,-6.10,-37.10,-55.85,-71.85,-37.85,-43.35,-20.80,-36.35,-31.10,-6.30,-14.15,14.60,3.00,36.85,24.25,29.75,16.85,4.75,-9.05,-19.50,13.95,20.40,13.35,1.90,-3.30,-0.45,-16.55,-24.80,-36.50,-49.50,-57.85,-64.80,-69.70,-76.15,-69.25,-69.80,-61.80,-30.45,-36.15,-49.85,-48.75,-65.35,-75.75,-70.90,-68.95,-70.60,-80.15,-67.25,-63.25,-55.90,-66.10,-78.85,-90.45,-93.20,-78.85,-81.05,-82.45,-82.50,-78.40,-87.35,-76.80,-79.25,-74.45,-65.85,-81.50,-70.85,-78.90,-89.15,-83.95,-75.85,-71.15,-89.20,-89.20,-89.20,-89.20,-89.20,-89.20,-89.20,-89.20,-89.20,-89.20,-89.20,-89.20,-89.20,-89.20,-89.20,-89.20,-89.20,-89.20,-89.20,-89.20,-89.20,-89.20,-89.20,-89.20,-89.20,-96.55,-109.95,-105.30,-114.30,-118.70,-114.85,-101.85,-122.90,-108.25,-98.45,-99.15,-102.15,-98.50,-79.65,-83.45,-84.10,-73.25,-69.25,-63.10,-82.15,-69.30,-57.65,-46.90,-51.05,-63.00,-61.35,-38.50,-77.15,-45.45,-46.90,-62.80,-68.70,-75.45,-84.35,-73.30,-100.95,-44.85,-38.50,-6.65,17.10,28.15,87.25,58.20,70.55,96.55,96.50,138.30,134.50,163.60,145.15,171.15,163.00,155.60,153.80,139.45,150.35,174.10,204.30,207.25,212.85,206.45,201.95,213.60,261.90,251.00,245.80,284.65,314.10,300.90,309.30,306.20,310.55,308.55,278.90,302.35,337.75,327.00,342.45,326.90,323.45,314.15,334.90,328.75,319.35,334.70,324.65,307.55,311.95,298.60,291.30,250.95,228.25,236.80,222.45,217.20,244.40,245.80,283.95,304.75,286.15,274.35,281.80,267.35,273.80,281.90,267.50,270.50,266.70,247.75,223.75,239.80,212.40,213.30,221.40,237.25,238.70,237.40,244.20,256.95,246.65,247.20,216.15,217.85,225.85,221.40,236.00,224.40,224.70,234.65,229.60,241.20,249.95,237.30,236.35,237.60,234.40,207.45,201.95,219.20,221.95,228.80,219.95,211.60,216.50,216.15,177.25,187.90,187.35,205.15,178.70,190.55,194.95,239.00,279.80,273.75,269.60,241.45,250.05,249.60,236.85,246.10,260.15,251.25,242.25,255.30,266.80,265.40,244.65,233.65,226.30,221.20,242.70,277.65,257.50,221.85,191.35,173.70,135.25,81.65,23.30,21.75,52.85,50.75,26.90,40.65,40.60,90.25,59.90,74.00,55.70,30.25,32.05,61.15,-9.95,-137.65,-137.70,-123.25,-120.85,-97.95,-113.85,-159.45,-155.80,-167.85,-162.50,-190.30,-183.70,-172.60,-177.80,-196.75,-199.40,-220.55,-207.70,-212.45,-213.75,-216.40,-227.20,-219.80,-222.00,-237.35
440,1,2026.05.29 01:10:00,2026.05.29 04:09:58,Asian,5,5,1,Q92,4493.60000,4506.54000,4506.54000,4467.72000,0.05,17.45,5700,-36.60,10500,0,-1.40,-0.25,-1.10,-11.35,-2.55,-3.50,-10.15,-5.20,-1.15,12.25,-8.30,-4.55,-6.05,-11.55,-5.75,6.65,-2.85,7.65,17.45,15.30,6.60,-7.85,-7.55,-5.75,-19.20,-27.75,-20.40,-32.45,-8.35,-2.90,-23.60,-7.95,-2.60,-12.80,-36.60
442,1,2026.06.01 06:00:00,2026.06.01 11:24:58,Asian,1,1,6,Q70,4521.42000,4490.86000,4536.70000,4490.86000,0.05,136.90,18600,-16.65,300,0,-16.65,19.10,12.30,10.05,14.15,4.75,-0.20,28.55,53.60,44.45,40.95,25.65,25.10,36.35,33.85,22.80,19.10,27.45,35.00,31.20,33.90,54.70,36.05,34.40,26.60,24.70,15.70,-1.15,-5.55,4.55,37.90,5.55,7.85,-14.25,-10.85,15.40,24.95,21.40,36.15,51.20,76.15,35.70,53.70,83.75,84.10,83.90,88.30,98.45,68.00,75.00,70.40,72.80,80.95,87.05,83.40,89.55,116.35,134.25,128.45,91.35,128.25,136.90,128.55,132.25
444,1,2026.06.02 01:30:00,2026.06.02 03:24:59,Asian,2,1,1,Q61,4481.49000,4488.66000,4488.66000,4467.15000,0.05,15.10,6000,-31.60,3300,0,-0.05,-6.80,-0.75,-14.10,-12.35,-20.85,-25.45,-19.10,-23.60,-25.85,-31.60,-29.10,-16.45,-15.65,-10.00,1.65,-16.55,-14.85,-15.40,15.10,1.15,-18.45
446,1,2026.06.03 05:20:00,2026.06.03 16:44:58,Asian,3,1,5,Q63,4476.26000,4435.16000,4496.81000,4435.16000,0.05,181.35,25800,-52.80,6900,0,-10.45,-13.05,-14.00,-24.45,-15.05,2.85,-16.80,-28.75,-48.80,-45.65,-46.20,-45.70,-46.05,-36.00,-39.25,-42.55,-41.10,-33.25,-38.10,-40.75,-48.35,-49.60,-52.80,-25.70,-22.45,-4.35,7.60,23.20,13.90,23.75,29.80,34.25,27.00,28.10,14.55,19.65,38.20,38.20,55.65,46.70,71.00,51.10,64.60,96.30,46.20,55.60,50.60,40.00,79.70,68.45,82.80,66.45,78.55,86.35,89.45,66.20,55.15,37.20,32.90,62.00,64.05,99.85,73.65,89.30,87.15,86.70,82.40,114.60,92.90,105.15,103.95,110.95,123.80,93.70,97.80,102.95,98.65,109.65,156.65,161.10,125.70,96.75,124.60,130.50,142.15,181.35,171.70,146.30,147.75,146.05,163.80,165.80,141.30,73.00,66.05,68.25,96.50,81.15,80.25,85.85,110.60,101.05,85.20,86.20,59.10,64.80,71.05,76.00,66.70,58.35,51.85,63.95,79.70,70.05,68.25,68.95,62.60,89.30,85.95,99.55,91.50,117.40,123.45,132.55,86.55,74.60,78.15,79.25,64.85,68.50,69.75,94.05,129.70,138.25,139.25,137.80
448,1,2026.06.04 09:20:00,2026.06.04 14:29:58,London,4,1,9,Q77,4469.49000,4484.05000,4484.05000,4440.37000,0.05,47.60,7500,-47.45,18300,0,7.40,-13.40,-27.15,-17.85,0.85,12.15,8.45,8.30,-3.90,19.00,26.80,1.20,17.15,21.15,28.55,29.20,40.00,40.75,40.15,38.85,18.65,18.65,44.10,26.95,47.60,30.65,24.00,43.70,30.30,46.80,29.65,30.45,11.45,4.80,29.85,16.60,16.55,23.40,13.65,11.00,7.45,-6.00,-27.70,-4.90,-3.60,0.25,-8.85,3.05,12.45,9.45,7.65,1.55,-9.15,-9.60,-8.45,-20.90,-13.85,-40.45,-20.70,-42.75,-47.45
450,1,2026.06.05 02:35:00,2026.06.05 09:19:58,Asian,5,1,2,Q59,4465.64000,4431.98000,4482.47000,4431.98000,0.05,146.30,24000,-4.45,5400,0,9.55,11.80,8.80,6.30,20.25,17.30,21.80,50.75,66.35,56.50,40.20,24.65,6.70,12.20,20.70,2.25,32.10,-4.45,5.00,27.80,11.85,53.10,33.80,57.70,80.05,98.10,95.15,75.95,94.10,80.75,88.30,81.15,89.70,63.35,72.30,103.30,101.80,113.25,100.05,111.50,125.30,135.70,128.30,123.90,134.25,141.25,144.05,129.20,124.45,123.20,122.70,125.05,116.30,115.40,124.75,119.80,131.80,129.30,129.90,130.70,119.55,123.25,122.45,106.60,103.05,90.15,91.45,83.40,99.85,103.70,104.45,114.10,99.55,109.35,90.10,110.05,128.05,140.40,126.35,146.30
452,1,2026.06.08 05:05:00,2026.06.09 16:49:58,Asian,1,2,5,Q59,4322.83000,4353.43000,4353.43000,4261.63000,0.05,244.45,27000,-128.60,99600,0,19.85,30.05,52.75,32.00,39.25,65.55,54.25,34.15,26.80,54.40,60.90,57.85,72.35,89.35,75.80,60.25,77.90,78.45,75.30,64.20,52.00,38.65,29.05,39.90,23.75,20.20,20.80,24.35,13.95,46.90,57.85,75.60,62.80,56.00,50.65,37.10,61.60,90.75,67.20,57.75,55.05,178.35,160.15,173.70,179.90,165.05,153.80,95.80,100.65,94.80,97.55,71.65,84.45,117.15,131.60,122.15,126.80,125.00,114.50,118.15,111.50,87.95,82.20,42.80,83.25,72.55,75.30,104.60,121.35,131.35,142.10,147.35,141.55,155.20,148.25,170.70,172.65,157.60,175.65,160.25,157.15,172.10,170.15,159.80,187.25,169.40,174.10,181.00,215.05,244.45,144.50,144.80,107.55,145.50,142.25,160.90,139.00,140.80,162.95,156.90,145.40,96.10,114.35,89.60,111.15,121.20,103.80,114.00,81.60,21.30,-21.70,-11.05,-12.50,-35.65,-13.20,-6.45,-5.40,-19.60,-42.25,-37.55,-38.80,0.25,-11.85,-31.00,-35.45,-27.35,-36.30,-64.70,-49.35,-36.20,-51.80,-31.50,-7.15,-5.80,-12.75,-44.60,-42.45,-52.20,-89.10,-68.00,-49.95,-57.55,-20.75,2.20,11.15,16.55,5.65,21.25,13.35,3.15,14.70,-0.65,25.65,-18.70,-40.30,-31.50,-28.80,-13.20,-44.50,-63.10,-40.55,-47.30,-69.00,-81.85,-62.85,-100.00,-95.05,-92.50,-85.40,-91.40,-101.00,-91.70,-91.05,-99.35,-92.90,-106.80,-111.50,-76.55,-89.65,-76.10,-79.00,-80.10,-77.80,-64.15,-82.15,-64.30,-60.95,-56.55,-71.40,-69.75,-81.45,-105.20,-104.35,-92.70,-98.20,-105.50,-99.05,-89.60,-72.10,-69.65,-59.35,-58.25,-59.30,-71.00,-48.60,-35.65,-30.15,-20.20,-24.80,-22.50,-15.75,-11.85,-21.95,-27.95,-29.70,-29.70,-29.70,-29.70,-29.70,-29.70,-29.70,-29.70,-29.70,-29.70,-29.70,-29.70,-29.70,-29.70,-29.70,-29.70,-29.70,-29.70,-29.70,-29.70,-29.70,-29.70,-29.70,-29.70,-29.70,-18.35,-20.40,-12.05,-8.55,-16.30,-11.70,-14.10,-16.65,-23.55,-21.75,-26.95,-25.55,-24.45,-18.65,-24.25,-22.85,-12.10,9.70,23.55,4.30,15.55,44.55,28.60,25.10,26.45,21.15,1.20,12.75,19.55,29.95,18.85,18.60,21.10,28.80,34.50,14.75,7.20,-12.05,-6.10,-6.35,-24.10,-62.80,-71.40,-62.15,-65.10,-56.50,-69.75,-68.50,-49.70,-41.25,-50.30,-48.60,-58.35,-63.40,-64.20,-61.35,-78.75,-74.40,-79.70,-66.15,-45.85,-77.75,-79.80,-83.50,-60.15,-69.40,-56.05,-62.35,-74.50,-79.60,-83.85,-69.25,-63.10,-72.45,-47.55,-36.05,-41.95,-38.30,-12.10,-35.90,-26.95,-32.35,-24.35,-47.50,-67.40,-49.05,-43.15,-53.55,-53.55,-48.95,-100.10,-103.50,-128.60,-118.50,-113.45,-103.40,-109.60,-106.45,-92.95,-100.15,-109.40,-81.60,-54.85,-75.50,-69.55,-84.30,-62.65,-39.40,-44.10,-48.30,-19.95,-30.25,-36.55,-41.50,-19.65,-13.95,-28.30,-17.75,-29.40,-19.00,-2.20,-18.60,-44.45,-47.75,-46.30,-58.15,-41.90,-58.30,-61.30,-27.15,-36.00,-18.90,-30.45,-36.80,-27.85,-36.20,-52.95,-20.45,-18.95,-32.30,-21.95,-35.25,-52.25,-47.05,-39.90,-22.30,-62.40,-60.00,-49.10,-55.30,-55.00,-46.00,-48.80,-39.50,-61.60,-81.80,-65.65,-72.40,-75.75,-82.10,-72.20,-79.25,-75.00,-72.80,-80.75,-86.75,-92.55,-85.50,-97.80,-104.65,-91.60,-100.45,-78.65,-65.45,-69.50,-88.70,-89.90,-92.45,-72.95,-92.75,-82.45,-93.00,-90.85,-56.00,-53.40,-40.25,-35.40,-46.15,-37.15
454,1,2026.06.09 18:25:00,2026.06.10 17:59:58,New York,2,2,18,Q80,4285.53000,4129.49000,4363.55000,4129.49000,0.05,754.75,75600,0.00,0,0,34.05,54.60,76.70,28.40,22.95,28.20,65.80,58.70,109.90,128.55,154.90,116.60,109.90,117.50,220.35,202.75,178.70,227.50,167.10,114.70,112.85,120.60,107.30,95.85,111.85,99.40,113.30,103.50,141.25,135.25,111.40,115.20,93.40,100.50,81.15,60.20,72.80,73.55,81.65,105.30,101.25,97.55,77.60,78.45,102.20,133.65,150.40,149.10,140.60,129.80,159.30,172.20,172.80,132.80,184.70,184.70,184.70,184.70,184.70,184.70,184.70,184.70,184.70,184.70,184.70,184.70,184.70,184.70,184.70,184.70,184.70,184.70,184.70,184.70,184.70,184.70,184.70,184.70,184.70,152.65,160.05,151.25,159.75,155.50,145.05,160.25,162.45,181.80,231.60,252.35,241.25,196.90,219.10,247.25,262.15,290.25,306.50,299.15,317.65,335.05,361.15,323.25,317.80,324.50,301.55,302.25,289.70,301.50,337.20,395.50,388.30,406.10,408.50,390.45,336.75,455.00,451.45,410.55,361.75,423.30,417.95,415.30,424.45,491.65,463.20,467.40,484.05,492.10,521.70,513.75,522.95,510.55,487.45,531.20,504.75,505.60,489.60,553.05,557.15,543.70,550.85,536.00,547.60,551.85,541.40,525.55,525.10,528.35,500.40,502.60,503.10,496.00,505.80,521.30,519.80,535.70,555.25,555.60,553.55,560.05,557.80,552.20,553.15,554.10,544.20,528.60,544.10,523.70,491.75,472.35,456.20,436.90,413.95,408.50,401.40,371.95,356.45,362.65,355.35,381.70,369.10,375.15,382.00,390.05,411.45,416.55,408.10,409.00,391.50,425.95,433.80,431.55,453.00,453.95,474.05,479.10,475.90,516.65,496.75,606.20,590.45,594.35,559.60,572.25,566.05,586.85,562.85,574.85,556.00,571.35,582.30,591.55,575.20,601.85,570.90,585.65,596.50,543.40,565.45,570.10,586.35,597.05,583.70,580.90,629.30,622.15,605.25,593.65,602.45,601.50,590.30,569.85,540.15,568.35,554.00,620.45,621.00,584.80,603.20,610.10,594.80,603.20,645.80,655.00,649.15,654.35,689.70,692.20,702.15,746.15,745.60,754.75,721.10,615.90,623.35,625.50,638.10,668.60,692.45,661.25,655.15,670.55,748.90,705.95,678.85,712.50,596.90,533.10,498.60,527.10,529.80,569.45,560.10,556.10,586.20,578.70,621.75,626.30,638.35,678.10,723.95,737.25
456,1,2026.06.10 18:30:00,2026.06.11 22:14:58,New York,3,2,18,Q80,4127.82000,4186.36000,4186.36000,4010.74000,0.05,489.25,27900,-231.80,99300,0,-2.30,15.90,-4.60,48.05,37.00,-5.65,4.70,-11.75,-7.75,-26.10,-10.45,1.00,-8.00,-0.90,27.80,36.80,37.40,28.65,-21.65,37.90,48.95,70.20,79.65,83.80,83.05,112.30,128.10,81.85,89.60,80.25,39.80,66.40,59.40,76.40,75.00,76.85,92.45,101.70,114.05,116.90,131.65,131.05,158.10,164.15,194.25,189.65,214.25,214.10,207.40,207.45,181.30,196.80,202.70,296.40,296.40,296.40,296.40,296.40,296.40,296.40,296.40,296.40,296.40,296.40,296.40,296.40,296.40,296.40,296.40,296.40,296.40,296.40,296.40,296.40,296.40,296.40,296.40,296.40,323.30,384.05,358.10,401.05,446.85,415.60,385.85,312.45,325.25,328.70,370.40,407.35,391.05,436.45,489.25,444.80,422.30,331.00,349.20,335.25,358.05,388.15,384.00,403.20,419.50,423.35,377.75,314.35,330.70,300.65,317.00,321.95,321.50,282.20,292.15,259.85,244.45,245.90,205.00,170.25,125.80,116.35,85.25,65.20,70.10,85.65,120.85,128.70,134.40,164.65,190.75,169.00,188.75,226.15,272.10,303.25,341.45,363.75,325.80,299.10,263.70,256.55,311.40,311.20,325.55,322.75,301.85,287.15,301.50,310.20,274.00,274.85,275.45,239.20,225.05,231.35,233.10,250.95,250.25,245.90,228.45,222.10,219.55,225.70,248.95,242.05,252.70,242.35,254.30,263.35,162.50,169.65,141.50,136.45,168.20,167.40,215.90,234.75,217.40,205.85,182.90,205.60,218.10,197.35,175.00,179.55,151.15,166.45,164.65,170.55,154.95,114.10,99.90,101.25,102.65,115.25,101.10,124.15,123.95,114.25,107.45,79.85,108.00,110.35,124.45,151.75,161.85,162.10,185.55,192.25,204.50,216.20,212.15,234.20,208.30,205.50,213.75,241.45,235.05,195.50,180.20,168.95,168.50,180.95,179.55,186.05,178.40,204.70,170.60,200.55,177.60,184.60,186.45,196.40,190.30,189.50,179.85,182.85,208.25,205.10,207.80,187.55,197.50,221.15,214.55,213.35,207.70,237.30,206.45,239.75,257.30,262.75,292.95,294.35,326.20,309.30,272.75,252.15,237.70,229.60,219.70,210.75,273.15,275.25,259.35,262.10,262.30,276.00,256.80,220.60,213.30,222.50,248.90,326.25,333.35,320.70,241.45,264.25,275.35,244.45,257.40,245.50,253.75,271.75,271.40,233.70,235.95,228.60,244.80,230.80,240.65,209.55,197.25,189.65,186.15,194.90,200.50,175.70,125.60,154.25,199.50,240.90,216.40,225.70,228.90,231.55,240.45,237.75,265.00,255.45,258.70,247.05,236.65,128.65,-105.90,-113.60,-193.90,-133.50,-128.50,-120.30,-55.05,-38.80,-95.30,-167.30,-140.10,-125.75,-131.65,-143.70,-185.30,-201.55,-185.30,-170.45,-231.80,-231.65
458,1,2026.06.12 05:15:00,2026.06.12 11:59:57,Asian,5,2,5,Q90,4193.85000,4224.13000,4224.13000,4133.29000,0.05,102.95,13500,-139.85,24000,0,5.45,13.50,26.90,54.10,24.05,38.25,16.30,25.25,11.20,9.85,5.25,-0.60,-11.60,-18.30,-48.75,-49.05,-40.60,-27.50,-17.45,-32.95,-16.50,-16.10,-11.75,-2.45,8.40,2.90,5.65,-9.60,-7.65,1.85,14.35,7.50,18.95,29.55,42.75,25.00,38.60,33.65,33.90,67.55,94.20,66.40,72.10,92.20,102.95,63.35,60.10,54.50,65.70,67.15,58.95,81.70,79.45,86.30,88.05,76.90,47.95,77.70,65.15,77.95,82.50,78.55,98.10,99.80,75.10,53.70,92.75,90.55,-2.20,-20.75,-40.95,-50.15,-121.40,-122.15,-96.30,-121.25,-135.80,-122.60,-123.30,-139.85
460,1,2026.06.15 03:10:00,2026.06.15 05:24:57,Asian,1,3,3,Q57,4296.68000,4329.56000,4280.24000,4329.56000,0.05,149.05,7500,-36.25,3600,0,16.60,37.65,47.95,21.15,31.50,11.65,5.15,-1.15,-4.05,-20.20,-24.80,-36.25,-2.40,-18.25,29.40,34.00,79.20,94.95,105.40,104.15,97.50,100.45,128.30,124.20,149.05,142.05
462,1,2026.06.16 06:45:00,2026.06.17 20:34:58,Asian,2,3,6,Q55,4331.95000,4380.73000,4307.56000,4380.73000,0.05,167.20,131700,-85.90,9600,0,-3.45,-0.90,-7.45,-13.75,-17.85,-24.85,-28.30,-35.35,-45.70,-41.55,-39.30,-43.95,-42.75,-50.70,-47.10,-33.50,-17.80,-28.05,-26.00,-31.95,-23.35,-50.15,-75.35,-71.20,-69.65,-62.45,-80.00,-72.40,-74.75,-66.55,-72.80,-85.90,-77.05,-67.45,-71.90,-78.00,-69.05,-62.90,-40.20,-25.65,-25.55,-29.15,-20.65,-35.40,-15.95,-16.00,-7.30,-21.75,-20.05,-0.90,15.85,15.10,36.30,29.95,35.55,30.70,46.65,47.80,43.80,57.35,53.95,61.90,75.00,64.75,76.20,71.00,53.65,46.45,39.95,64.20,71.15,50.75,60.90,81.35,66.45,59.35,68.90,70.25,62.35,70.30,61.60,55.30,65.95,73.80,74.10,77.55,84.90,61.60,42.95,48.35,44.15,44.90,50.35,43.80,34.30,34.90,26.90,39.65,45.00,34.25,55.70,64.15,48.25,50.45,59.20,63.35,75.25,87.90,85.55,95.35,113.80,76.90,56.50,59.45,43.05,31.65,15.90,31.10,29.10,34.95,27.80,25.80,-1.00,33.50,9.25,17.80,-43.90,-34.15,-61.40,-71.20,-35.05,-38.10,-34.00,-35.15,-39.50,-43.00,-37.25,-36.70,-32.75,-52.45,-30.50,-28.05,-30.35,-26.55,-32.30,30.30,16.55,27.65,49.65,69.80,71.25,56.00,63.10,44.60,62.05,60.65,58.95,47.75,43.70,38.10,39.40,18.25,-3.25,-17.20,13.90,27.25,25.05,32.95,26.85,37.25,41.95,44.20,42.25,49.25,40.90,39.45,46.85,42.00,33.40,34.65,23.25,30.90,32.80,49.65,45.65,36.40,35.00,40.15,38.10,36.10,28.85,33.40,29.15,10.05,-21.30,-21.30,-21.30,-21.30,-21.30,-21.30,-21.30,-21.30,-21.30,-21.30,-21.30,-21.30,-21.30,-21.30,-21.30,-21.30,-21.30,-21.30,-21.30,-21.30,-21.30,-21.30,-21.30,-21.30,-21.30,-1.40,2.00,1.60,-3.55,-13.95,-9.20,1.90,3.40,3.85,6.30,11.25,17.55,12.70,19.35,23.50,19.80,20.65,21.10,16.50,8.35,13.40,7.40,2.50,-4.90,12.75,30.90,28.45,38.75,31.65,26.85,30.40,16.10,17.65,8.95,17.40,25.75,49.75,78.35,77.50,53.90,44.90,56.90,36.15,42.45,38.00,26.75,38.80,44.90,44.50,49.35,50.95,52.40,44.20,43.30,41.90,36.40,34.15,13.30,-9.55,-1.80,-0.85,3.60,-7.15,-3.10,-8.90,-1.45,3.40,-6.55,6.45,4.40,4.45,1.75,-9.30,-5.25,-5.85,0.70,-12.50,-36.90,-69.00,-41.05,-44.05,-42.70,-32.95,-25.90,-30.65,-37.15,-47.05,-29.15,-35.05,-23.35,-10.20,-17.20,-10.95,-0.30,-9.10,-26.60,-19.70,-21.65,-12.05,-40.60,-38.85,-38.00,-29.10,-30.00,-21.30,-13.25,-12.75,-1.35,-6.35,-6.00,-23.50,-22.20,-14.50,-14.15,-31.05,-4.60,-15.30,-27.35,-32.90,-33.25,-29.05,-23.50,-45.25,-44.35,-39.80,-41.30,-40.35,-58.15,-58.90,-62.20,-36.95,-35.80,-41.85,-50.00,-33.10,-25.90,-22.85,0.30,-11.80,-14.60,-17.15,-24.25,-24.75,-11.90,-15.90,-12.20,-5.20,-19.20,-16.85,-14.55,-21.45,-11.50,-5.10,2.80,-3.65,-2.55,-17.85,-17.90,-14.00,-8.40,-14.40,-15.25,-31.10,-26.55,-30.10,-33.55,-27.85,-43.95,-50.05,-44.85,-42.25,-41.65,-25.60,-35.65,-14.80,-6.90,-1.25,7.75,2.80,8.50,-11.90,-21.60,-0.20,0.45,22.15,17.45,15.40,28.70,49.25,48.90,42.50,39.95,43.40,53.80,52.80,48.60,132.20,142.35,143.35,101.05,100.40,70.00,75.10,63.15,75.70,65.75,80.80,108.80,135.30,117.90,135.85,138.65,131.70,134.95,134.85,158.10,154.40,153.25,151.50,167.20,166.50,166.75,148.65,138.75,128.30,123.70,126.65,137.75,121.70,137.25,134.95,151.15,150.85,146.50
464,1,2026.06.17 22:10:00,2026.06.24 14:19:58,Overlap/Close,3,3,22,Q50,4269.12000,4042.30000,4382.53000,4042.30000,0.05,1116.10,576300,-290.40,25500,0,21.35,125.40,164.15,210.00,210.70,236.10,192.15,151.30,154.90,78.00,78.00,78.00,78.00,78.00,78.00,78.00,78.00,78.00,78.00,78.00,78.00,78.00,78.00,78.00,78.00,78.00,78.00,78.00,78.00,78.00,78.00,78.00,78.00,78.00,55.40,11.15,15.50,2.50,-0.90,9.50,16.95,10.95,25.25,24.50,5.90,11.45,20.80,-25.00,-64.05,-38.25,-46.25,-55.25,-57.75,-28.40,-35.80,-23.25,-33.80,-44.90,-116.00,-120.60,-141.95,-137.85,-138.15,-157.95,-188.50,-182.65,-209.70,-223.90,-226.55,-197.35,-262.25,-262.20,-269.80,-242.35,-253.25,-250.80,-244.80,-255.40,-267.30,-261.20,-248.25,-244.20,-264.65,-281.40,-290.40,-287.30,-282.90,-276.95,-269.90,-262.45,-237.40,-220.60,-224.20,-209.60,-215.50,-218.95,-213.25,-229.80,-234.75,-228.00,-252.60,-258.60,-249.05,-245.45,-246.15,-253.05,-257.55,-239.55,-241.50,-231.35,-221.05,-222.85,-236.85,-217.30,-205.15,-228.35,-232.00,-233.45,-230.00,-242.80,-234.50,-261.10,-250.50,-270.25,-267.60,-237.50,-207.25,-169.45,-194.75,-195.00,-190.20,-160.55,-149.15,-147.65,-171.25,-180.05,-172.70,-159.85,-162.15,-176.25,-182.40,-187.05,-174.85,-179.95,-190.25,-191.60,-178.00,-193.15,-146.85,-127.00,-143.00,-132.25,-114.65,-98.30,-107.25,-111.15,-90.10,-95.80,-90.00,-79.40,-82.35,-81.90,-62.65,-50.90,-41.65,11.45,0.70,14.80,6.60,-16.10,8.30,13.25,17.50,8.45,2.45,-0.65,-6.80,2.50,4.40,23.50,4.80,-3.75,15.55,-2.30,15.85,10.65,24.45,32.85,39.45,67.60,87.80,105.25,108.30,120.05,106.15,99.50,104.30,130.90,128.25,138.40,133.95,135.35,129.55,124.50,63.65,45.15,28.50,67.85,93.85,132.45,129.70,122.60,124.95,112.05,111.05,85.90,48.65,52.30,57.40,29.20,-16.55,-15.50,23.50,44.85,39.55,62.90,108.70,127.15,137.00,96.65,81.35,124.15,96.95,89.25,122.00,127.85,109.00,83.80,90.25,78.50,112.15,132.90,143.40,166.55,179.10,208.60,185.95,209.95,222.15,211.85,211.75,184.95,208.35,229.70,234.05,220.45,236.75,229.70,235.65,255.80,258.35,247.90,225.10,220.50,205.55,194.65,201.65,214.40,230.30,223.65,196.20,200.10,183.10,193.45,202.80,187.10,203.55,203.95,206.35,213.70,232.05,239.45,221.10,237.05,242.70,253.15,282.80,304.10,308.55,320.50,318.90,320.10,329.30,295.55,274.80,266.05,261.35,326.50,326.50,326.50,326.50,326.50,326.50,326.50,326.50,326.50,326.50,326.50,326.50,326.50,326.50,326.50,326.50,326.50,326.50,326.50,326.50,326.50,326.50,326.50,326.50,326.50,317.35,311.40,305.00,316.35,329.65,325.80,319.65,327.25,320.40,301.85,301.30,308.10,343.25,344.80,367.35,369.50,368.55,359.15,367.00,356.90,373.60,396.55,395.65,402.85,390.05,414.45,417.70,418.35,405.45,419.80,396.05,411.45,402.60,393.40,392.50,393.50,392.45,420.95,413.20,419.25,410.40,391.45,406.15,419.35,417.00,421.55,420.50,420.75,418.10,424.10,446.10,465.90,454.25,447.70,445.80,446.80,445.55,463.80,461.75,463.70,497.25,507.50,515.00,505.05,501.75,508.45,522.15,529.60,534.80,550.45,551.25,578.95,624.45,625.95,617.90,606.00,600.30,612.40,629.40,636.90,668.75,666.55,704.45,716.45,721.45,723.45,693.15,705.50,699.60,677.20,684.35,687.60,670.40,657.35,650.10,646.85,654.85,628.40,609.45,637.30,629.05,636.35,651.65,676.85,664.95,618.45,616.70,607.00,564.20,549.85,559.75,568.05,565.15,582.85,578.10,559.05,575.15,581.95,569.40,554.95,546.20,524.35,516.60,494.10,467.90,465.90,468.95,500.30,500.65,505.10,517.20,499.75,517.55,518.85,525.10,521.90,508.15,532.10,516.95,526.55,530.90,529.70,523.45,531.10,555.85,561.70,568.30,565.05,568.65,576.20,572.00,591.45,589.25,586.90,596.20,596.35,603.30,608.30,611.25,608.95,605.25,624.60,624.15,607.50,595.30,579.80,596.05,582.45,558.05,552.90,566.45,567.85,576.70,586.60,583.70,590.85,583.80,601.35,481.10,449.75,498.90,433.25,495.55,522.15,514.40,525.20,531.05,529.95,552.55,560.75,554.50,588.10,581.85,594.20,598.85,608.70,618.35,599.30,613.95,604.50,623.25,618.60,595.90,599.05,600.40,584.60,588.50,588.95,579.15,588.55,586.85,596.30,605.00,587.60,593.00,590.25,609.50,615.40,618.85,620.05,611.50,609.95,596.90,586.25,587.15,560.30,587.65,566.55,648.05,648.05,648.05,648.05,648.05,648.05,648.05,648.05,648.05,648.05,648.05,648.05,648.05,648.05,648.05,648.05,648.05,648.05,648.05,648.05,648.05,648.05,648.05,648.05,648.05,648.05,648.05,648.05,648.05,648.05,648.05,648.05,648.05,648.05,648.05,648.05,648.05,648.05,648.05,648.05,648.05,648.05,648.05,648.05,648.05,648.05,648.05,648.05,648.05,648.05,648.05,648.05,648.05,648.05,648.05,648.05,648.05,648.05,648.05,648.05,648.05,648.05,648.05,648.05,648.05,648.05,648.05,648.05,648.05,648.05,648.05,648.05,648.05,648.05,648.05,648.05,648.05,648.05,648.05,648.05,648.05,648.05,648.05,648.05,648.05,648.05,648.05,648.05,648.05,648.05,648.05,648.05,648.05,648.05,648.05,648.05,648.05,648.05,648.05,648.05,648.05,648.05,648.05,648.05,648.05,648.05,648.05,648.05,648.05,648.05,648.05,648.05,648.05,648.05,648.05,648.05,648.05,648.05,648.05,648.05,648.05,648.05,648.05,648.05,648.05,648.05,648.05,648.05,648.05,648.05,648.05,648.05,648.05,648.05,648.05,648.05,648.05,648.05,648.05,648.05,648.05,648.05,648.05,648.05,648.05,648.05,648.05,648.05,648.05,648.05,648.05,648.05,648.05,648.05,648.05,648.05,648.05,648.05,648.05,648.05,648.05,648.05,648.05,648.05,648.05,648.05,648.05,648.05,648.05,648.05,648.05,648.05,648.05,648.05,648.05,648.05,648.05,648.05,648.05,648.05,648.05,648.05,648.05,648.05,648.05,648.05,648.05,648.05,648.05,648.05,648.05,648.05,648.05,648.05,648.05,648.05,648.05,648.05,648.05,648.05,648.05,648.05,648.05,648.05,648.05,648.05,648.05,648.05,648.05,648.05,648.05,648.05,648.05,648.05,648.05,648.05,648.05,648.05,648.05,648.05,648.05,648.05,648.05,648.05,648.05,648.05,648.05,648.05,648.05,648.05,648.05,648.05,648.05,648.05,648.05,648.05,648.05,648.05,648.05,648.05,648.05,648.05,648.05,648.05,648.05,648.05,648.05,648.05,648.05,648.05,648.05,648.05,648.05,648.05,648.05,648.05,648.05,648.05,648.05,648.05,648.05,648.05,648.05,648.05,648.05,648.05,648.05,648.05,648.05,648.05,648.05,648.05,648.05,648.05,648.05,648.05,648.05,648.05,648.05,648.05,648.05,648.05,648.05,648.05,648.05,648.05,648.05,648.05,648.05,648.05,648.05,648.05,648.05,648.05,648.05,648.05,648.05,648.05,648.05,648.05,648.05,648.05,648.05,648.05,648.05,648.05,648.05,648.05,648.05,648.05,648.05,648.05,648.05,648.05,648.05,648.05,648.05,648.05,648.05,648.05,648.05,648.05,648.05,648.05,648.05,648.05,648.05,648.05,648.05,648.05,648.05,648.05,648.05,648.05,648.05,648.05,648.05,648.05,648.05,648.05,648.05,648.05,648.05,648.05,648.05,648.05,648.05,648.05,648.05,648.05,648.05,648.05,648.05,648.05,648.05,648.05,648.05,648.05,648.05,648.05,648.05,648.05,648.05,648.05,648.05,648.05,648.05,648.05,648.05,648.05,648.05,648.05,648.05,648.05,648.05,648.05,648.05,648.05,648.05,648.05,648.05,648.05,648.05,648.05,648.05,648.05,648.05,648.05,648.05,648.05,648.05,648.05,648.05,648.05,648.05,648.05,648.05,648.05,648.05,648.05,648.05,648.05,648.05,648.05,648.05,648.05,648.05,648.05,648.05,648.05,648.05,648.05,648.05,648.05,648.05,648.05,648.05,648.05,648.05,648.05,648.05,648.05,648.05,648.05,648.05,648.05,648.05,648.05,648.05,648.05,648.05,648.05,648.05,648.05,648.05,648.05,648.05,648.05,648.05,648.05,648.05,648.05,648.05,648.05,648.05,648.05,648.05,648.05,648.05,648.05,648.05,648.05,648.05,648.05,648.05,648.05,648.05,648.05,648.05,648.05,648.05,648.05,648.05,648.05,648.05,648.05,648.05,648.05,648.05,648.05,648.05,648.05,648.05,648.05,648.05,648.05,648.05,648.05,648.05,648.05,648.05,648.05,648.05,648.05,648.05,648.05,648.05,648.05,648.05,648.05,648.05,648.05,648.05,648.05,648.05,648.05,648.05,648.05,648.05,648.05,648.05,648.05,648.05,648.05,648.05,648.05,648.05,648.05,648.05,648.05,648.05,648.05,648.05,648.05,648.05,648.05,648.05,648.05,648.05,648.05,648.05,648.05,648.05,648.05,648.05,648.05,648.05,648.05,648.05,648.05,648.05,648.05,648.05,648.05,648.05,648.05,648.05,648.05,648.05,648.05,648.05,648.05,648.05,648.05,648.05,648.05,648.05,648.05,648.05,648.05,648.05,648.05,648.05,648.05,648.05,648.05,648.05,648.05,648.05,648.05,648.05,648.05,648.05,648.05,648.05,648.05,648.05,648.05,648.05,648.05,648.05,648.05,648.05,648.05,648.05,648.05,648.05,648.05,648.05,648.05,648.05,648.05,648.05,648.05,648.05,648.05,648.05,648.05,648.05,648.05,648.05,648.05,648.05,648.05,648.05,648.05,648.05,648.05,648.05,648.05,648.05,648.05,648.05,648.05,648.05,648.05,648.05,648.05,648.05,648.05,648.05,648.05,648.05,648.05,648.05,648.05,648.05,648.05,648.05,648.05,648.05,648.05,648.05,648.05,648.05,648.05,648.05,648.05,648.05,648.05,648.05,648.05,648.05,648.05,648.05,648.05,560.45,574.05,586.55,576.85,593.75,582.90,584.50,583.30,574.30,570.20,562.45,563.55,547.50,529.35,552.90,571.65,557.85,561.35,606.60,621.25,617.20,659.70,660.45,643.80,610.00,600.90,539.90,526.55,524.90,507.70,514.15,486.15,466.90,425.45,403.55,341.05,313.95,275.65,286.85,302.60,295.35,308.60,356.90,330.75,341.15,369.15,374.00,390.70,395.25,391.80,424.00,405.85,400.85,401.20,371.75,364.05,386.75,390.80,400.80,403.15,401.85,432.30,453.60,464.45,451.25,445.25,446.00,464.85,467.45,459.15,468.70,487.60,476.30,457.30,463.95,464.40,463.70,463.50,463.75,455.95,461.75,450.40,454.80,436.75,437.00,426.65,418.40,412.35,401.40,375.05,388.85,361.75,379.40,378.20,365.90,376.45,387.55,361.90,372.65,357.35,342.85,362.15,351.90,352.95,334.30,333.10,324.30,357.00,351.70,346.10,348.10,342.00,359.75,357.45,351.55,371.40,373.05,370.40,389.20,393.20,385.25,386.20,395.40,391.50,385.60,386.25,388.95,390.55,377.30,373.30,367.60,358.25,334.40,302.85,319.35,309.55,316.55,325.20,304.30,303.30,310.65,307.85,302.00,304.35,301.45,292.40,281.05,293.80,289.50,295.10,295.30,299.35,302.45,317.90,304.95,321.90,298.55,290.70,305.45,305.55,305.75,325.30,315.90,313.70,312.40,319.85,318.15,308.30,292.05,306.55,308.60,306.85,291.30,302.65,316.25,327.00,325.80,333.60,357.20,378.45,377.50,390.65,373.60,365.45,393.75,410.20,416.00,384.40,390.00,345.70,325.60,345.95,351.75,314.05,318.20,364.05,382.40,385.65,404.50,387.85,380.15,339.25,357.70,353.70,350.20,368.20,356.15,384.50,390.50,400.00,404.55,434.50,440.35,495.45,449.90,430.70,456.00,461.30,457.25,448.95,439.40,431.95,421.80,427.95,435.85,421.05,410.00,395.50,398.65,407.25,411.55,397.75,399.30,424.60,450.30,439.85,437.05,433.05,431.95,429.65,428.55,423.60,425.70,417.75,402.25,405.10,412.00,410.90,396.20,386.10,392.15,388.35,385.75,383.30,388.60,391.15,403.25,408.40,410.15,403.95,422.95,418.20,408.90,394.55,394.55,394.55,394.55,394.55,394.55,394.55,394.55,394.55,394.55,394.55,394.55,394.55,394.55,394.55,394.55,394.55,394.55,394.55,394.55,394.55,394.55,394.55,394.55,394.55,381.10,380.75,383.15,383.90,386.25,380.40,382.40,385.85,395.25,402.00,394.20,394.95,392.20,385.95,390.05,387.70,392.45,389.40,383.60,371.00,369.80,390.65,407.50,407.10,397.85,422.55,450.65,433.30,432.80,424.80,423.60,414.40,381.90,389.50,387.20,378.50,395.90,402.50,419.00,477.65,453.95,453.95,499.05,534.80,573.90,592.60,559.70,539.10,549.50,588.10,577.30,554.35,544.60,536.10,563.25,554.85,570.70,574.95,581.50,610.80,634.25,643.80,635.30,679.15,667.55,641.85,649.20,662.90,651.25,649.75,640.90,624.85,620.90,625.00,629.00,646.30,644.50,645.35,663.05,649.75,651.65,651.20,672.40,754.50,672.75,705.15,696.30,706.15,706.55,719.70,689.40,719.70,707.05,750.60,742.45,739.20,730.25,778.25,732.45,732.50,733.25,762.80,746.35,764.80,778.35,767.50,754.40,773.30,747.00,738.65,767.50,756.85,748.60,754.00,749.35,788.25,820.60,812.70,842.10,851.25,883.20,874.35,875.20,854.40,859.45,854.05,836.45,832.85,797.90,823.60,806.85,819.00,794.50,796.05,789.95,789.25,764.75,781.80,761.55,753.15,759.50,758.60,767.10,734.10,686.85,710.50,696.15,682.65,705.60,694.05,692.10,701.40,712.45,723.70,734.45,746.75,750.50,716.80,699.65,703.50,698.65,708.90,727.75,716.35,739.35,736.30,735.65,729.15,733.50,746.35,775.15,756.35,757.00,770.10,766.35,734.95,756.55,754.55,749.20,779.25,785.20,763.20,777.80,808.50,762.85,765.55,733.00,752.10,713.30,689.70,659.85,668.25,656.70,635.95,657.35,637.90,671.20,682.20,710.80,724.25,714.25,711.60,706.50,694.85,675.90,727.80,704.30,707.60,720.50,709.45,679.95,659.20,651.80,670.60,658.20,652.25,664.55,671.15,669.05,656.70,664.30,663.35,642.30,635.85,628.45,643.90,647.55,673.60,682.35,682.95,652.90,662.40,677.70,690.10,695.20,695.90,684.95,685.90,702.30,705.45,710.40,719.95,723.75,722.30,726.70,740.05,738.45,745.85,765.20,770.85,766.60,756.80,729.25,734.45,738.90,756.70,741.95,736.45,736.30,732.80,740.70,744.00,767.50,793.40,793.40,793.40,793.40,793.40,793.40,793.40,793.40,793.40,793.40,793.40,793.40,793.40,793.40,793.40,793.40,793.40,793.40,793.40,793.40,793.40,793.40,793.40,793.40,793.40,787.85,783.85,775.85,788.65,813.90,815.95,851.75,840.15,824.45,815.55,814.40,823.85,844.40,861.95,846.55,844.75,848.95,857.90,870.45,925.95,913.55,866.85,865.60,849.35,834.10,794.00,809.30,825.90,863.95,846.65,860.55,861.20,869.45,852.35,865.75,859.00,977.65,959.45,897.00,903.75,904.15,853.35,854.45,870.00,881.35,915.25,916.45,900.05,908.05,940.05,944.75,973.50,966.60,977.40,1000.40,1041.60,1058.55,1052.30,1019.65,1039.70,1065.30,1053.15,1057.10,1081.55,1079.95,1062.50,1043.85,1034.95,1000.80,1011.55,1027.85,1031.50,1050.65,1052.80,1050.75,1067.45,1040.00,1029.25,1019.40,1020.30,1027.00,1027.80,1028.85,1022.85,1035.25,998.00,1006.75,1017.25,991.15,977.85,934.85,958.05,959.00,971.05,978.30,965.80,956.00,892.05,863.90,909.00,902.00,907.25,906.60,899.50,886.15,900.25,896.15,909.80,900.80,903.55,914.85,914.15,919.80,923.30,942.30,950.95,933.00,921.90,951.30,971.40,957.20,967.70,975.20,977.35,959.85,942.60,923.80,934.10,929.90,951.50,961.25,964.10,972.40,996.35,963.95,953.15,973.10,998.70,992.85,1004.10,1003.60,999.40,1002.00,1022.25,1035.05,1045.70,1040.00,1049.65,1055.85,1041.05,1036.00,1054.10,1020.75,1028.25,1052.05,1067.30,1085.10,1099.40,1116.10
466,1,2026.06.24 14:30:00,2026.06.24 15:59:58,New York,3,4,14,Q80,4044.25000,3990.41000,4071.17000,3990.41000,0.05,201.95,5100,-52.45,1500,0,0.10,-29.45,-9.00,-3.95,-52.45,-12.60,-2.15,17.30,30.20,15.55,56.40,145.20,125.10,162.40,153.30,200.60,201.95
468,1,2026.06.25 04:15:00,2026.06.25 15:54:58,Asian,4,4,4,Q60,3986.92000,4018.68000,4018.68000,3923.40000,0.05,105.15,3300,-136.60,41700,0,-37.00,-44.80,-19.95,16.90,-1.70,25.45,7.10,31.40,50.70,58.50,105.15,95.15,28.05,9.45,1.80,17.45,11.70,41.80,18.80,38.75,19.85,25.45,67.55,81.50,24.60,67.85,52.90,56.60,77.30,58.45,1.55,-52.35,-43.25,-36.00,-43.50,-13.05,-23.15,-43.00,-38.10,-18.95,-3.25,-25.70,-27.10,-43.90,-45.80,-50.30,-61.80,-57.15,-26.95,-41.50,-37.65,-41.00,9.80,18.20,18.25,-7.70,2.10,1.75,3.90,33.95,60.85,38.30,12.90,33.35,31.20,23.20,19.85,45.80,47.60,34.25,10.00,34.25,10.40,14.50,8.40,18.65,43.45,60.65,47.15,49.15,-4.60,-16.10,-6.25,-0.20,-38.85,-50.65,-34.05,-69.40,-72.50,-63.85,-28.30,-19.50,-11.30,-45.40,-22.40,-20.60,-21.15,-40.30,-35.55,-35.40,-25.60,-7.65,-10.55,-20.30,-6.85,2.25,1.75,12.20,12.20,6.95,-11.70,1.05,-4.30,6.60,12.55,21.30,12.70,10.65,12.20,17.90,26.45,33.10,48.30,48.05,22.05,10.60,6.10,21.45,34.30,21.25,18.65,20.95,19.05,33.05,13.95,-41.35,-55.15,-92.80,-136.60
470,1,2026.06.26 01:10:00,2026.06.26 05:54:58,Asian,5,4,1,Q51,4025.55000,3988.25000,4044.20000,3988.25000,0.05,166.35,16500,-43.35,1800,0,13.90,16.55,20.00,3.80,-21.25,-43.35,-15.25,3.35,15.50,-4.30,9.85,12.45,9.90,-3.25,-13.45,-20.80,20.00,7.40,5.75,37.55,39.85,54.05,65.15,53.50,29.05,17.70,35.75,49.85,47.15,45.60,31.60,31.10,45.75,25.55,40.60,40.05,28.40,3.75,13.05,14.25,25.80,20.15,24.85,45.85,36.65,23.20,25.60,42.90,51.70,81.50,97.65,90.15,113.10,139.50,166.35,161.80
472,1,2026.06.29 08:00:00,2026.06.29 17:19:57,London,1,5,8,Q80,4052.35000,4005.59000,4075.73000,4005.59000,0.05,216.85,33300,-69.00,9000,0,-11.90,-2.15,-18.65,-10.40,8.50,14.70,34.40,41.50,8.60,13.10,-4.85,-10.45,-32.30,-47.00,-37.20,-37.20,-29.80,-42.75,-22.95,-37.55,-44.55,-53.75,-54.00,-49.25,-42.10,-36.10,-33.80,-40.35,-51.95,-69.00,-53.65,-53.85,-51.60,-56.15,-60.50,-46.50,-52.40,-57.70,-58.25,-58.50,-51.05,-44.30,-57.00,-50.50,-16.50,-14.95,3.95,26.95,13.00,-3.70,11.15,3.00,21.05,24.50,33.25,45.35,43.40,60.20,89.50,104.20,112.95,101.90,69.50,84.25,74.90,74.65,94.05,69.65,88.55,87.65,71.75,77.10,80.45,78.40,89.60,93.85,115.30,101.20,83.25,100.05,84.80,85.55,71.80,65.35,32.85,21.10,23.30,43.00,62.05,69.30,44.65,35.85,36.85,44.85,39.15,43.15,8.40,30.55,25.15,15.90,43.20,71.95,44.35,80.95,68.70,85.50,102.15,99.75,127.05,184.15,216.85
