BarTime,Direction,QualityScore,WouldBeEntryPrice,BlockReason
2025.05.01 01:00:00,SHORT,57,3288.70000,OK
2025.05.01 01:10:00,SHORT,67,3284.94000,BLOCKED:PositionOpen
2025.05.01 01:15:00,SHORT,53,3276.53000,BLOCKED:PositionOpen
2025.05.01 01:40:00,SHORT,67,3272.66000,BLOCKED:PositionOpen
2025.05.01 01:55:00,SHORT,52,3277.58000,BLOCKED:PositionOpen
2025.05.01 02:00:00,SHORT,63,3274.25000,BLOCKED:PositionOpen
2025.05.01 02:30:00,SHORT,47,3277.73000,BLOCKED:PositionOpen
2025.05.01 03:50:00,SHORT,65,3247.28000,BLOCKED:DailyQuota
2025.05.01 03:55:00,SHORT,45,3244.61000,BLOCKED:DailyQuota
2025.05.01 04:05:00,SHORT,72,3242.96000,BLOCKED:DailyQuota
2025.05.01 04:10:00,SHORT,57,3241.56000,BLOCKED:DailyQuota
2025.05.01 05:00:00,SHORT,72,3238.93000,BLOCKED:DailyQuota
2025.05.01 05:10:00,SHORT,72,3239.43000,BLOCKED:DailyQuota
2025.05.01 06:15:00,SHORT,43,3232.04000,BLOCKED:DailyQuota
2025.05.01 07:05:00,SHORT,45,3229.42000,BLOCKED:DailyQuota
2025.05.01 07:10:00,SHORT,57,3228.06000,BLOCKED:DailyQuota
2025.05.01 07:20:00,SHORT,72,3225.99000,BLOCKED:DailyQuota
2025.05.01 07:55:00,SHORT,54,3227.78000,BLOCKED:DailyQuota
2025.05.01 10:50:00,SHORT,64,3231.67000,BLOCKED:DailyQuota
2025.05.01 13:00:00,SHORT,48,3218.56000,BLOCKED:DailyQuota
2025.05.01 13:05:00,SHORT,35,3218.14000,BLOCKED:DailyQuota
2025.05.01 13:50:00,SHORT,77,3222.87000,BLOCKED:DailyQuota
2025.05.01 14:00:00,SHORT,46,3222.86000,BLOCKED:DailyQuota
2025.05.01 18:20:00,SHORT,70,3215.43000,BLOCKED:DailyQuota
2025.05.01 19:25:00,SHORT,69,3211.34000,BLOCKED:DailyQuota
2025.05.01 19:30:00,SHORT,77,3209.66000,BLOCKED:DailyQuota
2025.05.02 16:35:00,SHORT,55,3251.28000,OK
2025.05.02 16:45:00,SHORT,63,3252.97000,BLOCKED:PositionOpen
2025.05.02 19:35:00,SHORT,54,3231.67000,BLOCKED:PositionOpen
2025.05.02 19:55:00,SHORT,77,3226.31000,BLOCKED:PositionOpen
2025.05.02 20:00:00,SHORT,77,3225.03000,BLOCKED:DailyQuota
2025.05.05 07:30:00,SHORT,75,3255.58000,OK
2025.05.05 07:35:00,SHORT,45,3254.78000,BLOCKED:PositionOpen
2025.05.05 07:50:00,SHORT,81,3254.88000,BLOCKED:PositionOpen
2025.05.05 12:15:00,LONG,71,3289.83000,BLOCKED:DailyQuota
2025.05.05 12:20:00,LONG,49,3293.46000,BLOCKED:DailyQuota
2025.05.05 12:55:00,LONG,77,3303.91000,BLOCKED:DailyQuota
2025.05.05 13:00:00,LONG,77,3308.69000,BLOCKED:DailyQuota
2025.05.05 13:05:00,LONG,61,3315.44000,BLOCKED:DailyQuota
2025.05.05 13:15:00,LONG,40,3310.80000,BLOCKED:DailyQuota
2025.05.05 13:20:00,LONG,77,3315.61000,BLOCKED:DailyQuota
2025.05.05 13:25:00,LONG,74,3316.41000,BLOCKED:DailyQuota
2025.05.05 13:45:00,LONG,50,3314.05000,BLOCKED:DailyQuota
2025.05.05 13:55:00,LONG,74,3314.37000,BLOCKED:DailyQuota
2025.05.05 14:05:00,LONG,69,3313.62000,BLOCKED:DailyQuota
2025.05.05 14:10:00,LONG,49,3317.35000,BLOCKED:DailyQuota
2025.05.05 20:45:00,LONG,58,3314.51000,BLOCKED:DailyQuota
2025.05.05 21:10:00,LONG,66,3317.87000,BLOCKED:DailyQuota
2025.05.05 21:40:00,LONG,51,3319.84000,BLOCKED:DailyQuota
2025.05.05 22:00:00,LONG,46,3323.36000,BLOCKED:DailyQuota
2025.05.05 22:15:00,LONG,27,3326.26000,BLOCKED:DailyQuota
2025.05.05 22:20:00,LONG,45,3327.99000,BLOCKED:DailyQuota
2025.05.05 22:25:00,LONG,59,3330.39000,BLOCKED:DailyQuota
2025.05.05 22:30:00,LONG,44,3336.55000,BLOCKED:DailyQuota
2025.05.05 22:40:00,LONG,50,3336.70000,BLOCKED:DailyQuota
2025.05.05 23:20:00,LONG,43,3330.87000,BLOCKED:DailyQuota
2025.05.05 23:30:00,LONG,41,3331.36000,BLOCKED:DailyQuota
2025.05.05 23:35:00,LONG,71,3333.23000,BLOCKED:DailyQuota
2025.05.06 03:10:00,LONG,47,3334.07000,OK
2025.05.06 10:25:00,LONG,77,3374.55000,BLOCKED:DailyQuota
2025.05.06 10:30:00,LONG,29,3374.52000,BLOCKED:DailyQuota
2025.05.06 10:35:00,LONG,53,3378.27000,BLOCKED:DailyQuota
2025.05.06 10:50:00,LONG,77,3374.55000,BLOCKED:DailyQuota
2025.05.06 11:05:00,LONG,61,3372.88000,BLOCKED:DailyQuota
2025.05.06 11:10:00,LONG,30,3373.12000,BLOCKED:DailyQuota
2025.05.06 11:15:00,LONG,61,3378.05000,BLOCKED:DailyQuota
2025.05.06 14:00:00,LONG,63,3383.65000,BLOCKED:DailyQuota
2025.05.06 14:20:00,LONG,34,3381.79000,BLOCKED:DailyQuota
2025.05.06 17:10:00,LONG,77,3397.38000,BLOCKED:DailyQuota
2025.05.06 19:20:00,LONG,49,3397.08000,BLOCKED:DailyQuota
2025.05.06 19:30:00,LONG,77,3404.36000,BLOCKED:DailyQuota
2025.05.06 19:35:00,LONG,67,3405.09000,BLOCKED:DailyQuota
2025.05.06 19:45:00,LONG,77,3408.02000,BLOCKED:DailyQuota
2025.05.06 19:50:00,LONG,54,3409.12000,BLOCKED:DailyQuota
2025.05.06 20:40:00,LONG,57,3415.97000,BLOCKED:DailyQuota
2025.05.06 21:00:00,LONG,72,3414.22000,BLOCKED:DailyQuota
2025.05.06 21:10:00,LONG,30,3412.86000,BLOCKED:DailyQuota
2025.05.06 21:20:00,LONG,72,3414.85000,BLOCKED:DailyQuota
2025.05.06 21:45:00,LONG,60,3416.33000,BLOCKED:DailyQuota
2025.05.06 22:40:00,LONG,50,3417.41000,BLOCKED:DailyQuota
2025.05.06 22:45:00,LONG,55,3418.68000,BLOCKED:DailyQuota
2025.05.06 22:55:00,LONG,58,3423.27000,BLOCKED:DailyQuota
2025.05.06 23:55:00,LONG,65,3433.86000,BLOCKED:DailyQuota
2025.05.07 06:15:00,LONG,68,3389.01000,OK
2025.05.07 08:10:00,LONG,97,3383.82000,BLOCKED:PositionOpen
2025.05.07 08:25:00,LONG,49,3385.86000,BLOCKED:PositionOpen
2025.05.07 08:40:00,LONG,88,3385.78000,BLOCKED:PositionOpen
2025.05.07 10:15:00,LONG,77,3396.15000,BLOCKED:PositionOpen
2025.05.07 16:10:00,LONG,47,3391.57000,BLOCKED:PositionOpen
2025.05.07 21:05:00,LONG,55,3390.80000,BLOCKED:PositionOpen
2025.05.07 21:10:00,LONG,69,3393.85000,BLOCKED:PositionOpen
2025.05.07 21:15:00,LONG,44,3395.83000,BLOCKED:PositionOpen
2025.05.08 02:40:00,LONG,89,3374.56000,OK
2025.05.08 02:55:00,LONG,42,3375.98000,BLOCKED:PositionOpen
2025.05.08 03:00:00,LONG,44,3376.71000,BLOCKED:PositionOpen
2025.05.08 03:10:00,LONG,49,3375.46000,BLOCKED:PositionOpen
2025.05.08 03:50:00,LONG,69,3385.29000,BLOCKED:PositionOpen
2025.05.08 03:55:00,LONG,28,3385.31000,BLOCKED:PositionOpen
2025.05.08 04:05:00,LONG,47,3394.24000,BLOCKED:DailyQuota
2025.05.08 04:50:00,LONG,72,3397.90000,BLOCKED:DailyQuota
2025.05.08 05:35:00,LONG,63,3410.74000,BLOCKED:DailyQuota
2025.05.08 06:05:00,LONG,43,3401.82000,BLOCKED:DailyQuota
2025.05.08 06:10:00,LONG,67,3404.45000,BLOCKED:DailyQuota
2025.05.08 06:15:00,LONG,60,3404.95000,BLOCKED:DailyQuota
2025.05.08 06:20:00,LONG,65,3407.00000,BLOCKED:DailyQuota
2025.05.08 09:50:00,SHORT,73,3322.28000,BLOCKED:DailyQuota
2025.05.08 16:20:00,LONG,28,3362.55000,BLOCKED:DailyQuota
2025.05.08 16:30:00,LONG,48,3361.64000,BLOCKED:DailyQuota
2025.05.08 16:35:00,LONG,61,3366.59000,BLOCKED:DailyQuota
2025.05.08 16:45:00,LONG,26,3365.49000,BLOCKED:DailyQuota
2025.05.08 19:55:00,SHORT,66,3311.94000,BLOCKED:DailyQuota
2025.05.08 20:00:00,SHORT,77,3310.31000,BLOCKED:DailyQuota
2025.05.08 20:10:00,SHORT,77,3299.61000,BLOCKED:DailyQuota
2025.05.08 20:25:00,SHORT,77,3303.25000,BLOCKED:DailyQuota
2025.05.08 20:45:00,SHORT,62,3303.00000,BLOCKED:DailyQuota
2025.05.08 21:25:00,SHORT,72,3306.90000,BLOCKED:DailyQuota
2025.05.09 08:05:00,LONG,66,3325.35000,OK
2025.05.09 08:10:00,LONG,77,3327.62000,BLOCKED:PositionOpen
2025.05.09 08:15:00,LONG,44,3328.20000,BLOCKED:PositionOpen
2025.05.09 10:10:00,LONG,57,3329.07000,BLOCKED:PositionOpen
2025.05.09 12:55:00,LONG,62,3326.25000,BLOCKED:PositionOpen
2025.05.09 15:15:00,LONG,37,3334.83000,BLOCKED:PositionOpen
2025.05.09 15:20:00,LONG,33,3335.33000,BLOCKED:PositionOpen
2025.05.09 18:55:00,LONG,57,3342.78000,BLOCKED:PositionOpen
2025.05.09 19:00:00,LONG,69,3345.40000,BLOCKED:PositionOpen
2025.05.09 19:05:00,LONG,76,3346.52000,BLOCKED:PositionOpen
2025.05.09 19:35:00,LONG,60,3342.13000,BLOCKED:PositionOpen
2025.05.12 01:05:00,SHORT,75,3295.11000,OK
2025.05.12 02:05:00,SHORT,44,3267.37000,BLOCKED:PositionOpen
2025.05.12 02:25:00,SHORT,51,3276.86000,BLOCKED:PositionOpen
2025.05.12 04:55:00,SHORT,68,3271.35000,BLOCKED:PositionOpen
2025.05.12 08:10:00,SHORT,62,3277.61000,BLOCKED:PositionOpen
2025.05.12 08:20:00,SHORT,55,3274.06000,BLOCKED:PositionOpen
2025.05.12 08:30:00,SHORT,47,3274.42000,BLOCKED:PositionOpen
2025.05.12 08:40:00,SHORT,56,3272.76000,BLOCKED:PositionOpen
2025.05.12 11:00:00,SHORT,53,3223.55000,BLOCKED:DailyQuota
2025.05.12 11:10:00,SHORT,49,3224.68000,BLOCKED:DailyQuota
2025.05.12 11:15:00,SHORT,40,3224.37000,BLOCKED:DailyQuota
2025.05.12 11:50:00,SHORT,67,3230.55000,BLOCKED:DailyQuota
2025.05.12 13:25:00,SHORT,49,3212.14000,BLOCKED:DailyQuota
2025.05.12 14:00:00,SHORT,63,3207.90000,BLOCKED:DailyQuota
2025.05.12 19:15:00,SHORT,54,3231.49000,BLOCKED:DailyQuota
2025.05.12 19:20:00,SHORT,77,3229.31000,BLOCKED:DailyQuota
2025.05.12 20:30:00,SHORT,77,3224.07000,BLOCKED:DailyQuota
2025.05.12 20:40:00,SHORT,77,3225.44000,BLOCKED:DailyQuota
2025.05.12 20:50:00,SHORT,74,3223.99000,BLOCKED:DailyQuota
2025.05.12 20:55:00,SHORT,51,3223.84000,BLOCKED:DailyQuota
2025.05.12 21:20:00,SHORT,66,3221.27000,BLOCKED:DailyQuota
2025.05.13 12:40:00,SHORT,68,3252.15000,OK
2025.05.13 12:45:00,SHORT,52,3251.74000,BLOCKED:PositionOpen
2025.05.13 16:00:00,SHORT,48,3241.67000,BLOCKED:PositionOpen
2025.05.13 16:10:00,SHORT,48,3244.17000,BLOCKED:PositionOpen
2025.05.13 16:15:00,SHORT,61,3242.78000,BLOCKED:PositionOpen
2025.05.13 16:20:00,SHORT,67,3241.05000,BLOCKED:PositionOpen
2025.05.13 16:35:00,SHORT,77,3240.55000,BLOCKED:PositionOpen
2025.05.13 16:40:00,SHORT,62,3237.44000,BLOCKED:PositionOpen
2025.05.13 17:25:00,SHORT,77,3237.83000,BLOCKED:DailyQuota
2025.05.13 21:15:00,SHORT,75,3246.26000,BLOCKED:DailyQuota
2025.05.14 03:45:00,SHORT,60,3244.83000,OK
2025.05.14 03:50:00,SHORT,44,3243.81000,BLOCKED:PositionOpen
2025.05.14 06:15:00,SHORT,57,3229.38000,BLOCKED:PositionOpen
2025.05.14 06:30:00,SHORT,54,3229.30000,BLOCKED:PositionOpen
2025.05.14 06:35:00,SHORT,35,3229.34000,BLOCKED:PositionOpen
2025.05.14 06:50:00,SHORT,72,3228.28000,BLOCKED:PositionOpen
2025.05.14 07:15:00,SHORT,72,3224.56000,BLOCKED:PositionOpen
2025.05.14 08:20:00,SHORT,55,3224.55000,BLOCKED:PositionOpen
2025.05.14 13:00:00,SHORT,73,3232.20000,BLOCKED:PositionOpen
2025.05.14 13:05:00,SHORT,85,3230.46000,BLOCKED:PositionOpen
2025.05.14 16:05:00,SHORT,64,3181.75000,BLOCKED:DailyQuota
2025.05.14 16:10:00,SHORT,55,3180.81000,BLOCKED:DailyQuota
2025.05.14 16:15:00,SHORT,77,3179.97000,BLOCKED:DailyQuota
2025.05.14 16:30:00,SHORT,73,3185.50000,BLOCKED:DailyQuota
2025.05.14 17:00:00,SHORT,49,3191.46000,BLOCKED:DailyQuota
2025.05.14 17:05:00,SHORT,53,3188.84000,BLOCKED:DailyQuota
2025.05.14 17:10:00,SHORT,77,3186.15000,BLOCKED:DailyQuota
2025.05.14 17:20:00,SHORT,77,3183.82000,BLOCKED:DailyQuota
2025.05.14 17:25:00,SHORT,77,3181.64000,BLOCKED:DailyQuota
2025.05.14 18:40:00,SHORT,53,3181.51000,BLOCKED:DailyQuota
2025.05.14 18:45:00,SHORT,51,3181.38000,BLOCKED:DailyQuota
2025.05.14 21:35:00,SHORT,31,3177.09000,BLOCKED:DailyQuota
2025.05.14 21:40:00,SHORT,59,3176.16000,BLOCKED:DailyQuota
2025.05.14 21:45:00,SHORT,56,3175.16000,BLOCKED:DailyQuota
2025.05.14 22:05:00,SHORT,72,3170.68000,BLOCKED:DailyQuota
2025.05.15 05:40:00,SHORT,71,3158.30000,OK
2025.05.15 05:45:00,SHORT,54,3157.75000,BLOCKED:PositionOpen
2025.05.15 06:20:00,SHORT,71,3148.71000,BLOCKED:PositionOpen
2025.05.15 06:50:00,SHORT,33,3153.00000,BLOCKED:PositionOpen
2025.05.15 06:55:00,SHORT,55,3152.32000,BLOCKED:PositionOpen
2025.05.15 07:00:00,SHORT,72,3150.42000,BLOCKED:PositionOpen
2025.05.15 07:10:00,SHORT,71,3149.13000,BLOCKED:PositionOpen
2025.05.15 07:20:00,SHORT,65,3148.08000,BLOCKED:PositionOpen
2025.05.15 07:25:00,SHORT,49,3147.22000,BLOCKED:PositionOpen
2025.05.15 07:45:00,SHORT,53,3144.59000,BLOCKED:PositionOpen
2025.05.15 08:10:00,SHORT,66,3140.07000,BLOCKED:PositionOpen
2025.05.15 08:15:00,SHORT,34,3139.70000,BLOCKED:PositionOpen
2025.05.15 08:30:00,SHORT,37,3141.84000,BLOCKED:PositionOpen
2025.05.15 08:40:00,SHORT,64,3136.50000,BLOCKED:PositionOpen
2025.05.15 08:45:00,SHORT,62,3132.78000,BLOCKED:PositionOpen
2025.05.15 08:55:00,SHORT,48,3129.40000,BLOCKED:PositionOpen
2025.05.15 09:05:00,SHORT,64,3125.43000,BLOCKED:PositionOpen
2025.05.15 09:15:00,SHORT,54,3126.92000,BLOCKED:PositionOpen
2025.05.16 03:35:00,SHORT,59,3232.90000,OK
2025.05.16 04:10:00,SHORT,45,3231.41000,BLOCKED:PositionOpen
2025.05.16 04:15:00,SHORT,51,3230.89000,BLOCKED:PositionOpen
2025.05.16 05:40:00,SHORT,72,3221.63000,BLOCKED:PositionOpen
2025.05.16 05:45:00,SHORT,72,3219.96000,BLOCKED:PositionOpen
2025.05.16 05:50:00,SHORT,64,3217.84000,BLOCKED:PositionOpen
2025.05.16 05:55:00,SHORT,72,3215.76000,BLOCKED:PositionOpen
2025.05.16 06:15:00,SHORT,55,3207.97000,BLOCKED:PositionOpen
2025.05.16 10:50:00,SHORT,78,3213.39000,BLOCKED:PositionOpen
2025.05.16 10:55:00,SHORT,77,3208.66000,BLOCKED:PositionOpen
2025.05.16 11:00:00,SHORT,72,3207.68000,BLOCKED:PositionOpen
2025.05.16 11:10:00,SHORT,53,3203.43000,BLOCKED:PositionOpen
2025.05.16 11:15:00,SHORT,77,3197.45000,BLOCKED:PositionOpen
2025.05.16 14:10:00,SHORT,61,3172.99000,BLOCKED:DailyQuota
2025.05.16 14:15:00,SHORT,58,3171.11000,BLOCKED:DailyQuota
2025.05.16 14:30:00,SHORT,38,3171.92000,BLOCKED:DailyQuota
2025.05.16 14:40:00,SHORT,49,3176.12000,BLOCKED:DailyQuota
2025.05.16 14:45:00,SHORT,77,3173.92000,BLOCKED:DailyQuota
2025.05.16 14:55:00,SHORT,77,3154.61000,BLOCKED:DailyQuota
2025.05.16 15:10:00,SHORT,77,3158.96000,BLOCKED:DailyQuota
2025.05.19 04:55:00,SHORT,46,3219.85000,OK
2025.05.19 05:35:00,SHORT,72,3220.52000,BLOCKED:PositionOpen
2025.05.19 05:40:00,SHORT,72,3219.64000,BLOCKED:PositionOpen
2025.05.19 07:40:00,SHORT,63,3216.07000,BLOCKED:PositionOpen
2025.05.19 07:55:00,SHORT,51,3216.03000,BLOCKED:PositionOpen
2025.05.19 14:45:00,LONG,40,3246.18000,BLOCKED:PositionOpen
2025.05.19 16:25:00,SHORT,52,3234.16000,BLOCKED:PositionOpen
2025.05.19 16:35:00,SHORT,68,3227.76000,BLOCKED:PositionOpen
2025.05.19 16:55:00,SHORT,41,3228.86000,BLOCKED:PositionOpen
2025.05.19 23:55:00,SHORT,54,3230.79000,BLOCKED:PositionOpen
2025.05.20 01:05:00,SHORT,51,3228.07000,BLOCKED:PositionOpen
2025.05.20 01:40:00,SHORT,47,3226.10000,BLOCKED:PositionOpen
2025.05.20 01:50:00,SHORT,44,3225.87000,BLOCKED:PositionOpen
2025.05.20 02:30:00,SHORT,62,3222.39000,BLOCKED:PositionOpen
2025.05.20 02:35:00,SHORT,45,3221.18000,BLOCKED:PositionOpen
2025.05.20 02:40:00,SHORT,39,3220.53000,BLOCKED:PositionOpen
2025.05.20 03:10:00,SHORT,45,3223.04000,BLOCKED:PositionOpen
2025.05.20 03:40:00,SHORT,63,3214.53000,BLOCKED:PositionOpen
2025.05.20 06:30:00,SHORT,62,3212.64000,BLOCKED:PositionOpen
2025.05.20 06:35:00,SHORT,54,3210.14000,BLOCKED:PositionOpen
2025.05.20 06:40:00,SHORT,33,3210.07000,BLOCKED:PositionOpen
2025.05.20 09:45:00,SHORT,43,3210.12000,BLOCKED:PositionOpen
2025.05.20 17:55:00,LONG,63,3282.93000,OK
2025.05.20 18:20:00,LONG,67,3280.50000,BLOCKED:PositionOpen
2025.05.20 21:30:00,LONG,65,3288.55000,BLOCKED:PositionOpen
2025.05.20 22:05:00,LONG,52,3288.13000,BLOCKED:PositionOpen
2025.05.20 22:20:00,LONG,45,3289.43000,BLOCKED:PositionOpen
2025.05.20 22:25:00,LONG,43,3290.62000,BLOCKED:PositionOpen
2025.05.20 23:00:00,LONG,71,3294.29000,BLOCKED:PositionOpen
2025.05.20 23:10:00,LONG,36,3295.40000,BLOCKED:PositionOpen
2025.05.20 23:40:00,LONG,38,3290.46000,BLOCKED:PositionOpen
2025.05.21 01:05:00,LONG,51,3293.18000,BLOCKED:PositionOpen
2025.05.21 01:10:00,LONG,46,3298.92000,BLOCKED:PositionOpen
2025.05.21 01:15:00,LONG,46,3299.95000,BLOCKED:PositionOpen
2025.05.21 04:10:00,LONG,35,3303.82000,BLOCKED:PositionOpen
2025.05.21 06:15:00,LONG,69,3303.42000,BLOCKED:PositionOpen
2025.05.21 06:40:00,LONG,74,3307.57000,BLOCKED:PositionOpen
2025.05.21 07:40:00,LONG,59,3305.05000,BLOCKED:PositionOpen
2025.05.21 07:50:00,LONG,73,3305.96000,BLOCKED:PositionOpen
2025.05.21 09:45:00,LONG,59,3319.34000,BLOCKED:PositionOpen
2025.05.21 09:55:00,LONG,53,3320.38000,BLOCKED:PositionOpen
2025.05.21 12:50:00,LONG,75,3310.24000,BLOCKED:PositionOpen
2025.05.21 12:55:00,LONG,72,3310.95000,BLOCKED:PositionOpen
2025.05.21 18:40:00,LONG,62,3312.58000,BLOCKED:PositionOpen
2025.05.21 18:50:00,LONG,68,3312.84000,BLOCKED:PositionOpen
2025.05.21 18:55:00,LONG,52,3313.57000,BLOCKED:PositionOpen
2025.05.21 21:35:00,LONG,45,3315.12000,BLOCKED:PositionOpen
2025.05.21 21:40:00,LONG,56,3315.51000,BLOCKED:PositionOpen
2025.05.21 22:10:00,LONG,75,3323.05000,BLOCKED:PositionOpen
2025.05.21 22:45:00,LONG,25,3322.61000,BLOCKED:PositionOpen
2025.05.22 02:35:00,LONG,75,3324.05000,BLOCKED:PositionOpen
2025.05.22 03:35:00,LONG,58,3322.82000,BLOCKED:PositionOpen
2025.05.22 04:30:00,LONG,66,3338.63000,BLOCKED:PositionOpen
2025.05.22 04:35:00,LONG,29,3338.91000,BLOCKED:PositionOpen
2025.05.22 05:10:00,LONG,56,3338.86000,BLOCKED:PositionOpen
2025.05.22 05:40:00,LONG,75,3340.06000,BLOCKED:PositionOpen
2025.05.22 05:45:00,LONG,49,3343.72000,BLOCKED:PositionOpen
2025.05.22 06:00:00,LONG,45,3341.32000,BLOCKED:PositionOpen
2025.05.22 08:40:00,LONG,60,3337.91000,BLOCKED:PositionOpen
2025.05.22 16:10:00,LONG,60,3312.13000,BLOCKED:PositionOpen
2025.05.22 16:15:00,LONG,62,3315.05000,BLOCKED:PositionOpen
2025.05.22 19:50:00,LONG,80,3304.84000,BLOCKED:PositionOpen
2025.05.22 20:20:00,LONG,95,3299.41000,BLOCKED:PositionOpen
2025.05.23 01:05:00,LONG,56,3297.64000,BLOCKED:PositionOpen
2025.05.23 02:05:00,LONG,67,3299.73000,BLOCKED:PositionOpen
2025.05.23 02:25:00,LONG,38,3298.86000,BLOCKED:PositionOpen
2025.05.23 02:30:00,LONG,49,3299.45000,BLOCKED:PositionOpen
2025.05.23 02:40:00,LONG,44,3299.53000,BLOCKED:PositionOpen
2025.05.23 07:25:00,LONG,75,3311.83000,BLOCKED:PositionOpen
2025.05.23 07:30:00,LONG,52,3312.31000,BLOCKED:PositionOpen
2025.05.23 07:35:00,LONG,60,3314.02000,BLOCKED:PositionOpen
2025.05.23 08:15:00,LONG,60,3317.90000,BLOCKED:PositionOpen
2025.05.23 08:40:00,LONG,56,3319.79000,BLOCKED:PositionOpen
2025.05.23 08:50:00,LONG,80,3321.10000,BLOCKED:PositionOpen
2025.05.23 08:55:00,LONG,80,3324.45000,BLOCKED:PositionOpen
2025.05.23 09:05:00,LONG,60,3329.36000,BLOCKED:PositionOpen
2025.05.23 09:45:00,LONG,78,3328.67000,BLOCKED:PositionOpen
2025.05.23 09:50:00,LONG,75,3329.51000,BLOCKED:PositionOpen
2025.05.23 10:20:00,LONG,59,3330.81000,BLOCKED:PositionOpen
2025.05.23 10:25:00,LONG,53,3330.90000,BLOCKED:PositionOpen
2025.05.23 10:30:00,LONG,56,3331.10000,BLOCKED:PositionOpen
2025.05.23 14:45:00,LONG,59,3333.61000,BLOCKED:PositionOpen
2025.05.23 14:50:00,LONG,57,3346.97000,BLOCKED:PositionOpen
2025.05.23 18:45:00,LONG,61,3357.44000,BLOCKED:PositionOpen
2025.05.23 18:50:00,LONG,63,3359.84000,BLOCKED:PositionOpen
2025.05.23 18:55:00,LONG,59,3360.21000,BLOCKED:PositionOpen
2025.05.23 19:15:00,LONG,50,3360.61000,BLOCKED:PositionOpen
2025.05.23 19:25:00,LONG,51,3360.53000,BLOCKED:PositionOpen
2025.05.23 20:05:00,LONG,69,3359.83000,BLOCKED:PositionOpen
2025.05.23 20:15:00,LONG,57,3360.77000,BLOCKED:PositionOpen
2025.05.26 05:05:00,LONG,69,3348.07000,BLOCKED:PositionOpen
2025.05.26 05:25:00,LONG,63,3347.85000,BLOCKED:PositionOpen
2025.05.26 05:30:00,LONG,34,3348.16000,BLOCKED:PositionOpen
2025.05.26 05:50:00,LONG,61,3355.81000,BLOCKED:PositionOpen
2025.05.26 06:05:00,LONG,82,3349.82000,BLOCKED:PositionOpen
2025.05.26 08:10:00,LONG,70,3349.54000,BLOCKED:PositionOpen
2025.05.26 18:25:00,LONG,52,3339.12000,BLOCKED:PositionOpen
2025.05.26 19:05:00,LONG,83,3339.37000,BLOCKED:PositionOpen
2025.05.26 19:35:00,LONG,51,3341.10000,BLOCKED:PositionOpen
2025.05.26 19:45:00,LONG,55,3343.13000,BLOCKED:PositionOpen
2025.05.26 20:50:00,LONG,36,3341.51000,BLOCKED:PositionOpen
2025.05.26 21:00:00,LONG,41,3341.44000,BLOCKED:PositionOpen
2025.05.27 06:25:00,LONG,25,3346.58000,BLOCKED:PositionOpen
2025.05.27 06:30:00,LONG,46,3346.95000,BLOCKED:PositionOpen
2025.05.27 12:50:00,SHORT,40,3296.04000,BLOCKED:PositionOpen
2025.05.27 13:55:00,SHORT,68,3294.42000,BLOCKED:PositionOpen
2025.05.27 14:00:00,SHORT,62,3293.46000,BLOCKED:PositionOpen
2025.05.27 15:00:00,SHORT,54,3288.23000,BLOCKED:PositionOpen
2025.05.27 16:35:00,LONG,53,3303.46000,BLOCKED:PositionOpen
2025.05.27 16:45:00,LONG,74,3301.09000,BLOCKED:PositionOpen
2025.05.27 20:15:00,LONG,65,3299.45000,BLOCKED:PositionOpen
2025.05.27 20:20:00,LONG,65,3300.64000,BLOCKED:PositionOpen
2025.05.27 20:25:00,LONG,61,3302.13000,BLOCKED:PositionOpen
2025.05.27 20:45:00,LONG,63,3303.72000,BLOCKED:PositionOpen
2025.05.27 21:30:00,LONG,70,3301.37000,BLOCKED:PositionOpen
2025.05.27 21:35:00,LONG,53,3302.60000,BLOCKED:PositionOpen
2025.05.27 21:50:00,LONG,69,3303.02000,BLOCKED:PositionOpen
2025.05.27 23:15:00,LONG,37,3303.78000,BLOCKED:PositionOpen
2025.05.27 23:20:00,LONG,56,3304.18000,BLOCKED:PositionOpen
2025.05.27 23:35:00,LONG,43,3304.60000,BLOCKED:PositionOpen
2025.05.27 23:40:00,LONG,54,3304.95000,BLOCKED:PositionOpen
2025.05.28 07:10:00,SHORT,73,3296.87000,BLOCKED:PositionOpen
2025.05.28 07:20:00,SHORT,75,3295.92000,BLOCKED:PositionOpen
2025.05.28 07:25:00,SHORT,75,3294.61000,BLOCKED:PositionOpen
2025.05.28 07:45:00,SHORT,40,3296.50000,BLOCKED:PositionOpen
2025.05.28 08:15:00,LONG,85,3303.24000,BLOCKED:PositionOpen
2025.05.28 09:25:00,LONG,70,3303.43000,BLOCKED:PositionOpen
2025.05.28 09:30:00,LONG,60,3304.32000,BLOCKED:PositionOpen
2025.05.28 09:40:00,LONG,84,3304.92000,BLOCKED:PositionOpen
2025.05.28 10:50:00,LONG,57,3319.87000,BLOCKED:PositionOpen
2025.05.28 10:55:00,LONG,80,3320.99000,BLOCKED:PositionOpen
2025.05.28 11:05:00,LONG,80,3320.90000,BLOCKED:PositionOpen
2025.05.28 11:15:00,LONG,66,3323.88000,BLOCKED:PositionOpen
2025.05.28 11:45:00,LONG,45,3317.55000,BLOCKED:PositionOpen
2025.05.28 12:15:00,LONG,45,3321.87000,BLOCKED:PositionOpen
2025.05.28 18:05:00,SHORT,53,3297.58000,BLOCKED:PositionOpen
2025.05.28 18:45:00,SHORT,34,3295.42000,BLOCKED:PositionOpen
2025.05.28 19:05:00,SHORT,35,3295.96000,BLOCKED:PositionOpen
2025.05.28 19:10:00,SHORT,39,3295.37000,BLOCKED:PositionOpen
2025.05.28 19:25:00,SHORT,57,3298.22000,BLOCKED:PositionOpen
2025.05.28 19:35:00,SHORT,57,3294.68000,BLOCKED:PositionOpen
2025.05.28 19:40:00,SHORT,69,3293.98000,BLOCKED:PositionOpen
2025.05.28 21:25:00,LONG,80,3302.10000,BLOCKED:PositionOpen
2025.05.28 21:50:00,LONG,69,3301.31000,BLOCKED:PositionOpen
2025.05.28 23:40:00,SHORT,78,3295.51000,BLOCKED:PositionOpen
2025.05.28 23:45:00,SHORT,71,3294.01000,BLOCKED:PositionOpen
2025.05.28 23:50:00,SHORT,64,3290.98000,BLOCKED:PositionOpen
2025.05.29 02:10:00,SHORT,47,3277.21000,BLOCKED:PositionOpen
2025.05.29 02:15:00,SHORT,68,3270.29000,BLOCKED:PositionOpen
2025.05.29 02:45:00,SHORT,62,3252.66000,BLOCKED:PositionOpen
2025.05.29 03:00:00,SHORT,69,3259.94000,BLOCKED:PositionOpen
2025.05.29 03:35:00,SHORT,57,3260.15000,BLOCKED:PositionOpen
2025.05.29 08:25:00,SHORT,94,3269.78000,BLOCKED:PositionOpen
2025.05.29 08:35:00,SHORT,72,3270.54000,BLOCKED:PositionOpen
2025.05.29 08:40:00,SHORT,50,3266.51000,BLOCKED:PositionOpen
2025.05.29 14:05:00,LONG,76,3297.73000,BLOCKED:PositionOpen
2025.05.29 14:30:00,LONG,57,3302.43000,BLOCKED:PositionOpen
2025.05.29 14:45:00,LONG,80,3301.57000,BLOCKED:PositionOpen
2025.05.29 14:50:00,LONG,77,3305.08000,BLOCKED:PositionOpen
2025.05.29 16:00:00,LONG,69,3316.70000,BLOCKED:PositionOpen
2025.05.29 16:50:00,LONG,80,3314.94000,BLOCKED:PositionOpen
2025.05.29 16:55:00,LONG,80,3320.02000,BLOCKED:PositionOpen
2025.05.29 17:10:00,LONG,56,3317.90000,BLOCKED:PositionOpen
2025.05.29 19:45:00,LONG,60,3326.31000,BLOCKED:PositionOpen
2025.05.30 06:40:00,SHORT,75,3297.38000,BLOCKED:PositionOpen
2025.05.30 06:45:00,SHORT,62,3293.76000,BLOCKED:PositionOpen
2025.05.30 06:50:00,SHORT,75,3291.68000,BLOCKED:PositionOpen
2025.05.30 07:00:00,SHORT,71,3294.50000,BLOCKED:PositionOpen
2025.05.30 07:55:00,SHORT,27,3294.10000,BLOCKED:PositionOpen
2025.05.30 08:05:00,SHORT,59,3294.06000,BLOCKED:PositionOpen
2025.05.30 08:10:00,SHORT,54,3292.44000,BLOCKED:PositionOpen
2025.05.30 10:35:00,SHORT,68,3294.99000,BLOCKED:PositionOpen
2025.05.30 17:50:00,SHORT,80,3277.33000,BLOCKED:PositionOpen
2025.05.30 18:05:00,SHORT,55,3279.97000,BLOCKED:PositionOpen
2025.06.02 02:35:00,LONG,60,3312.76000,BLOCKED:PositionOpen
2025.06.02 03:05:00,LONG,75,3311.99000,BLOCKED:PositionOpen
2025.06.02 03:20:00,LONG,46,3313.53000,BLOCKED:PositionOpen
2025.06.02 08:15:00,LONG,62,3318.89000,BLOCKED:PositionOpen
2025.06.02 08:35:00,LONG,61,3318.72000,BLOCKED:PositionOpen
2025.06.02 08:40:00,LONG,58,3319.60000,BLOCKED:PositionOpen
2025.06.02 08:45:00,LONG,65,3322.80000,BLOCKED:PositionOpen
2025.06.02 08:50:00,LONG,35,3322.85000,BLOCKED:PositionOpen
2025.06.02 08:55:00,LONG,59,3323.66000,BLOCKED:PositionOpen
2025.06.02 09:05:00,LONG,60,3326.35000,BLOCKED:PositionOpen
2025.06.02 09:15:00,LONG,32,3328.19000,BLOCKED:PositionOpen
2025.06.02 09:20:00,LONG,60,3334.12000,BLOCKED:PositionOpen
2025.06.02 09:25:00,LONG,44,3335.00000,BLOCKED:PositionOpen
2025.06.02 09:30:00,LONG,53,3337.76000,BLOCKED:PositionOpen
2025.06.02 09:40:00,LONG,66,3339.42000,BLOCKED:PositionOpen
2025.06.02 10:00:00,LONG,53,3344.63000,BLOCKED:PositionOpen
2025.06.02 10:10:00,LONG,74,3348.63000,BLOCKED:PositionOpen
2025.06.02 10:15:00,LONG,63,3351.35000,BLOCKED:PositionOpen
2025.06.02 10:20:00,LONG,80,3356.29000,BLOCKED:PositionOpen
2025.06.02 10:25:00,LONG,26,3356.57000,BLOCKED:PositionOpen
2025.06.02 10:35:00,LONG,62,3356.62000,BLOCKED:PositionOpen
2025.06.02 11:00:00,LONG,58,3352.70000,BLOCKED:PositionOpen
2025.06.02 11:05:00,LONG,80,3355.63000,BLOCKED:PositionOpen
2025.06.02 11:40:00,LONG,80,3354.30000,BLOCKED:PositionOpen
2025.06.02 14:15:00,LONG,36,3349.44000,BLOCKED:PositionOpen
2025.06.02 15:25:00,LONG,73,3362.36000,BLOCKED:PositionOpen
2025.06.02 18:10:00,LONG,56,3377.44000,BLOCKED:PositionOpen
2025.06.02 18:20:00,LONG,80,3376.46000,BLOCKED:PositionOpen
2025.06.02 23:05:00,LONG,25,3381.92000,OK
2025.06.02 23:20:00,LONG,68,3381.59000,OK
2025.06.02 23:40:00,LONG,43,3380.57000,OK
2025.06.03 02:10:00,LONG,32,3389.25000,OK
2025.06.03 02:20:00,LONG,40,3389.88000,BLOCKED:PositionOpen
2025.06.03 11:50:00,LONG,80,3361.96000,BLOCKED:DailyQuota
2025.06.03 11:55:00,LONG,66,3362.66000,BLOCKED:DailyQuota
2025.06.03 21:25:00,LONG,43,3352.56000,BLOCKED:DailyQuota
2025.06.03 21:30:00,LONG,52,3352.66000,BLOCKED:DailyQuota
2025.06.03 21:40:00,LONG,44,3352.33000,BLOCKED:DailyQuota
2025.06.04 01:35:00,LONG,42,3358.02000,OK
2025.06.04 02:35:00,LONG,45,3358.85000,BLOCKED:PositionOpen
2025.06.04 05:45:00,LONG,63,3366.24000,BLOCKED:DailyQuota
2025.06.04 05:55:00,LONG,72,3367.35000,BLOCKED:DailyQuota
2025.06.04 10:30:00,LONG,49,3361.57000,BLOCKED:DailyQuota
2025.06.04 12:45:00,LONG,61,3361.88000,BLOCKED:DailyQuota
2025.06.04 13:05:00,LONG,49,3363.38000,BLOCKED:DailyQuota
2025.06.04 16:05:00,LONG,55,3360.23000,BLOCKED:DailyQuota
2025.06.04 16:10:00,LONG,34,3360.74000,BLOCKED:DailyQuota
2025.06.04 17:05:00,LONG,80,3358.44000,BLOCKED:DailyQuota
2025.06.04 17:10:00,LONG,70,3365.11000,BLOCKED:DailyQuota
2025.06.04 18:30:00,LONG,52,3374.44000,BLOCKED:DailyQuota
2025.06.04 18:45:00,LONG,77,3373.64000,BLOCKED:DailyQuota
2025.06.04 18:50:00,LONG,34,3373.79000,BLOCKED:DailyQuota
2025.06.04 20:15:00,LONG,30,3374.92000,BLOCKED:DailyQuota
2025.06.04 20:20:00,LONG,40,3375.54000,BLOCKED:DailyQuota
2025.06.04 20:35:00,LONG,49,3378.95000,BLOCKED:DailyQuota
2025.06.04 20:55:00,LONG,42,3379.91000,BLOCKED:DailyQuota
2025.06.04 21:05:00,LONG,35,3380.03000,BLOCKED:DailyQuota
2025.06.05 02:30:00,LONG,52,3378.80000,OK
2025.06.05 03:15:00,LONG,46,3378.44000,BLOCKED:PositionOpen
2025.06.05 10:35:00,LONG,63,3373.16000,BLOCKED:DailyQuota
2025.06.05 11:25:00,LONG,39,3373.32000,BLOCKED:DailyQuota
2025.06.05 11:40:00,LONG,78,3373.66000,BLOCKED:DailyQuota
2025.06.05 11:45:00,LONG,58,3375.45000,BLOCKED:DailyQuota
2025.06.05 12:25:00,LONG,54,3383.44000,BLOCKED:DailyQuota
2025.06.05 12:50:00,LONG,61,3387.87000,BLOCKED:DailyQuota
2025.06.05 12:55:00,LONG,65,3389.49000,BLOCKED:DailyQuota
2025.06.05 13:10:00,LONG,56,3392.74000,BLOCKED:DailyQuota
2025.06.05 13:20:00,LONG,33,3391.55000,BLOCKED:DailyQuota
2025.06.05 13:45:00,LONG,66,3398.42000,BLOCKED:DailyQuota
2025.06.05 13:55:00,LONG,70,3398.57000,BLOCKED:DailyQuota
2025.06.05 14:00:00,LONG,77,3399.77000,BLOCKED:DailyQuota
2025.06.05 14:10:00,LONG,61,3401.84000,BLOCKED:DailyQuota
2025.06.05 14:15:00,LONG,61,3402.85000,BLOCKED:DailyQuota
2025.06.05 14:45:00,LONG,49,3395.01000,BLOCKED:DailyQuota
2025.06.05 22:55:00,LONG,64,3358.26000,BLOCKED:DailyQuota
2025.06.06 02:40:00,LONG,49,3359.32000,OK
2025.06.06 02:50:00,LONG,70,3361.62000,BLOCKED:PositionOpen
2025.06.06 03:15:00,LONG,43,3363.97000,BLOCKED:PositionOpen
2025.06.06 05:45:00,LONG,68,3364.10000,BLOCKED:PositionOpen
2025.06.06 07:50:00,LONG,71,3373.93000,BLOCKED:DailyQuota
2025.06.06 08:00:00,LONG,69,3373.82000,BLOCKED:DailyQuota
2025.06.06 08:05:00,LONG,77,3374.91000,BLOCKED:DailyQuota
2025.06.06 14:30:00,LONG,52,3361.08000,BLOCKED:DailyQuota
2025.06.06 14:35:00,LONG,52,3364.04000,BLOCKED:DailyQuota
2025.06.06 17:10:00,SHORT,77,3338.17000,BLOCKED:DailyQuota
2025.06.06 17:55:00,SHORT,77,3326.49000,BLOCKED:DailyQuota
2025.06.06 18:15:00,SHORT,77,3323.93000,BLOCKED:DailyQuota
2025.06.06 20:20:00,SHORT,70,3324.66000,BLOCKED:DailyQuota
2025.06.06 20:25:00,SHORT,63,3323.65000,BLOCKED:DailyQuota
2025.06.06 20:35:00,SHORT,55,3323.52000,BLOCKED:DailyQuota
2025.06.06 20:55:00,SHORT,49,3323.29000,BLOCKED:DailyQuota
2025.06.06 21:05:00,SHORT,71,3321.37000,BLOCKED:DailyQuota
2025.06.06 21:50:00,SHORT,48,3316.59000,BLOCKED:DailyQuota
2025.06.06 22:35:00,SHORT,36,3314.55000,BLOCKED:DailyQuota
2025.06.06 22:50:00,SHORT,45,3313.47000,BLOCKED:DailyQuota
2025.06.06 23:15:00,SHORT,27,3307.43000,BLOCKED:DailyQuota
2025.06.06 23:45:00,SHORT,45,3311.07000,BLOCKED:DailyQuota
2025.06.09 04:40:00,SHORT,69,3303.86000,OK
2025.06.09 05:45:00,SHORT,25,3302.51000,BLOCKED:PositionOpen
2025.06.09 12:00:00,SHORT,72,3319.90000,BLOCKED:DailyQuota
2025.06.09 12:25:00,SHORT,72,3316.85000,BLOCKED:DailyQuota
2025.06.09 13:20:00,SHORT,63,3317.65000,BLOCKED:DailyQuota
2025.06.09 13:25:00,SHORT,54,3316.48000,BLOCKED:DailyQuota
2025.06.09 13:55:00,SHORT,55,3312.68000,BLOCKED:DailyQuota
2025.06.09 19:50:00,LONG,60,3336.65000,BLOCKED:DailyQuota
2025.06.09 19:55:00,LONG,77,3337.48000,BLOCKED:DailyQuota
2025.06.09 20:00:00,LONG,56,3338.19000,BLOCKED:DailyQuota
2025.06.09 20:45:00,LONG,55,3335.80000,BLOCKED:DailyQuota
2025.06.09 23:10:00,SHORT,32,3328.44000,BLOCKED:DailyQuota
2025.06.09 23:15:00,SHORT,62,3326.92000,BLOCKED:DailyQuota
2025.06.09 23:55:00,SHORT,33,3325.74000,BLOCKED:DailyQuota
2025.06.10 01:00:00,SHORT,38,3325.86000,OK
2025.06.10 01:05:00,SHORT,68,3324.27000,BLOCKED:PositionOpen
2025.06.10 01:10:00,SHORT,33,3323.95000,BLOCKED:PositionOpen
2025.06.10 01:30:00,SHORT,40,3325.10000,BLOCKED:PositionOpen
2025.06.10 01:45:00,SHORT,54,3322.14000,BLOCKED:PositionOpen
2025.06.10 04:35:00,SHORT,59,3307.64000,BLOCKED:DailyQuota
2025.06.10 05:05:00,SHORT,39,3305.24000,BLOCKED:DailyQuota
2025.06.10 05:45:00,SHORT,72,3305.07000,BLOCKED:DailyQuota
2025.06.10 13:25:00,LONG,62,3333.72000,BLOCKED:DailyQuota
2025.06.10 14:30:00,LONG,34,3340.62000,BLOCKED:DailyQuota
2025.06.10 16:55:00,LONG,53,3347.03000,BLOCKED:DailyQuota
2025.06.10 18:25:00,SHORT,75,3323.79000,BLOCKED:DailyQuota
2025.06.10 18:35:00,SHORT,55,3326.38000,BLOCKED:DailyQuota
2025.06.10 18:40:00,SHORT,60,3325.95000,BLOCKED:DailyQuota
2025.06.10 19:00:00,SHORT,62,3326.57000,BLOCKED:DailyQuota
2025.06.10 19:10:00,SHORT,49,3325.35000,BLOCKED:DailyQuota
2025.06.10 19:15:00,SHORT,51,3322.89000,BLOCKED:DailyQuota
2025.06.10 19:20:00,SHORT,49,3322.19000,BLOCKED:DailyQuota
2025.06.10 19:25:00,SHORT,66,3321.68000,BLOCKED:DailyQuota
2025.06.10 20:15:00,SHORT,57,3322.40000,BLOCKED:DailyQuota
2025.06.11 01:15:00,SHORT,51,3321.93000,OK
2025.06.11 01:30:00,SHORT,62,3322.02000,BLOCKED:PositionOpen
2025.06.11 04:15:00,LONG,72,3334.19000,BLOCKED:DailyQuota
2025.06.11 04:40:00,LONG,26,3335.46000,BLOCKED:DailyQuota
2025.06.11 06:45:00,LONG,57,3341.23000,BLOCKED:DailyQuota
2025.06.11 07:10:00,LONG,47,3340.80000,BLOCKED:DailyQuota
2025.06.11 07:15:00,LONG,60,3342.89000,BLOCKED:DailyQuota
2025.06.11 07:50:00,LONG,44,3342.24000,BLOCKED:DailyQuota
2025.06.11 11:05:00,LONG,38,3345.82000,BLOCKED:DailyQuota
2025.06.11 13:30:00,SHORT,47,3331.90000,BLOCKED:DailyQuota
2025.06.11 13:40:00,SHORT,54,3332.95000,BLOCKED:DailyQuota
2025.06.11 13:55:00,SHORT,47,3330.87000,BLOCKED:DailyQuota
2025.06.11 14:00:00,SHORT,48,3329.88000,BLOCKED:DailyQuota
2025.06.11 14:05:00,SHORT,64,3327.11000,BLOCKED:DailyQuota
2025.06.11 17:15:00,SHORT,75,3331.86000,BLOCKED:DailyQuota
2025.06.11 18:40:00,LONG,74,3339.04000,BLOCKED:DailyQuota
2025.06.11 20:00:00,SHORT,66,3330.25000,BLOCKED:DailyQuota
2025.06.11 20:15:00,SHORT,51,3327.10000,BLOCKED:DailyQuota
2025.06.11 20:20:00,SHORT,77,3326.01000,BLOCKED:DailyQuota
2025.06.11 20:25:00,SHORT,48,3325.62000,BLOCKED:DailyQuota
2025.06.11 20:40:00,SHORT,49,3321.02000,BLOCKED:DailyQuota
2025.06.11 22:20:00,LONG,72,3345.71000,BLOCKED:DailyQuota
2025.06.11 22:30:00,LONG,51,3345.14000,BLOCKED:DailyQuota
2025.06.11 22:35:00,LONG,50,3349.24000,BLOCKED:DailyQuota
2025.06.11 22:45:00,LONG,72,3348.65000,BLOCKED:DailyQuota
2025.06.11 23:25:00,LONG,56,3349.05000,BLOCKED:DailyQuota
2025.06.11 23:30:00,LONG,51,3353.13000,BLOCKED:DailyQuota
2025.06.11 23:50:00,LONG,54,3353.32000,BLOCKED:DailyQuota
2025.06.12 01:00:00,LONG,51,3356.66000,OK
2025.06.12 01:05:00,LONG,60,3357.96000,BLOCKED:PositionOpen
2025.06.12 01:10:00,LONG,66,3360.17000,BLOCKED:PositionOpen
2025.06.12 01:35:00,LONG,46,3365.44000,BLOCKED:PositionOpen
2025.06.12 01:55:00,LONG,50,3367.49000,BLOCKED:PositionOpen
2025.06.12 02:00:00,LONG,60,3369.07000,BLOCKED:PositionOpen
2025.06.12 02:05:00,LONG,72,3372.16000,BLOCKED:PositionOpen
2025.06.12 02:35:00,LONG,72,3366.59000,BLOCKED:PositionOpen
2025.06.12 02:45:00,LONG,72,3366.09000,BLOCKED:PositionOpen
2025.06.12 04:30:00,LONG,59,3375.57000,BLOCKED:PositionOpen
2025.06.12 05:00:00,LONG,29,3371.18000,BLOCKED:PositionOpen
2025.06.12 05:40:00,LONG,72,3376.60000,BLOCKED:PositionOpen
2025.06.12 05:45:00,LONG,56,3377.19000,BLOCKED:PositionOpen
2025.06.12 06:40:00,LONG,48,3375.24000,BLOCKED:PositionOpen
2025.06.12 12:50:00,LONG,82,3365.41000,BLOCKED:DailyQuota
2025.06.12 12:55:00,LONG,77,3366.94000,BLOCKED:DailyQuota
2025.06.12 14:25:00,LONG,49,3383.61000,BLOCKED:DailyQuota
2025.06.12 14:45:00,LONG,57,3376.93000,BLOCKED:DailyQuota
2025.06.12 14:50:00,LONG,77,3378.16000,BLOCKED:DailyQuota
2025.06.12 16:20:00,LONG,77,3385.69000,BLOCKED:DailyQuota
2025.06.12 16:40:00,LONG,72,3390.30000,BLOCKED:DailyQuota
2025.06.12 16:45:00,LONG,60,3398.58000,BLOCKED:DailyQuota
2025.06.12 17:00:00,LONG,55,3392.09000,BLOCKED:DailyQuota
2025.06.12 22:10:00,LONG,60,3386.06000,BLOCKED:DailyQuota
2025.06.12 22:15:00,LONG,52,3386.58000,BLOCKED:DailyQuota
2025.06.12 22:20:00,LONG,49,3386.58000,BLOCKED:DailyQuota
2025.06.12 22:35:00,LONG,25,3387.14000,BLOCKED:DailyQuota
2025.06.12 22:40:00,LONG,38,3387.41000,BLOCKED:DailyQuota
2025.06.12 23:05:00,LONG,25,3388.59000,BLOCKED:DailyQuota
2025.06.13 03:20:00,LONG,71,3410.59000,OK
2025.06.13 03:25:00,LONG,32,3410.65000,BLOCKED:PositionOpen
2025.06.13 03:50:00,LONG,46,3413.76000,BLOCKED:PositionOpen
2025.06.13 04:20:00,LONG,72,3426.74000,BLOCKED:PositionOpen
2025.06.13 04:30:00,LONG,72,3429.82000,BLOCKED:PositionOpen
2025.06.13 04:45:00,LONG,57,3430.08000,BLOCKED:PositionOpen
2025.06.13 05:25:00,LONG,72,3434.32000,BLOCKED:PositionOpen
2025.06.13 05:40:00,LONG,68,3438.61000,BLOCKED:PositionOpen
2025.06.13 05:55:00,LONG,50,3442.98000,BLOCKED:PositionOpen
2025.06.13 11:50:00,LONG,69,3424.65000,BLOCKED:PositionOpen
2025.06.13 11:55:00,LONG,63,3425.85000,BLOCKED:PositionOpen
2025.06.13 12:35:00,LONG,62,3422.90000,BLOCKED:PositionOpen
2025.06.13 12:40:00,LONG,76,3423.72000,BLOCKED:PositionOpen
2025.06.13 15:30:00,LONG,60,3428.06000,BLOCKED:PositionOpen
2025.06.13 15:40:00,LONG,57,3432.46000,BLOCKED:PositionOpen
2025.06.13 15:55:00,LONG,61,3436.63000,BLOCKED:PositionOpen
2025.06.13 16:00:00,LONG,45,3436.41000,BLOCKED:PositionOpen
2025.06.13 16:05:00,LONG,48,3439.30000,BLOCKED:PositionOpen
2025.06.13 16:15:00,LONG,51,3440.88000,BLOCKED:PositionOpen
2025.06.13 16:30:00,LONG,53,3443.27000,BLOCKED:PositionOpen
2025.06.13 17:00:00,LONG,77,3437.03000,BLOCKED:PositionOpen
2025.06.13 17:10:00,LONG,60,3435.60000,BLOCKED:PositionOpen
2025.06.13 21:00:00,LONG,86,3430.52000,BLOCKED:PositionOpen
2025.06.13 21:05:00,LONG,78,3432.25000,BLOCKED:PositionOpen
2025.06.13 21:10:00,LONG,54,3434.10000,BLOCKED:PositionOpen
2025.06.16 01:50:00,LONG,50,3449.37000,BLOCKED:PositionOpen
2025.06.16 02:15:00,LONG,27,3447.57000,BLOCKED:PositionOpen
2025.06.16 05:40:00,LONG,78,3442.11000,BLOCKED:PositionOpen
2025.06.17 01:50:00,LONG,47,3397.78000,BLOCKED:PositionOpen
2025.06.17 02:30:00,LONG,48,3398.84000,BLOCKED:PositionOpen
2025.06.17 03:10:00,LONG,75,3401.03000,BLOCKED:PositionOpen
2025.06.17 03:15:00,LONG,71,3401.91000,BLOCKED:PositionOpen
2025.06.17 08:30:00,LONG,62,3393.64000,OK
2025.06.17 08:40:00,LONG,71,3392.71000,BLOCKED:PositionOpen
2025.06.17 08:45:00,LONG,39,3392.90000,BLOCKED:PositionOpen
2025.06.17 13:50:00,LONG,53,3396.94000,BLOCKED:DailyQuota
2025.06.17 14:15:00,LONG,43,3398.40000,BLOCKED:DailyQuota
2025.06.17 14:35:00,LONG,64,3394.56000,BLOCKED:DailyQuota
2025.06.17 14:45:00,LONG,58,3396.35000,BLOCKED:DailyQuota
2025.06.17 20:35:00,LONG,77,3390.69000,BLOCKED:DailyQuota
2025.06.17 21:00:00,LONG,72,3390.50000,BLOCKED:DailyQuota
2025.06.17 21:25:00,LONG,65,3391.77000,BLOCKED:DailyQuota
2025.06.17 21:40:00,LONG,27,3390.51000,BLOCKED:DailyQuota
2025.06.18 01:00:00,LONG,49,3390.53000,OK
2025.06.18 02:05:00,LONG,28,3389.32000,BLOCKED:PositionOpen
2025.06.18 02:10:00,LONG,53,3390.22000,BLOCKED:PositionOpen
2025.06.18 07:10:00,LONG,72,3392.57000,BLOCKED:DailyQuota
2025.06.18 07:20:00,LONG,52,3392.99000,BLOCKED:DailyQuota
2025.06.18 07:25:00,LONG,45,3393.98000,BLOCKED:DailyQuota
2025.06.18 07:30:00,LONG,70,3395.19000,BLOCKED:DailyQuota
2025.06.18 07:40:00,LONG,56,3396.36000,BLOCKED:DailyQuota
2025.06.18 07:45:00,LONG,72,3397.62000,BLOCKED:DailyQuota
2025.06.18 15:10:00,LONG,50,3385.29000,BLOCKED:DailyQuota
2025.06.18 15:35:00,LONG,68,3388.81000,BLOCKED:DailyQuota
2025.06.18 16:40:00,LONG,50,3394.83000,BLOCKED:DailyQuota
2025.06.18 16:55:00,LONG,43,3391.41000,BLOCKED:DailyQuota
2025.06.18 19:00:00,LONG,77,3392.87000,BLOCKED:DailyQuota
2025.06.18 19:05:00,LONG,52,3393.03000,BLOCKED:DailyQuota
2025.06.18 22:45:00,SHORT,53,3370.14000,BLOCKED:DailyQuota
2025.06.18 23:00:00,SHORT,33,3366.57000,BLOCKED:DailyQuota
2025.06.18 23:10:00,SHORT,55,3366.57000,BLOCKED:DailyQuota
2025.06.18 23:15:00,SHORT,48,3364.64000,BLOCKED:DailyQuota
2025.06.18 23:30:00,SHORT,51,3365.02000,BLOCKED:DailyQuota
2025.06.18 23:35:00,SHORT,47,3364.48000,BLOCKED:DailyQuota
2025.06.19 04:30:00,LONG,53,3380.16000,OK
2025.06.19 06:30:00,SHORT,72,3371.36000,BLOCKED:DailyQuota
2025.06.19 07:20:00,SHORT,54,3373.10000,BLOCKED:DailyQuota
2025.06.19 09:40:00,SHORT,33,3350.22000,BLOCKED:DailyQuota
2025.06.19 10:15:00,SHORT,62,3355.32000,BLOCKED:DailyQuota
2025.06.19 10:20:00,SHORT,76,3354.36000,BLOCKED:DailyQuota
2025.06.19 10:25:00,SHORT,77,3352.14000,BLOCKED:DailyQuota
2025.06.19 13:45:00,LONG,64,3377.22000,BLOCKED:DailyQuota
2025.06.19 15:20:00,SHORT,33,3365.84000,BLOCKED:DailyQuota
2025.06.19 15:25:00,SHORT,61,3365.68000,BLOCKED:DailyQuota
2025.06.19 15:30:00,SHORT,40,3365.42000,BLOCKED:DailyQuota
2025.06.19 15:40:00,SHORT,64,3367.95000,BLOCKED:DailyQuota
2025.06.19 15:45:00,SHORT,49,3367.16000,BLOCKED:DailyQuota
2025.06.19 16:15:00,SHORT,35,3366.93000,BLOCKED:DailyQuota
2025.06.19 16:25:00,SHORT,65,3365.86000,BLOCKED:DailyQuota
2025.06.19 16:30:00,SHORT,50,3362.92000,BLOCKED:DailyQuota
2025.06.19 16:40:00,SHORT,42,3365.53000,BLOCKED:DailyQuota
2025.06.19 18:30:00,SHORT,72,3367.25000,BLOCKED:DailyQuota
2025.06.20 01:30:00,SHORT,59,3366.41000,OK
2025.06.20 01:35:00,SHORT,49,3364.59000,BLOCKED:PositionOpen
2025.06.20 01:40:00,SHORT,72,3363.22000,BLOCKED:PositionOpen
2025.06.20 04:40:00,SHORT,51,3360.70000,BLOCKED:PositionOpen
2025.06.20 05:35:00,SHORT,55,3354.77000,BLOCKED:PositionOpen
2025.06.20 06:50:00,SHORT,32,3354.43000,BLOCKED:DailyQuota
2025.06.20 09:20:00,SHORT,26,3347.87000,BLOCKED:DailyQuota
2025.06.20 09:25:00,SHORT,61,3344.64000,BLOCKED:DailyQuota
2025.06.20 09:30:00,SHORT,59,3344.10000,BLOCKED:DailyQuota
2025.06.20 14:25:00,SHORT,78,3352.56000,BLOCKED:DailyQuota
2025.06.20 14:55:00,SHORT,49,3348.74000,BLOCKED:DailyQuota
2025.06.20 15:00:00,SHORT,50,3347.28000,BLOCKED:DailyQuota
2025.06.20 15:30:00,SHORT,60,3348.30000,BLOCKED:DailyQuota
2025.06.20 15:35:00,SHORT,59,3346.48000,BLOCKED:DailyQuota
2025.06.20 21:25:00,SHORT,46,3365.55000,BLOCKED:DailyQuota
2025.06.20 21:40:00,SHORT,42,3365.67000,BLOCKED:DailyQuota
2025.06.20 22:00:00,SHORT,41,3366.71000,BLOCKED:DailyQuota
2025.06.23 01:50:00,LONG,50,3380.42000,OK
2025.06.23 01:55:00,LONG,60,3384.32000,BLOCKED:PositionOpen
2025.06.23 03:40:00,SHORT,72,3361.46000,BLOCKED:DailyQuota
2025.06.23 04:20:00,SHORT,66,3361.89000,BLOCKED:DailyQuota
2025.06.23 04:25:00,SHORT,70,3356.11000,BLOCKED:DailyQuota
2025.06.23 04:30:00,SHORT,46,3353.16000,BLOCKED:DailyQuota
2025.06.23 04:50:00,SHORT,59,3356.66000,BLOCKED:DailyQuota
2025.06.23 04:55:00,SHORT,37,3356.24000,BLOCKED:DailyQuota
2025.06.23 08:00:00,SHORT,39,3358.48000,BLOCKED:DailyQuota
2025.06.23 09:10:00,SHORT,53,3355.54000,BLOCKED:DailyQuota
2025.06.23 09:40:00,SHORT,49,3354.32000,BLOCKED:DailyQuota
2025.06.23 09:45:00,SHORT,54,3353.41000,BLOCKED:DailyQuota
2025.06.23 14:15:00,LONG,56,3374.61000,BLOCKED:DailyQuota
2025.06.23 14:20:00,LONG,70,3376.61000,BLOCKED:DailyQuota
2025.06.23 14:45:00,LONG,51,3379.20000,BLOCKED:DailyQuota
2025.06.23 16:00:00,SHORT,58,3360.18000,BLOCKED:DailyQuota
2025.06.23 17:15:00,LONG,77,3375.29000,BLOCKED:DailyQuota
2025.06.23 17:20:00,LONG,63,3378.35000,BLOCKED:DailyQuota
2025.06.23 17:25:00,LONG,56,3380.99000,BLOCKED:DailyQuota
2025.06.23 17:35:00,LONG,48,3381.55000,BLOCKED:DailyQuota
2025.06.23 17:40:00,LONG,55,3381.82000,BLOCKED:DailyQuota
2025.06.23 17:45:00,LONG,68,3384.04000,BLOCKED:DailyQuota
2025.06.23 17:50:00,LONG,48,3384.23000,BLOCKED:DailyQuota
2025.06.23 18:10:00,LONG,43,3385.66000,BLOCKED:DailyQuota
2025.06.23 18:50:00,LONG,77,3388.06000,BLOCKED:DailyQuota
2025.06.23 18:55:00,LONG,77,3389.42000,BLOCKED:DailyQuota
2025.06.23 19:05:00,LONG,34,3387.91000,BLOCKED:DailyQuota
2025.06.23 19:10:00,LONG,62,3389.11000,BLOCKED:DailyQuota
2025.06.23 19:20:00,LONG,77,3390.16000,BLOCKED:DailyQuota
2025.06.23 19:25:00,LONG,50,3391.86000,BLOCKED:DailyQuota
2025.06.24 01:15:00,SHORT,53,3357.63000,OK
2025.06.24 01:20:00,SHORT,71,3352.81000,BLOCKED:PositionOpen
2025.06.24 01:25:00,SHORT,47,3351.41000,BLOCKED:PositionOpen
2025.06.24 01:40:00,SHORT,27,3356.92000,BLOCKED:PositionOpen
2025.06.24 01:55:00,SHORT,53,3357.66000,BLOCKED:PositionOpen
2025.06.24 02:00:00,SHORT,62,3355.53000,BLOCKED:PositionOpen
2025.06.24 02:05:00,SHORT,48,3354.54000,BLOCKED:PositionOpen
2025.06.24 02:15:00,SHORT,58,3354.21000,BLOCKED:PositionOpen
2025.06.24 02:30:00,SHORT,37,3352.25000,BLOCKED:PositionOpen
2025.06.24 02:50:00,SHORT,72,3347.68000,BLOCKED:PositionOpen
2025.06.24 05:25:00,SHORT,50,3346.81000,BLOCKED:PositionOpen
2025.06.24 08:15:00,SHORT,77,3341.90000,BLOCKED:PositionOpen
2025.06.24 08:30:00,SHORT,50,3338.55000,BLOCKED:PositionOpen
2025.06.24 08:45:00,SHORT,67,3332.93000,BLOCKED:PositionOpen
2025.06.24 08:55:00,SHORT,50,3328.48000,BLOCKED:PositionOpen
2025.06.24 09:05:00,SHORT,47,3330.82000,BLOCKED:PositionOpen
2025.06.24 09:25:00,SHORT,49,3323.91000,BLOCKED:PositionOpen
2025.06.24 09:30:00,SHORT,49,3322.69000,BLOCKED:PositionOpen
2025.06.24 09:35:00,SHORT,55,3319.30000,BLOCKED:PositionOpen
2025.06.24 09:45:00,SHORT,77,3317.61000,BLOCKED:PositionOpen
2025.06.24 10:00:00,SHORT,48,3322.73000,BLOCKED:PositionOpen
2025.06.24 10:10:00,SHORT,65,3321.23000,BLOCKED:PositionOpen
2025.06.24 10:20:00,SHORT,67,3320.54000,BLOCKED:PositionOpen
2025.06.24 10:25:00,SHORT,52,3320.19000,BLOCKED:PositionOpen
2025.06.24 10:50:00,SHORT,50,3323.08000,BLOCKED:PositionOpen
2025.06.24 12:55:00,SHORT,71,3318.88000,BLOCKED:PositionOpen
2025.06.24 13:00:00,SHORT,61,3319.33000,BLOCKED:PositionOpen
2025.06.24 16:00:00,SHORT,72,3314.67000,BLOCKED:DailyQuota
2025.06.24 16:05:00,SHORT,75,3313.77000,BLOCKED:DailyQuota
2025.06.24 16:20:00,SHORT,62,3314.58000,BLOCKED:DailyQuota
2025.06.24 16:25:00,SHORT,73,3312.47000,BLOCKED:DailyQuota
2025.06.24 16:35:00,SHORT,56,3308.64000,BLOCKED:DailyQuota
2025.06.24 16:40:00,SHORT,51,3300.31000,BLOCKED:DailyQuota
2025.06.24 16:45:00,SHORT,52,3298.80000,BLOCKED:DailyQuota
2025.06.24 16:50:00,SHORT,70,3297.87000,BLOCKED:DailyQuota
2025.06.24 17:55:00,SHORT,77,3306.76000,BLOCKED:DailyQuota
2025.06.24 18:00:00,SHORT,75,3304.60000,BLOCKED:DailyQuota
2025.06.25 06:40:00,SHORT,72,3328.62000,OK
2025.06.25 06:55:00,SHORT,42,3328.53000,BLOCKED:PositionOpen
2025.06.25 07:55:00,SHORT,48,3328.26000,BLOCKED:PositionOpen
2025.06.25 08:00:00,SHORT,58,3327.44000,BLOCKED:PositionOpen
2025.06.25 12:30:00,SHORT,71,3322.62000,BLOCKED:DailyQuota
2025.06.25 12:45:00,SHORT,36,3323.62000,BLOCKED:DailyQuota
2025.06.25 12:50:00,SHORT,25,3323.58000,BLOCKED:DailyQuota
2025.06.25 13:20:00,SHORT,48,3327.17000,BLOCKED:DailyQuota
2025.06.25 13:25:00,SHORT,69,3325.96000,BLOCKED:DailyQuota
2025.06.26 04:35:00,SHORT,57,3331.02000,OK
2025.06.26 08:00:00,SHORT,66,3333.91000,BLOCKED:DailyQuota
2025.06.26 08:10:00,SHORT,53,3333.51000,BLOCKED:DailyQuota
2025.06.26 08:30:00,SHORT,61,3334.25000,BLOCKED:DailyQuota
2025.06.26 13:40:00,SHORT,77,3340.02000,BLOCKED:DailyQuota
2025.06.26 13:45:00,SHORT,61,3339.45000,BLOCKED:DailyQuota
2025.06.26 17:05:00,SHORT,58,3318.41000,BLOCKED:DailyQuota
2025.06.26 17:25:00,SHORT,77,3316.41000,BLOCKED:DailyQuota
2025.06.26 17:30:00,SHORT,77,3314.11000,BLOCKED:DailyQuota
2025.06.26 22:50:00,SHORT,54,3329.82000,BLOCKED:DailyQuota
2025.06.26 23:25:00,SHORT,57,3329.54000,BLOCKED:DailyQuota
2025.06.26 23:35:00,SHORT,44,3330.29000,BLOCKED:DailyQuota
2025.06.27 01:40:00,SHORT,38,3322.02000,OK
2025.06.27 01:45:00,SHORT,44,3319.87000,BLOCKED:PositionOpen
2025.06.27 02:20:00,SHORT,30,3322.48000,BLOCKED:PositionOpen
2025.06.27 02:30:00,SHORT,62,3321.59000,BLOCKED:PositionOpen
2025.06.27 02:35:00,SHORT,53,3318.62000,BLOCKED:PositionOpen
2025.06.27 02:55:00,SHORT,48,3317.87000,BLOCKED:PositionOpen
2025.06.27 03:40:00,SHORT,29,3313.81000,BLOCKED:PositionOpen
2025.06.27 04:10:00,SHORT,57,3316.93000,BLOCKED:PositionOpen
2025.06.27 06:10:00,SHORT,63,3307.24000,BLOCKED:PositionOpen
2025.06.27 06:15:00,SHORT,47,3304.94000,BLOCKED:PositionOpen
2025.06.27 06:45:00,SHORT,42,3298.98000,BLOCKED:DailyQuota
2025.06.27 06:50:00,SHORT,47,3297.07000,BLOCKED:DailyQuota
2025.06.27 07:00:00,SHORT,72,3294.33000,BLOCKED:DailyQuota
2025.06.27 07:05:00,SHORT,64,3293.64000,BLOCKED:DailyQuota
2025.06.27 07:15:00,SHORT,29,3293.45000,BLOCKED:DailyQuota
2025.06.27 07:30:00,SHORT,43,3294.07000,BLOCKED:DailyQuota
2025.06.27 07:35:00,SHORT,32,3293.95000,BLOCKED:DailyQuota
2025.06.27 07:45:00,SHORT,52,3296.14000,BLOCKED:DailyQuota
2025.06.27 07:50:00,SHORT,54,3295.72000,BLOCKED:DailyQuota
2025.06.27 07:55:00,SHORT,34,3295.33000,BLOCKED:DailyQuota
2025.06.27 08:10:00,SHORT,62,3293.13000,BLOCKED:DailyQuota
2025.06.27 10:25:00,SHORT,61,3284.24000,BLOCKED:DailyQuota
2025.06.27 10:40:00,SHORT,63,3286.02000,BLOCKED:DailyQuota
2025.06.27 11:00:00,SHORT,56,3285.13000,BLOCKED:DailyQuota
2025.06.27 11:40:00,SHORT,52,3284.22000,BLOCKED:DailyQuota
2025.06.27 13:35:00,SHORT,42,3286.89000,BLOCKED:DailyQuota
2025.06.27 15:05:00,SHORT,57,3279.95000,BLOCKED:DailyQuota
2025.06.27 15:45:00,SHORT,77,3271.15000,BLOCKED:DailyQuota
2025.06.27 16:00:00,SHORT,52,3269.98000,BLOCKED:DailyQuota
2025.06.27 16:05:00,SHORT,50,3263.71000,BLOCKED:DailyQuota
2025.06.27 16:15:00,SHORT,55,3262.61000,BLOCKED:DailyQuota
2025.06.27 16:40:00,SHORT,61,3259.63000,BLOCKED:DailyQuota
2025.06.27 22:35:00,SHORT,56,3270.25000,BLOCKED:DailyQuota
2025.06.30 12:05:00,SHORT,60,3287.05000,OK
2025.06.30 12:55:00,SHORT,39,3286.74000,BLOCKED:PositionOpen
2025.06.30 13:05:00,SHORT,42,3287.80000,BLOCKED:PositionOpen
2025.06.30 13:10:00,SHORT,71,3286.08000,BLOCKED:PositionOpen
2025.06.30 13:25:00,SHORT,54,3286.21000,BLOCKED:PositionOpen
2025.06.30 13:30:00,SHORT,35,3286.03000,BLOCKED:PositionOpen
2025.06.30 15:00:00,SHORT,47,3278.13000,BLOCKED:PositionOpen
2025.06.30 15:10:00,SHORT,43,3281.46000,BLOCKED:PositionOpen
2025.06.30 15:15:00,SHORT,50,3281.12000,BLOCKED:PositionOpen
2025.07.01 08:15:00,LONG,60,3328.40000,OK
2025.07.01 08:20:00,LONG,30,3328.76000,BLOCKED:PositionOpen
2025.07.01 09:30:00,LONG,50,3328.34000,BLOCKED:PositionOpen
2025.07.01 09:35:00,LONG,34,3328.66000,BLOCKED:PositionOpen
2025.07.01 09:40:00,LONG,63,3330.34000,BLOCKED:PositionOpen
2025.07.01 09:45:00,LONG,57,3332.28000,BLOCKED:PositionOpen
2025.07.01 09:50:00,LONG,54,3333.44000,BLOCKED:PositionOpen
2025.07.01 11:00:00,LONG,53,3339.66000,BLOCKED:PositionOpen
2025.07.01 11:05:00,LONG,48,3341.67000,BLOCKED:PositionOpen
2025.07.01 11:20:00,LONG,39,3338.45000,BLOCKED:PositionOpen
2025.07.01 11:35:00,LONG,28,3340.17000,BLOCKED:PositionOpen
2025.07.01 11:40:00,LONG,26,3340.40000,BLOCKED:PositionOpen
2025.07.01 12:20:00,LONG,51,3340.58000,BLOCKED:PositionOpen
2025.07.01 12:25:00,LONG,49,3342.84000,BLOCKED:PositionOpen
2025.07.01 12:55:00,LONG,57,3348.03000,BLOCKED:PositionOpen
2025.07.01 13:25:00,LONG,42,3348.05000,BLOCKED:PositionOpen
2025.07.01 13:45:00,LONG,54,3347.77000,BLOCKED:PositionOpen
2025.07.01 13:50:00,LONG,56,3348.72000,BLOCKED:PositionOpen
2025.07.01 13:55:00,LONG,39,3349.07000,BLOCKED:DailyQuota
2025.07.01 14:05:00,LONG,49,3351.81000,BLOCKED:DailyQuota
2025.07.01 14:15:00,LONG,49,3350.97000,BLOCKED:DailyQuota
2025.07.01 15:20:00,LONG,75,3352.93000,BLOCKED:DailyQuota
2025.07.01 15:25:00,LONG,46,3353.82000,BLOCKED:DailyQuota
2025.07.01 23:45:00,LONG,55,3340.40000,BLOCKED:DailyQuota
2025.07.02 06:45:00,LONG,40,3339.80000,OK
2025.07.02 06:50:00,LONG,42,3341.25000,BLOCKED:PositionOpen
2025.07.02 07:05:00,LONG,55,3341.14000,BLOCKED:PositionOpen
2025.07.02 07:20:00,LONG,72,3341.25000,BLOCKED:PositionOpen
2025.07.02 07:40:00,LONG,48,3340.44000,BLOCKED:PositionOpen
2025.07.02 07:55:00,LONG,40,3341.14000,BLOCKED:PositionOpen
2025.07.02 10:10:00,SHORT,75,3329.55000,BLOCKED:PositionOpen
2025.07.02 12:20:00,LONG,85,3337.73000,BLOCKED:DailyQuota
2025.07.02 12:25:00,LONG,80,3338.99000,BLOCKED:DailyQuota
2025.07.02 13:40:00,LONG,59,3344.96000,BLOCKED:DailyQuota
2025.07.02 13:50:00,LONG,51,3344.27000,BLOCKED:DailyQuota
2025.07.02 13:55:00,LONG,40,3344.53000,BLOCKED:DailyQuota
2025.07.02 14:15:00,LONG,26,3345.10000,BLOCKED:DailyQuota
2025.07.02 14:25:00,LONG,66,3344.70000,BLOCKED:DailyQuota
2025.07.02 19:05:00,LONG,55,3344.49000,BLOCKED:DailyQuota
2025.07.02 19:10:00,LONG,48,3346.85000,BLOCKED:DailyQuota
2025.07.02 19:20:00,LONG,72,3347.29000,BLOCKED:DailyQuota
2025.07.02 20:05:00,LONG,61,3349.90000,BLOCKED:DailyQuota
2025.07.02 20:40:00,LONG,66,3348.70000,BLOCKED:DailyQuota
2025.07.02 21:15:00,LONG,72,3351.68000,BLOCKED:DailyQuota
2025.07.02 22:05:00,LONG,44,3356.46000,BLOCKED:DailyQuota
2025.07.02 22:45:00,LONG,40,3356.95000,BLOCKED:DailyQuota
2025.07.02 22:50:00,LONG,38,3357.09000,BLOCKED:DailyQuota
2025.07.02 22:55:00,LONG,34,3357.59000,BLOCKED:DailyQuota
2025.07.02 23:35:00,LONG,65,3359.01000,BLOCKED:DailyQuota
2025.07.03 01:00:00,LONG,32,3358.16000,OK
2025.07.03 01:05:00,LONG,48,3359.12000,BLOCKED:PositionOpen
2025.07.03 01:15:00,LONG,40,3360.55000,BLOCKED:PositionOpen
2025.07.03 15:35:00,SHORT,66,3328.19000,BLOCKED:DailyQuota
2025.07.03 15:40:00,SHORT,67,3319.96000,BLOCKED:DailyQuota
2025.07.03 21:40:00,SHORT,29,3328.87000,BLOCKED:DailyQuota
2025.07.03 21:45:00,SHORT,37,3328.71000,BLOCKED:DailyQuota
2025.07.03 21:55:00,SHORT,33,3329.66000,BLOCKED:DailyQuota
2025.07.03 22:00:00,SHORT,46,3329.03000,BLOCKED:DailyQuota
2025.07.03 22:05:00,SHORT,61,3328.13000,BLOCKED:DailyQuota
2025.07.03 22:10:00,SHORT,66,3327.43000,BLOCKED:DailyQuota
2025.07.04 01:25:00,SHORT,31,3324.73000,OK
2025.07.04 11:15:00,LONG,28,3342.02000,BLOCKED:DailyQuota
2025.07.04 18:35:00,SHORT,74,3331.61000,BLOCKED:DailyQuota
2025.07.07 01:15:00,LONG,29,3338.35000,OK
2025.07.07 01:35:00,LONG,60,3335.98000,BLOCKED:PositionOpen
2025.07.07 02:40:00,SHORT,34,3327.91000,BLOCKED:DailyQuota
2025.07.07 02:45:00,SHORT,44,3327.86000,BLOCKED:DailyQuota
2025.07.07 02:50:00,SHORT,52,3326.57000,BLOCKED:DailyQuota
2025.07.07 03:10:00,SHORT,45,3324.88000,BLOCKED:DailyQuota
2025.07.07 03:20:00,SHORT,57,3324.40000,BLOCKED:DailyQuota
2025.07.07 03:25:00,SHORT,44,3323.39000,BLOCKED:DailyQuota
2025.07.07 04:05:00,SHORT,47,3323.52000,BLOCKED:DailyQuota
2025.07.07 04:10:00,SHORT,58,3317.83000,BLOCKED:DailyQuota
2025.07.07 06:30:00,SHORT,50,3313.02000,BLOCKED:DailyQuota
2025.07.07 06:40:00,SHORT,60,3312.32000,BLOCKED:DailyQuota
2025.07.07 06:45:00,SHORT,45,3310.41000,BLOCKED:DailyQuota
2025.07.07 06:55:00,SHORT,30,3310.33000,BLOCKED:DailyQuota
2025.07.07 08:00:00,SHORT,34,3307.75000,BLOCKED:DailyQuota
2025.07.07 08:05:00,SHORT,31,3307.66000,BLOCKED:DailyQuota
2025.07.07 10:50:00,SHORT,57,3304.11000,BLOCKED:DailyQuota
2025.07.07 10:55:00,SHORT,64,3302.13000,BLOCKED:DailyQuota
2025.07.07 20:10:00,LONG,65,3329.87000,BLOCKED:DailyQuota
2025.07.07 20:55:00,LONG,38,3332.91000,BLOCKED:DailyQuota
2025.07.07 23:25:00,LONG,32,3336.78000,BLOCKED:DailyQuota
2025.07.08 05:50:00,LONG,64,3337.59000,OK
2025.07.08 07:30:00,SHORT,50,3329.62000,BLOCKED:DailyQuota
2025.07.08 07:50:00,SHORT,48,3328.05000,BLOCKED:DailyQuota
2025.07.08 09:30:00,LONG,59,3334.77000,BLOCKED:DailyQuota
2025.07.08 09:40:00,LONG,60,3334.29000,BLOCKED:DailyQuota
2025.07.08 11:45:00,SHORT,48,3326.58000,BLOCKED:DailyQuota
2025.07.08 11:50:00,SHORT,63,3324.39000,BLOCKED:DailyQuota
2025.07.08 12:00:00,SHORT,68,3323.67000,BLOCKED:DailyQuota
2025.07.08 12:30:00,SHORT,44,3324.93000,BLOCKED:DailyQuota
2025.07.08 12:45:00,SHORT,67,3324.08000,BLOCKED:DailyQuota
2025.07.08 12:50:00,SHORT,37,3323.69000,BLOCKED:DailyQuota
2025.07.08 13:15:00,SHORT,38,3323.92000,BLOCKED:DailyQuota
2025.07.08 13:20:00,SHORT,62,3322.30000,BLOCKED:DailyQuota
2025.07.08 13:25:00,SHORT,44,3321.52000,BLOCKED:DailyQuota
2025.07.08 17:15:00,SHORT,63,3306.11000,BLOCKED:DailyQuota
2025.07.08 17:35:00,SHORT,47,3301.52000,BLOCKED:DailyQuota
2025.07.08 17:40:00,SHORT,48,3301.33000,BLOCKED:DailyQuota
2025.07.08 17:45:00,SHORT,49,3297.66000,BLOCKED:DailyQuota
2025.07.08 18:10:00,SHORT,69,3291.60000,BLOCKED:DailyQuota
2025.07.08 18:35:00,SHORT,65,3295.59000,BLOCKED:DailyQuota
2025.07.08 19:00:00,SHORT,56,3298.25000,BLOCKED:DailyQuota
2025.07.08 23:30:00,SHORT,49,3302.19000,BLOCKED:DailyQuota
2025.07.08 23:35:00,SHORT,29,3301.98000,BLOCKED:DailyQuota
2025.07.08 23:40:00,SHORT,49,3301.05000,BLOCKED:DailyQuota
2025.07.09 01:35:00,SHORT,54,3301.49000,OK
2025.07.09 02:45:00,SHORT,42,3298.28000,BLOCKED:PositionOpen
2025.07.09 04:40:00,SHORT,62,3303.78000,BLOCKED:DailyQuota
2025.07.09 04:45:00,SHORT,46,3303.53000,BLOCKED:DailyQuota
2025.07.09 06:20:00,SHORT,64,3290.60000,BLOCKED:DailyQuota
2025.07.09 06:35:00,SHORT,43,3291.32000,BLOCKED:DailyQuota
2025.07.09 12:30:00,SHORT,58,3288.02000,BLOCKED:DailyQuota
2025.07.10 06:25:00,SHORT,47,3318.66000,OK
2025.07.10 06:30:00,SHORT,54,3317.72000,BLOCKED:PositionOpen
2025.07.10 07:20:00,SHORT,50,3316.00000,BLOCKED:PositionOpen
2025.07.10 08:45:00,LONG,63,3323.28000,BLOCKED:DailyQuota
2025.07.10 09:10:00,LONG,59,3322.89000,BLOCKED:DailyQuota
2025.07.10 09:15:00,LONG,62,3324.96000,BLOCKED:DailyQuota
2025.07.10 09:20:00,LONG,68,3326.58000,BLOCKED:DailyQuota
2025.07.10 09:30:00,LONG,40,3324.91000,BLOCKED:DailyQuota
2025.07.10 13:00:00,LONG,54,3326.67000,BLOCKED:DailyQuota
2025.07.10 17:40:00,SHORT,32,3315.02000,BLOCKED:DailyQuota
2025.07.10 17:55:00,SHORT,63,3316.44000,BLOCKED:DailyQuota
2025.07.10 20:30:00,SHORT,62,3317.02000,BLOCKED:DailyQuota
2025.07.10 20:45:00,SHORT,53,3317.18000,BLOCKED:DailyQuota
2025.07.10 23:00:00,LONG,25,3324.95000,BLOCKED:DailyQuota
2025.07.10 23:30:00,LONG,53,3324.48000,BLOCKED:DailyQuota
2025.07.11 03:35:00,LONG,62,3333.04000,OK
2025.07.11 03:40:00,LONG,46,3335.80000,BLOCKED:PositionOpen
2025.07.11 04:30:00,LONG,52,3328.96000,BLOCKED:PositionOpen
2025.07.11 04:35:00,LONG,49,3329.98000,BLOCKED:PositionOpen
2025.07.11 04:40:00,LONG,38,3330.14000,BLOCKED:PositionOpen
2025.07.11 04:45:00,LONG,47,3331.24000,BLOCKED:PositionOpen
2025.07.11 06:05:00,LONG,64,3333.75000,BLOCKED:PositionOpen
2025.07.11 06:45:00,LONG,71,3335.47000,BLOCKED:PositionOpen
2025.07.11 06:50:00,LONG,25,3335.68000,BLOCKED:PositionOpen
2025.07.11 07:05:00,LONG,52,3334.81000,BLOCKED:PositionOpen
2025.07.11 07:15:00,LONG,47,3335.07000,BLOCKED:PositionOpen
2025.07.11 09:25:00,LONG,63,3343.21000,BLOCKED:PositionOpen
2025.07.11 11:40:00,LONG,66,3338.42000,BLOCKED:PositionOpen
2025.07.11 11:50:00,LONG,66,3339.06000,BLOCKED:PositionOpen
2025.07.11 13:40:00,LONG,32,3346.11000,BLOCKED:PositionOpen
2025.07.11 14:05:00,LONG,28,3345.36000,BLOCKED:PositionOpen
2025.07.11 14:15:00,LONG,48,3348.32000,BLOCKED:PositionOpen
2025.07.11 14:30:00,LONG,63,3345.07000,BLOCKED:PositionOpen
2025.07.11 14:35:00,LONG,73,3346.99000,BLOCKED:PositionOpen
2025.07.11 14:40:00,LONG,49,3347.44000,BLOCKED:PositionOpen
2025.07.11 14:45:00,LONG,57,3348.98000,BLOCKED:PositionOpen
2025.07.11 14:50:00,LONG,32,3349.23000,BLOCKED:PositionOpen
2025.07.11 16:05:00,LONG,77,3356.95000,BLOCKED:DailyQuota
2025.07.11 16:55:00,LONG,34,3353.86000,BLOCKED:DailyQuota
2025.07.11 18:05:00,LONG,49,3363.52000,BLOCKED:DailyQuota
2025.07.11 22:15:00,LONG,52,3357.77000,BLOCKED:DailyQuota
2025.07.11 22:30:00,LONG,55,3358.50000,BLOCKED:DailyQuota
2025.07.14 02:10:00,LONG,46,3372.00000,OK
2025.07.14 02:15:00,LONG,37,3372.46000,BLOCKED:PositionOpen
2025.07.14 02:50:00,LONG,65,3368.56000,BLOCKED:PositionOpen
2025.07.14 10:05:00,LONG,77,3370.04000,BLOCKED:PositionOpen
2025.07.14 10:10:00,LONG,48,3371.21000,BLOCKED:PositionOpen
2025.07.14 10:45:00,LONG,26,3371.83000,BLOCKED:PositionOpen
2025.07.14 11:10:00,LONG,31,3371.32000,BLOCKED:PositionOpen
2025.07.14 11:15:00,LONG,75,3372.48000,BLOCKED:PositionOpen
2025.07.14 20:45:00,LONG,66,3351.07000,BLOCKED:DailyQuota
2025.07.14 20:50:00,LONG,54,3351.05000,BLOCKED:DailyQuota
2025.07.15 03:05:00,LONG,64,3346.55000,OK
2025.07.15 03:25:00,LONG,41,3347.88000,BLOCKED:PositionOpen
2025.07.15 03:50:00,LONG,41,3347.65000,BLOCKED:PositionOpen
2025.07.15 04:00:00,LONG,55,3347.57000,BLOCKED:PositionOpen
2025.07.15 04:10:00,LONG,30,3348.43000,BLOCKED:PositionOpen
2025.07.15 06:45:00,LONG,69,3357.58000,BLOCKED:DailyQuota
2025.07.15 07:35:00,LONG,46,3360.56000,BLOCKED:DailyQuota
2025.07.15 08:00:00,LONG,39,3360.39000,BLOCKED:DailyQuota
2025.07.15 08:10:00,LONG,68,3362.88000,BLOCKED:DailyQuota
2025.07.15 08:20:00,LONG,47,3363.28000,BLOCKED:DailyQuota
2025.07.15 08:35:00,LONG,50,3364.57000,BLOCKED:DailyQuota
2025.07.15 08:50:00,LONG,42,3364.29000,BLOCKED:DailyQuota
2025.07.15 13:05:00,LONG,63,3364.91000,BLOCKED:DailyQuota
2025.07.15 19:15:00,SHORT,61,3322.67000,BLOCKED:DailyQuota
2025.07.15 19:20:00,SHORT,26,3322.54000,BLOCKED:DailyQuota
2025.07.15 23:25:00,SHORT,52,3327.96000,BLOCKED:DailyQuota
2025.07.16 01:35:00,SHORT,34,3326.17000,OK
2025.07.16 01:45:00,SHORT,28,3326.39000,BLOCKED:PositionOpen
2025.07.16 01:50:00,SHORT,43,3325.62000,BLOCKED:PositionOpen
2025.07.16 07:35:00,LONG,55,3337.34000,BLOCKED:DailyQuota
2025.07.16 07:50:00,LONG,45,3337.67000,BLOCKED:DailyQuota
2025.07.16 07:55:00,LONG,40,3337.90000,BLOCKED:DailyQuota
2025.07.16 08:00:00,LONG,64,3338.38000,BLOCKED:DailyQuota
2025.07.16 08:10:00,LONG,52,3338.97000,BLOCKED:DailyQuota
2025.07.16 09:05:00,LONG,74,3339.52000,BLOCKED:DailyQuota
2025.07.16 09:10:00,LONG,58,3341.35000,BLOCKED:DailyQuota
2025.07.16 12:25:00,LONG,65,3341.07000,BLOCKED:DailyQuota
2025.07.16 14:25:00,SHORT,46,3334.02000,BLOCKED:DailyQuota
2025.07.16 16:45:00,SHORT,71,3326.96000,BLOCKED:DailyQuota
2025.07.16 16:50:00,SHORT,47,3324.02000,BLOCKED:DailyQuota
2025.07.16 19:10:00,LONG,74,3348.94000,BLOCKED:DailyQuota
2025.07.16 19:15:00,LONG,61,3354.32000,BLOCKED:DailyQuota
2025.07.16 19:30:00,LONG,77,3352.29000,BLOCKED:DailyQuota
2025.07.16 21:35:00,LONG,35,3354.07000,BLOCKED:DailyQuota
2025.07.17 07:55:00,LONG,88,3342.80000,OK
2025.07.17 09:45:00,SHORT,63,3329.11000,BLOCKED:DailyQuota
2025.07.17 10:45:00,SHORT,60,3327.87000,BLOCKED:DailyQuota
2025.07.17 11:40:00,SHORT,36,3331.06000,BLOCKED:DailyQuota
2025.07.17 14:00:00,SHORT,51,3325.68000,BLOCKED:DailyQuota
2025.07.17 15:20:00,SHORT,38,3324.72000,BLOCKED:DailyQuota
2025.07.17 18:30:00,LONG,76,3337.17000,BLOCKED:DailyQuota
2025.07.17 18:45:00,LONG,48,3336.98000,BLOCKED:DailyQuota
2025.07.17 18:50:00,LONG,48,3337.20000,BLOCKED:DailyQuota
2025.07.17 18:55:00,LONG,60,3337.87000,BLOCKED:DailyQuota
2025.07.17 19:10:00,LONG,46,3336.77000,BLOCKED:DailyQuota
2025.07.17 19:15:00,LONG,38,3337.25000,BLOCKED:DailyQuota
2025.07.17 19:25:00,LONG,55,3338.94000,BLOCKED:DailyQuota
2025.07.17 19:55:00,LONG,47,3339.44000,BLOCKED:DailyQuota
2025.07.17 20:05:00,LONG,32,3339.07000,BLOCKED:DailyQuota
2025.07.17 23:10:00,LONG,30,3339.55000,BLOCKED:DailyQuota
2025.07.18 02:35:00,LONG,54,3342.32000,OK
2025.07.18 07:00:00,SHORT,48,3334.56000,BLOCKED:DailyQuota
2025.07.18 07:30:00,SHORT,62,3335.00000,BLOCKED:DailyQuota
2025.07.18 07:35:00,SHORT,25,3334.83000,BLOCKED:DailyQuota
2025.07.18 10:50:00,LONG,60,3348.46000,BLOCKED:DailyQuota
2025.07.18 10:55:00,LONG,41,3349.05000,BLOCKED:DailyQuota
2025.07.18 11:00:00,LONG,53,3349.75000,BLOCKED:DailyQuota
2025.07.18 11:05:00,LONG,31,3350.10000,BLOCKED:DailyQuota
2025.07.18 11:25:00,LONG,59,3347.21000,BLOCKED:DailyQuota
2025.07.18 11:30:00,LONG,53,3348.67000,BLOCKED:DailyQuota
2025.07.18 11:45:00,LONG,59,3349.04000,BLOCKED:DailyQuota
2025.07.18 12:10:00,LONG,77,3352.30000,BLOCKED:DailyQuota
2025.07.18 14:45:00,LONG,62,3356.06000,BLOCKED:DailyQuota
2025.07.18 15:35:00,LONG,46,3359.15000,BLOCKED:DailyQuota
2025.07.18 16:10:00,LONG,57,3359.43000,BLOCKED:DailyQuota
2025.07.18 16:15:00,LONG,49,3360.33000,BLOCKED:DailyQuota
2025.07.21 04:10:00,LONG,50,3357.40000,OK
2025.07.21 04:25:00,LONG,50,3357.82000,BLOCKED:PositionOpen
2025.07.21 04:30:00,LONG,27,3358.26000,BLOCKED:PositionOpen
2025.07.21 04:50:00,LONG,26,3356.87000,BLOCKED:PositionOpen
2025.07.21 09:10:00,LONG,55,3366.70000,BLOCKED:PositionOpen
2025.07.21 09:15:00,LONG,26,3366.90000,BLOCKED:PositionOpen
2025.07.21 09:20:00,LONG,65,3367.96000,BLOCKED:PositionOpen
2025.07.21 09:25:00,LONG,36,3368.33000,BLOCKED:PositionOpen
2025.07.21 09:30:00,LONG,58,3369.91000,BLOCKED:PositionOpen
2025.07.21 09:35:00,LONG,27,3370.22000,BLOCKED:PositionOpen
2025.07.21 09:50:00,LONG,77,3370.51000,BLOCKED:PositionOpen
2025.07.21 14:20:00,LONG,45,3370.54000,BLOCKED:PositionOpen
2025.07.21 15:20:00,LONG,56,3378.45000,BLOCKED:PositionOpen
2025.07.21 15:25:00,LONG,53,3380.73000,BLOCKED:DailyQuota
2025.07.21 15:30:00,LONG,57,3381.84000,BLOCKED:DailyQuota
2025.07.21 15:35:00,LONG,54,3384.16000,BLOCKED:DailyQuota
2025.07.21 15:40:00,LONG,68,3385.23000,BLOCKED:DailyQuota
2025.07.21 15:45:00,LONG,57,3386.11000,BLOCKED:DailyQuota
2025.07.21 15:50:00,LONG,58,3386.77000,BLOCKED:DailyQuota
2025.07.21 15:55:00,LONG,39,3387.23000,BLOCKED:DailyQuota
2025.07.21 16:00:00,LONG,33,3387.56000,BLOCKED:DailyQuota
2025.07.21 16:20:00,LONG,72,3389.33000,BLOCKED:DailyQuota
2025.07.21 16:50:00,LONG,60,3391.50000,BLOCKED:DailyQuota
2025.07.21 17:05:00,LONG,35,3388.71000,BLOCKED:DailyQuota
2025.07.21 17:10:00,LONG,70,3391.71000,BLOCKED:DailyQuota
2025.07.21 17:15:00,LONG,56,3394.67000,BLOCKED:DailyQuota
2025.07.21 18:50:00,LONG,77,3398.85000,BLOCKED:DailyQuota
2025.07.21 22:05:00,LONG,36,3396.03000,BLOCKED:DailyQuota
2025.07.21 22:10:00,LONG,33,3396.42000,BLOCKED:DailyQuota
2025.07.21 22:20:00,LONG,44,3398.64000,BLOCKED:DailyQuota
2025.07.21 22:30:00,LONG,35,3398.41000,BLOCKED:DailyQuota
2025.07.21 22:35:00,LONG,43,3399.66000,BLOCKED:DailyQuota
2025.07.21 23:40:00,LONG,38,3398.07000,BLOCKED:DailyQuota
2025.07.22 06:45:00,LONG,73,3393.14000,OK
2025.07.22 12:10:00,LONG,71,3390.28000,BLOCKED:DailyQuota
2025.07.22 14:15:00,LONG,62,3388.44000,BLOCKED:DailyQuota
2025.07.22 14:30:00,LONG,43,3387.70000,BLOCKED:DailyQuota
2025.07.22 14:35:00,LONG,42,3387.91000,BLOCKED:DailyQuota
2025.07.22 14:40:00,LONG,64,3388.92000,BLOCKED:DailyQuota
2025.07.22 14:55:00,LONG,32,3390.35000,BLOCKED:DailyQuota
2025.07.22 15:00:00,LONG,52,3391.63000,BLOCKED:DailyQuota
2025.07.22 15:45:00,LONG,47,3403.84000,BLOCKED:DailyQuota
2025.07.22 16:10:00,LONG,50,3413.06000,BLOCKED:DailyQuota
2025.07.22 16:20:00,LONG,50,3412.11000,BLOCKED:DailyQuota
2025.07.22 16:25:00,LONG,61,3413.47000,BLOCKED:DailyQuota
2025.07.22 16:30:00,LONG,53,3415.49000,BLOCKED:DailyQuota
2025.07.22 16:35:00,LONG,50,3416.05000,BLOCKED:DailyQuota
2025.07.22 16:40:00,LONG,40,3416.56000,BLOCKED:DailyQuota
2025.07.22 16:45:00,LONG,41,3416.79000,BLOCKED:DailyQuota
2025.07.22 16:50:00,LONG,56,3418.98000,BLOCKED:DailyQuota
2025.07.22 17:10:00,LONG,30,3410.96000,BLOCKED:DailyQuota
2025.07.22 17:15:00,LONG,72,3416.04000,BLOCKED:DailyQuota
2025.07.22 17:20:00,LONG,63,3417.07000,BLOCKED:DailyQuota
2025.07.22 17:30:00,LONG,77,3421.89000,BLOCKED:DailyQuota
2025.07.22 17:35:00,LONG,66,3424.27000,BLOCKED:DailyQuota
2025.07.22 18:40:00,LONG,77,3426.52000,BLOCKED:DailyQuota
2025.07.22 18:50:00,LONG,51,3424.73000,BLOCKED:DailyQuota
2025.07.22 18:55:00,LONG,61,3426.04000,BLOCKED:DailyQuota
2025.07.22 19:10:00,LONG,52,3428.08000,BLOCKED:DailyQuota
2025.07.22 19:25:00,LONG,73,3429.23000,BLOCKED:DailyQuota
2025.07.22 22:40:00,LONG,29,3431.97000,BLOCKED:DailyQuota
2025.07.22 23:25:00,LONG,31,3430.86000,BLOCKED:DailyQuota
2025.07.23 10:30:00,LONG,51,3427.10000,OK
2025.07.23 11:15:00,LONG,67,3425.16000,BLOCKED:PositionOpen
2025.07.23 12:35:00,LONG,31,3431.95000,BLOCKED:PositionOpen
2025.07.23 12:40:00,LONG,37,3432.08000,BLOCKED:PositionOpen
2025.07.23 15:45:00,LONG,69,3426.52000,BLOCKED:PositionOpen
2025.07.24 03:45:00,LONG,67,3391.20000,OK
2025.07.24 03:50:00,LONG,63,3392.04000,BLOCKED:PositionOpen
2025.07.24 03:55:00,LONG,31,3392.11000,BLOCKED:PositionOpen
2025.07.24 10:55:00,SHORT,49,3368.59000,BLOCKED:DailyQuota
2025.07.24 11:00:00,SHORT,44,3367.76000,BLOCKED:DailyQuota
2025.07.24 11:55:00,SHORT,39,3370.71000,BLOCKED:DailyQuota
2025.07.24 12:25:00,SHORT,66,3363.81000,BLOCKED:DailyQuota
2025.07.24 13:35:00,SHORT,60,3363.43000,BLOCKED:DailyQuota
2025.07.24 13:40:00,SHORT,54,3363.00000,BLOCKED:DailyQuota
2025.07.24 15:25:00,SHORT,35,3362.19000,BLOCKED:DailyQuota
2025.07.24 15:30:00,SHORT,30,3362.02000,BLOCKED:DailyQuota
2025.07.24 15:40:00,SHORT,54,3361.79000,BLOCKED:DailyQuota
2025.07.24 15:45:00,SHORT,48,3360.99000,BLOCKED:DailyQuota
2025.07.24 16:15:00,SHORT,43,3358.17000,BLOCKED:DailyQuota
2025.07.24 17:40:00,LONG,77,3376.99000,BLOCKED:DailyQuota
2025.07.24 18:10:00,LONG,46,3372.87000,BLOCKED:DailyQuota
2025.07.24 18:20:00,LONG,77,3372.43000,BLOCKED:DailyQuota
2025.07.24 18:25:00,LONG,49,3374.18000,BLOCKED:DailyQuota
2025.07.24 19:35:00,SHORT,45,3369.82000,BLOCKED:DailyQuota
2025.07.24 20:20:00,SHORT,71,3368.12000,BLOCKED:DailyQuota
2025.07.24 22:50:00,LONG,43,3372.30000,BLOCKED:DailyQuota
2025.07.24 23:20:00,SHORT,29,3369.71000,BLOCKED:DailyQuota
2025.07.24 23:25:00,SHORT,45,3369.28000,BLOCKED:DailyQuota
2025.07.25 01:15:00,SHORT,38,3367.14000,OK
2025.07.25 01:20:00,SHORT,33,3366.70000,BLOCKED:PositionOpen
2025.07.25 01:35:00,SHORT,28,3366.20000,BLOCKED:PositionOpen
2025.07.25 01:55:00,SHORT,36,3367.09000,BLOCKED:PositionOpen
2025.07.25 03:15:00,LONG,55,3370.59000,BLOCKED:PositionOpen
2025.07.25 03:20:00,LONG,55,3371.79000,BLOCKED:PositionOpen
2025.07.25 03:25:00,LONG,31,3372.12000,BLOCKED:PositionOpen
2025.07.25 05:25:00,SHORT,38,3365.11000,BLOCKED:DailyQuota
2025.07.25 05:45:00,SHORT,31,3363.76000,BLOCKED:DailyQuota
2025.07.25 06:35:00,SHORT,32,3361.15000,BLOCKED:DailyQuota
2025.07.25 06:40:00,SHORT,58,3360.55000,BLOCKED:DailyQuota
2025.07.25 07:15:00,SHORT,46,3362.58000,BLOCKED:DailyQuota
2025.07.25 08:55:00,SHORT,32,3356.24000,BLOCKED:DailyQuota
2025.07.25 09:50:00,SHORT,55,3357.84000,BLOCKED:DailyQuota
2025.07.25 12:00:00,SHORT,39,3345.48000,BLOCKED:DailyQuota
2025.07.25 12:10:00,SHORT,77,3344.22000,BLOCKED:DailyQuota
2025.07.25 12:40:00,SHORT,26,3347.92000,BLOCKED:DailyQuota
2025.07.25 12:45:00,SHORT,42,3347.17000,BLOCKED:DailyQuota
2025.07.25 12:50:00,SHORT,29,3346.88000,BLOCKED:DailyQuota
2025.07.25 14:15:00,SHORT,60,3342.20000,BLOCKED:DailyQuota
2025.07.25 14:40:00,SHORT,30,3340.04000,BLOCKED:DailyQuota
2025.07.25 14:55:00,SHORT,48,3341.30000,BLOCKED:DailyQuota
2025.07.25 15:00:00,SHORT,32,3341.02000,BLOCKED:DailyQuota
2025.07.25 15:05:00,SHORT,44,3340.31000,BLOCKED:DailyQuota
2025.07.25 15:15:00,SHORT,36,3342.02000,BLOCKED:DailyQuota
2025.07.25 15:40:00,SHORT,47,3338.21000,BLOCKED:DailyQuota
2025.07.25 15:50:00,SHORT,53,3338.28000,BLOCKED:DailyQuota
2025.07.25 18:15:00,SHORT,76,3332.31000,BLOCKED:DailyQuota
2025.07.25 18:40:00,SHORT,29,3330.13000,BLOCKED:DailyQuota
2025.07.25 18:45:00,SHORT,77,3327.21000,BLOCKED:DailyQuota
2025.07.25 19:00:00,SHORT,39,3327.87000,BLOCKED:DailyQuota
2025.07.25 19:10:00,SHORT,44,3328.48000,BLOCKED:DailyQuota
2025.07.25 19:25:00,SHORT,54,3329.62000,BLOCKED:DailyQuota
2025.07.25 19:55:00,SHORT,75,3328.50000,BLOCKED:DailyQuota
2025.07.28 01:05:00,SHORT,41,3331.05000,OK
2025.07.28 01:25:00,SHORT,35,3332.15000,BLOCKED:PositionOpen
2025.07.28 01:30:00,SHORT,47,3330.65000,BLOCKED:PositionOpen
2025.07.28 01:40:00,SHORT,26,3330.96000,BLOCKED:PositionOpen
2025.07.28 02:30:00,SHORT,60,3333.58000,BLOCKED:PositionOpen
2025.07.28 03:45:00,SHORT,42,3329.52000,BLOCKED:PositionOpen
2025.07.28 03:55:00,SHORT,30,3331.75000,BLOCKED:PositionOpen
2025.07.28 10:40:00,SHORT,72,3335.72000,BLOCKED:DailyQuota
2025.07.28 10:50:00,SHORT,68,3336.32000,BLOCKED:DailyQuota
2025.07.28 10:55:00,SHORT,52,3335.59000,BLOCKED:DailyQuota
2025.07.28 14:00:00,SHORT,72,3335.97000,BLOCKED:DailyQuota
2025.07.28 14:10:00,SHORT,61,3335.85000,BLOCKED:DailyQuota
2025.07.28 14:30:00,SHORT,49,3335.46000,BLOCKED:DailyQuota
2025.07.28 14:40:00,SHORT,39,3335.81000,BLOCKED:DailyQuota
2025.07.28 16:45:00,SHORT,74,3321.99000,BLOCKED:DailyQuota
2025.07.28 16:50:00,SHORT,58,3317.04000,BLOCKED:DailyQuota
2025.07.28 16:55:00,SHORT,52,3306.46000,BLOCKED:DailyQuota
2025.07.28 17:00:00,SHORT,77,3302.29000,BLOCKED:DailyQuota
2025.07.28 17:10:00,SHORT,59,3305.10000,BLOCKED:DailyQuota
2025.07.28 18:00:00,SHORT,67,3307.80000,BLOCKED:DailyQuota
2025.07.28 20:15:00,SHORT,38,3309.81000,BLOCKED:DailyQuota
2025.07.28 20:30:00,SHORT,57,3310.35000,BLOCKED:DailyQuota
2025.07.29 02:20:00,SHORT,43,3313.61000,OK
2025.07.29 02:25:00,SHORT,53,3312.19000,BLOCKED:PositionOpen
2025.07.29 02:30:00,SHORT,42,3311.35000,BLOCKED:PositionOpen
2025.07.29 06:25:00,SHORT,56,3315.24000,BLOCKED:DailyQuota
2025.07.29 06:40:00,SHORT,42,3311.52000,BLOCKED:DailyQuota
2025.07.29 07:25:00,SHORT,54,3311.03000,BLOCKED:DailyQuota
2025.07.29 07:30:00,SHORT,31,3310.64000,BLOCKED:DailyQuota
2025.07.29 14:35:00,SHORT,61,3319.12000,BLOCKED:DailyQuota
2025.07.29 15:20:00,SHORT,66,3318.53000,BLOCKED:DailyQuota
2025.07.29 23:15:00,SHORT,32,3325.40000,BLOCKED:DailyQuota
2025.07.29 23:20:00,SHORT,38,3325.18000,BLOCKED:DailyQuota
2025.07.30 14:35:00,SHORT,58,3328.21000,OK
2025.07.30 14:45:00,SHORT,69,3325.98000,BLOCKED:PositionOpen
2025.07.30 16:40:00,SHORT,60,3304.05000,BLOCKED:DailyQuota
2025.07.30 16:45:00,SHORT,50,3302.95000,BLOCKED:DailyQuota
2025.07.30 17:05:00,SHORT,29,3302.98000,BLOCKED:DailyQuota
2025.07.30 17:20:00,SHORT,57,3305.70000,BLOCKED:DailyQuota
2025.07.30 17:25:00,SHORT,77,3303.37000,BLOCKED:DailyQuota
2025.07.30 17:30:00,SHORT,77,3301.83000,BLOCKED:DailyQuota
2025.07.30 17:50:00,SHORT,52,3304.09000,BLOCKED:DailyQuota
2025.07.30 17:55:00,SHORT,55,3302.67000,BLOCKED:DailyQuota
2025.07.30 18:50:00,SHORT,67,3291.77000,BLOCKED:DailyQuota
2025.07.30 19:30:00,SHORT,58,3295.27000,BLOCKED:DailyQuota
2025.07.30 22:40:00,SHORT,54,3270.16000,BLOCKED:DailyQuota
2025.07.30 23:00:00,SHORT,72,3269.21000,BLOCKED:DailyQuota
2025.07.30 23:15:00,SHORT,72,3273.65000,BLOCKED:DailyQuota
2025.07.30 23:20:00,SHORT,28,3273.68000,BLOCKED:DailyQuota
2025.07.30 23:25:00,SHORT,72,3272.60000,BLOCKED:DailyQuota
2025.07.30 23:30:00,SHORT,60,3269.51000,BLOCKED:DailyQuota
2025.07.31 13:45:00,SHORT,55,3300.87000,OK
2025.07.31 13:55:00,SHORT,75,3296.37000,BLOCKED:PositionOpen
2025.07.31 14:30:00,SHORT,64,3302.23000,BLOCKED:PositionOpen
2025.07.31 17:25:00,SHORT,45,3297.03000,BLOCKED:PositionOpen
2025.07.31 17:35:00,SHORT,47,3293.72000,BLOCKED:PositionOpen
2025.07.31 18:05:00,SHORT,68,3293.87000,BLOCKED:PositionOpen
2025.07.31 18:25:00,SHORT,55,3296.25000,BLOCKED:PositionOpen
2025.07.31 18:30:00,SHORT,38,3295.64000,BLOCKED:PositionOpen
2025.07.31 21:50:00,SHORT,33,3295.35000,BLOCKED:PositionOpen
2025.07.31 23:10:00,SHORT,50,3291.66000,BLOCKED:PositionOpen
2025.07.31 23:50:00,SHORT,67,3290.53000,BLOCKED:PositionOpen
2025.08.01 05:20:00,SHORT,66,3289.73000,BLOCKED:PositionOpen
2025.08.01 05:40:00,SHORT,59,3288.59000,BLOCKED:PositionOpen
2025.08.01 07:50:00,SHORT,72,3290.74000,BLOCKED:PositionOpen
2025.08.01 10:30:00,SHORT,73,3290.90000,BLOCKED:PositionOpen
2025.08.01 10:35:00,SHORT,55,3288.14000,BLOCKED:PositionOpen
2025.08.01 11:05:00,SHORT,65,3286.24000,BLOCKED:PositionOpen
2025.08.01 16:45:00,LONG,67,3347.82000,OK
2025.08.01 17:10:00,LONG,77,3350.08000,BLOCKED:PositionOpen
2025.08.01 17:20:00,LONG,77,3352.76000,BLOCKED:PositionOpen
2025.08.01 21:10:00,LONG,45,3347.97000,BLOCKED:PositionOpen
2025.08.01 21:15:00,LONG,33,3348.47000,BLOCKED:PositionOpen
2025.08.01 21:30:00,LONG,71,3349.56000,BLOCKED:PositionOpen
2025.08.01 22:45:00,LONG,40,3360.36000,BLOCKED:PositionOpen
2025.08.01 23:35:00,LONG,46,3361.59000,BLOCKED:PositionOpen
2025.08.01 23:40:00,LONG,40,3362.15000,BLOCKED:PositionOpen
2025.08.01 23:45:00,LONG,39,3362.81000,BLOCKED:PositionOpen
2025.08.04 01:05:00,LONG,35,3363.11000,BLOCKED:PositionOpen
2025.08.04 01:10:00,LONG,48,3363.62000,BLOCKED:PositionOpen
2025.08.04 06:05:00,LONG,77,3355.86000,BLOCKED:PositionOpen
2025.08.04 06:10:00,LONG,58,3357.14000,BLOCKED:PositionOpen
2025.08.04 06:25:00,LONG,72,3356.41000,BLOCKED:PositionOpen
2025.08.04 06:40:00,LONG,56,3357.12000,BLOCKED:PositionOpen
2025.08.04 06:45:00,LONG,50,3358.02000,BLOCKED:PositionOpen
2025.08.04 06:55:00,LONG,62,3360.54000,BLOCKED:PositionOpen
2025.08.04 07:10:00,LONG,25,3361.13000,BLOCKED:PositionOpen
2025.08.04 07:30:00,LONG,30,3361.07000,BLOCKED:PositionOpen
2025.08.04 08:15:00,LONG,54,3360.03000,BLOCKED:PositionOpen
2025.08.04 12:10:00,LONG,84,3360.92000,BLOCKED:PositionOpen
2025.08.04 12:25:00,LONG,57,3360.80000,BLOCKED:PositionOpen
2025.08.04 12:45:00,LONG,67,3359.44000,BLOCKED:PositionOpen
2025.08.04 15:00:00,LONG,53,3370.43000,BLOCKED:PositionOpen
2025.08.04 17:10:00,LONG,29,3380.60000,BLOCKED:PositionOpen
2025.08.04 17:25:00,LONG,66,3377.08000,BLOCKED:PositionOpen
2025.08.04 17:35:00,LONG,74,3379.48000,BLOCKED:PositionOpen
2025.08.04 21:35:00,LONG,35,3376.54000,BLOCKED:PositionOpen
2025.08.04 22:05:00,LONG,50,3376.48000,BLOCKED:PositionOpen
2025.08.04 22:30:00,LONG,48,3376.68000,BLOCKED:PositionOpen
2025.08.04 22:35:00,LONG,35,3376.91000,BLOCKED:PositionOpen
2025.08.05 03:35:00,LONG,61,3379.41000,BLOCKED:PositionOpen
2025.08.05 04:50:00,LONG,44,3381.40000,BLOCKED:PositionOpen
2025.08.05 05:05:00,LONG,70,3380.17000,BLOCKED:PositionOpen
2025.08.05 11:25:00,LONG,67,3373.79000,BLOCKED:PositionOpen
2025.08.05 11:35:00,LONG,53,3373.43000,BLOCKED:PositionOpen
2025.08.05 16:40:00,LONG,72,3378.38000,BLOCKED:PositionOpen
2025.08.05 16:50:00,LONG,43,3377.54000,BLOCKED:PositionOpen
2025.08.05 17:00:00,LONG,66,3376.64000,BLOCKED:PositionOpen
2025.08.05 17:20:00,LONG,54,3376.85000,BLOCKED:PositionOpen
2025.08.05 17:25:00,LONG,65,3382.29000,BLOCKED:PositionOpen
2025.08.05 17:35:00,LONG,54,3382.17000,BLOCKED:PositionOpen
2025.08.05 17:40:00,LONG,50,3382.85000,BLOCKED:PositionOpen
2025.08.05 17:45:00,LONG,56,3384.36000,BLOCKED:PositionOpen
2025.08.05 17:55:00,LONG,57,3386.28000,BLOCKED:PositionOpen
2025.08.05 18:10:00,LONG,69,3386.87000,BLOCKED:PositionOpen
2025.08.05 18:50:00,LONG,80,3388.91000,BLOCKED:PositionOpen
2025.08.05 18:55:00,LONG,69,3389.67000,BLOCKED:PositionOpen
2025.08.06 03:15:00,LONG,44,3383.11000,BLOCKED:PositionOpen
2025.08.06 03:55:00,LONG,37,3382.97000,BLOCKED:PositionOpen
2025.08.06 16:55:00,LONG,60,3373.07000,BLOCKED:PositionOpen
2025.08.06 17:15:00,LONG,55,3372.08000,BLOCKED:PositionOpen
2025.08.06 17:20:00,LONG,71,3372.91000,BLOCKED:PositionOpen
2025.08.06 17:30:00,LONG,65,3376.65000,BLOCKED:PositionOpen
2025.08.06 18:30:00,LONG,54,3376.85000,BLOCKED:PositionOpen
2025.08.07 04:40:00,LONG,40,3379.39000,BLOCKED:PositionOpen
2025.08.07 04:45:00,LONG,51,3381.86000,BLOCKED:PositionOpen
2025.08.07 05:00:00,LONG,50,3382.49000,BLOCKED:PositionOpen
2025.08.07 05:40:00,LONG,68,3381.12000,BLOCKED:PositionOpen
2025.08.07 07:55:00,LONG,47,3378.86000,BLOCKED:PositionOpen
2025.08.07 10:30:00,LONG,65,3392.29000,BLOCKED:PositionOpen
2025.08.07 10:35:00,LONG,80,3394.63000,BLOCKED:PositionOpen
2025.08.07 10:40:00,LONG,66,3395.70000,BLOCKED:PositionOpen
2025.08.07 10:50:00,LONG,52,3396.48000,BLOCKED:PositionOpen
2025.08.07 11:00:00,LONG,31,3396.55000,BLOCKED:PositionOpen
2025.08.07 16:55:00,LONG,80,3389.96000,BLOCKED:PositionOpen
2025.08.07 19:00:00,LONG,53,3390.38000,BLOCKED:PositionOpen
2025.08.07 19:05:00,LONG,52,3391.58000,BLOCKED:PositionOpen
2025.08.07 19:10:00,LONG,65,3392.15000,BLOCKED:PositionOpen
2025.08.07 23:40:00,LONG,54,3401.68000,BLOCKED:PositionOpen
2025.08.08 06:35:00,LONG,58,3392.74000,BLOCKED:PositionOpen
2025.08.08 06:40:00,LONG,49,3396.95000,BLOCKED:PositionOpen
2025.08.08 07:50:00,LONG,65,3399.03000,BLOCKED:PositionOpen
2025.08.08 16:10:00,LONG,98,3393.36000,BLOCKED:PositionOpen
2025.08.08 16:40:00,LONG,66,3395.11000,BLOCKED:PositionOpen
2025.08.08 16:55:00,LONG,77,3399.41000,BLOCKED:PositionOpen
2025.08.08 19:10:00,LONG,69,3397.27000,BLOCKED:PositionOpen
2025.08.08 19:25:00,LONG,62,3397.76000,BLOCKED:PositionOpen
2025.08.08 19:30:00,LONG,56,3397.90000,BLOCKED:PositionOpen
2025.08.08 19:45:00,LONG,43,3398.76000,BLOCKED:PositionOpen
2025.08.08 19:50:00,LONG,54,3400.19000,BLOCKED:PositionOpen
2025.08.08 20:30:00,LONG,65,3398.70000,BLOCKED:PositionOpen
2025.08.08 23:00:00,LONG,61,3398.70000,BLOCKED:PositionOpen
2025.08.11 10:00:00,SHORT,53,3365.80000,BLOCKED:PositionOpen
2025.08.11 10:05:00,SHORT,66,3362.57000,BLOCKED:PositionOpen
2025.08.11 10:35:00,SHORT,73,3361.91000,BLOCKED:PositionOpen
2025.08.11 10:40:00,SHORT,80,3359.94000,BLOCKED:PositionOpen
2025.08.11 10:50:00,SHORT,58,3358.67000,BLOCKED:PositionOpen
2025.08.11 10:55:00,SHORT,61,3357.69000,BLOCKED:PositionOpen
2025.08.11 11:15:00,SHORT,59,3359.05000,BLOCKED:PositionOpen
2025.08.11 15:15:00,SHORT,74,3353.79000,BLOCKED:PositionOpen
2025.08.11 15:20:00,SHORT,38,3353.32000,BLOCKED:PositionOpen
2025.08.11 15:30:00,SHORT,63,3348.25000,BLOCKED:PositionOpen
2025.08.11 18:40:00,SHORT,44,3351.11000,BLOCKED:PositionOpen
2025.08.11 18:55:00,SHORT,41,3349.31000,BLOCKED:PositionOpen
2025.08.11 20:15:00,SHORT,38,3343.15000,BLOCKED:PositionOpen
2025.08.11 20:20:00,SHORT,38,3342.99000,BLOCKED:PositionOpen
2025.08.11 23:40:00,SHORT,66,3347.55000,BLOCKED:PositionOpen
2025.08.11 23:45:00,SHORT,48,3346.99000,BLOCKED:PositionOpen
2025.08.11 23:50:00,SHORT,46,3343.87000,BLOCKED:PositionOpen
2025.08.12 01:35:00,SHORT,53,3343.46000,BLOCKED:PositionOpen
2025.08.12 01:40:00,SHORT,46,3342.89000,BLOCKED:PositionOpen
2025.08.12 02:10:00,SHORT,52,3346.79000,BLOCKED:PositionOpen
2025.08.12 12:25:00,SHORT,78,3349.49000,BLOCKED:PositionOpen
2025.08.12 12:40:00,SHORT,56,3348.26000,BLOCKED:PositionOpen
2025.08.12 12:50:00,SHORT,70,3346.39000,BLOCKED:PositionOpen
2025.08.12 12:55:00,SHORT,31,3346.22000,BLOCKED:PositionOpen
2025.08.12 13:00:00,SHORT,64,3345.48000,BLOCKED:PositionOpen
2025.08.12 15:10:00,SHORT,74,3345.49000,BLOCKED:PositionOpen
2025.08.12 22:55:00,SHORT,68,3347.16000,BLOCKED:PositionOpen
2025.08.13 03:05:00,SHORT,65,3349.48000,BLOCKED:PositionOpen
2025.08.13 04:20:00,SHORT,71,3347.29000,BLOCKED:PositionOpen
2025.08.13 04:25:00,SHORT,47,3343.40000,BLOCKED:PositionOpen
2025.08.13 12:40:00,LONG,31,3363.70000,BLOCKED:PositionOpen
2025.08.13 13:05:00,LONG,26,3364.77000,BLOCKED:PositionOpen
2025.08.13 13:15:00,LONG,53,3364.12000,BLOCKED:PositionOpen
2025.08.13 13:35:00,LONG,50,3365.99000,BLOCKED:PositionOpen
2025.08.13 13:50:00,LONG,49,3366.59000,BLOCKED:PositionOpen
2025.08.13 15:30:00,SHORT,61,3358.71000,BLOCKED:PositionOpen
2025.08.13 15:45:00,SHORT,60,3358.44000,BLOCKED:PositionOpen
2025.08.13 18:00:00,LONG,80,3363.41000,BLOCKED:PositionOpen
2025.08.13 18:45:00,SHORT,58,3355.27000,BLOCKED:PositionOpen
2025.08.13 18:55:00,SHORT,42,3356.65000,BLOCKED:PositionOpen
2025.08.13 19:30:00,SHORT,43,3359.66000,BLOCKED:PositionOpen
2025.08.13 19:40:00,SHORT,78,3357.93000,BLOCKED:PositionOpen
2025.08.13 21:15:00,SHORT,58,3353.15000,BLOCKED:PositionOpen
2025.08.13 22:00:00,SHORT,54,3353.71000,BLOCKED:PositionOpen
2025.08.13 22:05:00,SHORT,53,3352.96000,BLOCKED:PositionOpen
2025.08.13 22:10:00,SHORT,60,3352.59000,BLOCKED:PositionOpen
2025.08.14 02:40:00,LONG,58,3362.67000,BLOCKED:PositionOpen
2025.08.14 03:10:00,LONG,52,3367.22000,BLOCKED:PositionOpen
2025.08.14 03:15:00,LONG,41,3368.09000,BLOCKED:PositionOpen
2025.08.14 03:20:00,LONG,46,3369.27000,BLOCKED:PositionOpen
2025.08.14 03:30:00,LONG,45,3373.14000,BLOCKED:PositionOpen
2025.08.14 03:40:00,LONG,46,3371.96000,BLOCKED:PositionOpen
2025.08.14 04:10:00,LONG,52,3369.56000,BLOCKED:PositionOpen
2025.08.14 06:30:00,SHORT,63,3357.44000,BLOCKED:PositionOpen
2025.08.14 06:55:00,SHORT,29,3357.84000,BLOCKED:PositionOpen
2025.08.14 07:20:00,SHORT,40,3360.17000,BLOCKED:PositionOpen
2025.08.14 07:35:00,SHORT,65,3359.04000,BLOCKED:PositionOpen
2025.08.14 09:20:00,SHORT,49,3358.73000,BLOCKED:PositionOpen
2025.08.14 11:40:00,SHORT,58,3345.83000,BLOCKED:PositionOpen
2025.08.14 16:50:00,SHORT,76,3346.65000,BLOCKED:PositionOpen
2025.08.14 18:00:00,SHORT,70,3340.67000,BLOCKED:PositionOpen
2025.08.14 18:25:00,SHORT,65,3336.62000,BLOCKED:PositionOpen
2025.08.14 19:10:00,SHORT,64,3337.32000,BLOCKED:PositionOpen
2025.08.14 19:15:00,SHORT,76,3334.37000,BLOCKED:PositionOpen
2025.08.14 19:20:00,SHORT,63,3333.42000,BLOCKED:PositionOpen
2025.08.14 20:30:00,SHORT,67,3337.04000,BLOCKED:PositionOpen
2025.08.15 01:05:00,SHORT,32,3336.51000,BLOCKED:PositionOpen
2025.08.15 01:20:00,SHORT,56,3333.76000,BLOCKED:PositionOpen
2025.08.15 01:35:00,SHORT,36,3333.74000,BLOCKED:PositionOpen
2025.08.15 01:45:00,SHORT,48,3333.81000,BLOCKED:PositionOpen
2025.08.15 01:50:00,SHORT,55,3333.14000,BLOCKED:PositionOpen
2025.08.15 09:45:00,SHORT,86,3341.89000,BLOCKED:PositionOpen
2025.08.15 14:00:00,SHORT,29,3337.68000,BLOCKED:PositionOpen
2025.08.15 14:10:00,SHORT,67,3338.14000,BLOCKED:PositionOpen
2025.08.15 20:10:00,SHORT,51,3335.13000,BLOCKED:PositionOpen
2025.08.15 20:30:00,SHORT,50,3336.42000,BLOCKED:PositionOpen
2025.08.15 20:35:00,SHORT,40,3336.06000,BLOCKED:PositionOpen
2025.08.15 20:45:00,SHORT,34,3336.69000,BLOCKED:PositionOpen
2025.08.15 20:50:00,SHORT,55,3336.13000,BLOCKED:PositionOpen
2025.08.15 20:55:00,SHORT,46,3335.80000,BLOCKED:PositionOpen
2025.08.18 01:55:00,SHORT,43,3334.21000,BLOCKED:PositionOpen
2025.08.18 02:05:00,SHORT,51,3332.90000,BLOCKED:PositionOpen
2025.08.18 02:20:00,SHORT,48,3324.78000,BLOCKED:PositionOpen
2025.08.18 02:35:00,SHORT,37,3328.53000,BLOCKED:PositionOpen
2025.08.18 02:40:00,SHORT,39,3328.42000,BLOCKED:PositionOpen
2025.08.18 07:40:00,LONG,53,3354.47000,BLOCKED:PositionOpen
2025.08.18 07:50:00,LONG,46,3356.75000,BLOCKED:PositionOpen
2025.08.18 07:55:00,LONG,50,3356.96000,BLOCKED:PositionOpen
2025.08.18 08:00:00,LONG,44,3357.68000,BLOCKED:PositionOpen
2025.08.18 14:15:00,SHORT,45,3348.07000,BLOCKED:PositionOpen
2025.08.18 14:55:00,SHORT,69,3346.13000,BLOCKED:PositionOpen
2025.08.18 15:20:00,SHORT,58,3345.36000,BLOCKED:PositionOpen
2025.08.18 17:30:00,SHORT,60,3335.70000,BLOCKED:PositionOpen
2025.08.18 17:40:00,SHORT,56,3336.50000,BLOCKED:PositionOpen
2025.08.18 17:45:00,SHORT,53,3335.61000,BLOCKED:PositionOpen
2025.08.18 18:05:00,SHORT,53,3332.64000,BLOCKED:PositionOpen
2025.08.18 18:20:00,SHORT,64,3333.88000,BLOCKED:PositionOpen
2025.08.18 19:10:00,SHORT,35,3333.13000,BLOCKED:PositionOpen
2025.08.18 19:20:00,SHORT,55,3332.42000,BLOCKED:PositionOpen
2025.08.18 20:30:00,SHORT,39,3332.58000,BLOCKED:PositionOpen
2025.08.18 22:30:00,SHORT,36,3331.81000,BLOCKED:PositionOpen
2025.08.18 22:45:00,SHORT,54,3331.41000,BLOCKED:PositionOpen
2025.08.19 05:00:00,SHORT,63,3332.89000,BLOCKED:PositionOpen
2025.08.19 15:00:00,SHORT,69,3339.74000,BLOCKED:PositionOpen
2025.08.19 15:45:00,SHORT,35,3335.93000,BLOCKED:PositionOpen
2025.08.19 16:00:00,SHORT,65,3334.84000,BLOCKED:PositionOpen
2025.08.19 16:05:00,SHORT,32,3334.49000,BLOCKED:PositionOpen
2025.08.19 17:00:00,SHORT,65,3334.26000,BLOCKED:PositionOpen
2025.08.19 18:45:00,SHORT,50,3323.09000,BLOCKED:PositionOpen
2025.08.19 18:50:00,SHORT,42,3322.33000,BLOCKED:PositionOpen
2025.08.19 19:10:00,SHORT,80,3322.18000,BLOCKED:PositionOpen
2025.08.19 19:15:00,SHORT,80,3320.96000,BLOCKED:PositionOpen
2025.08.19 19:25:00,SHORT,53,3319.84000,BLOCKED:PositionOpen
2025.08.19 20:15:00,SHORT,35,3317.88000,BLOCKED:PositionOpen
2025.08.19 20:20:00,SHORT,72,3317.02000,BLOCKED:PositionOpen
2025.08.19 20:55:00,SHORT,27,3318.07000,BLOCKED:PositionOpen
2025.08.19 21:00:00,SHORT,57,3317.49000,BLOCKED:PositionOpen
2025.08.19 23:40:00,SHORT,56,3316.45000,BLOCKED:PositionOpen
2025.08.19 23:45:00,SHORT,45,3315.86000,BLOCKED:PositionOpen
2025.08.20 02:45:00,SHORT,43,3315.46000,BLOCKED:PositionOpen
2025.08.20 03:35:00,SHORT,50,3312.98000,BLOCKED:PositionOpen
2025.08.20 16:45:00,LONG,53,3346.98000,BLOCKED:PositionOpen
2025.08.20 17:00:00,LONG,65,3345.07000,BLOCKED:PositionOpen
2025.08.20 20:30:00,LONG,26,3345.78000,BLOCKED:PositionOpen
2025.08.20 20:40:00,LONG,55,3345.96000,BLOCKED:PositionOpen
2025.08.20 20:45:00,LONG,35,3346.27000,BLOCKED:PositionOpen
2025.08.20 20:50:00,LONG,38,3346.47000,BLOCKED:PositionOpen
2025.08.20 23:05:00,LONG,29,3349.01000,BLOCKED:PositionOpen
2025.08.20 23:20:00,LONG,34,3348.04000,BLOCKED:PositionOpen
2025.08.20 23:40:00,LONG,32,3349.03000,BLOCKED:PositionOpen
2025.08.21 03:25:00,SHORT,50,3343.73000,BLOCKED:PositionOpen
2025.08.21 03:35:00,SHORT,45,3343.20000,BLOCKED:PositionOpen
2025.08.21 03:40:00,SHORT,32,3343.02000,BLOCKED:PositionOpen
2025.08.21 03:50:00,SHORT,53,3342.86000,BLOCKED:PositionOpen
2025.08.21 04:05:00,SHORT,25,3342.12000,BLOCKED:PositionOpen
2025.08.21 04:10:00,SHORT,38,3341.43000,BLOCKED:PositionOpen
2025.08.21 08:00:00,SHORT,39,3338.28000,BLOCKED:PositionOpen
2025.08.21 08:10:00,SHORT,46,3337.70000,BLOCKED:PositionOpen
2025.08.21 08:15:00,SHORT,36,3337.33000,BLOCKED:PositionOpen
2025.08.21 08:25:00,SHORT,77,3338.47000,BLOCKED:PositionOpen
2025.08.21 10:30:00,SHORT,45,3337.95000,BLOCKED:PositionOpen
2025.08.21 14:50:00,SHORT,59,3332.59000,BLOCKED:PositionOpen
2025.08.21 15:00:00,SHORT,52,3333.59000,BLOCKED:PositionOpen
2025.08.21 16:30:00,LONG,51,3345.58000,BLOCKED:PositionOpen
2025.08.21 16:35:00,LONG,62,3347.00000,BLOCKED:PositionOpen
2025.08.21 19:20:00,SHORT,71,3341.26000,BLOCKED:PositionOpen
2025.08.21 20:30:00,SHORT,71,3338.58000,BLOCKED:PositionOpen
2025.08.21 20:40:00,SHORT,53,3339.11000,BLOCKED:PositionOpen
2025.08.21 20:55:00,SHORT,46,3338.12000,BLOCKED:PositionOpen
2025.08.22 03:05:00,SHORT,55,3336.95000,BLOCKED:PositionOpen
2025.08.22 03:20:00,SHORT,41,3335.90000,BLOCKED:PositionOpen
2025.08.22 03:30:00,SHORT,42,3337.58000,BLOCKED:PositionOpen
2025.08.22 05:45:00,SHORT,51,3333.91000,BLOCKED:PositionOpen
2025.08.22 05:50:00,SHORT,43,3333.33000,BLOCKED:PositionOpen
2025.08.22 06:00:00,SHORT,35,3334.10000,BLOCKED:PositionOpen
2025.08.22 06:50:00,SHORT,53,3332.98000,BLOCKED:PositionOpen
2025.08.22 07:00:00,SHORT,52,3332.01000,BLOCKED:PositionOpen
2025.08.22 07:15:00,SHORT,25,3331.85000,BLOCKED:PositionOpen
2025.08.22 08:20:00,SHORT,50,3328.27000,BLOCKED:PositionOpen
2025.08.22 08:25:00,SHORT,51,3327.58000,BLOCKED:PositionOpen
2025.08.22 08:35:00,SHORT,34,3329.70000,BLOCKED:PositionOpen
2025.08.22 08:40:00,SHORT,60,3328.75000,BLOCKED:PositionOpen
2025.08.22 15:30:00,SHORT,48,3325.69000,BLOCKED:PositionOpen
2025.08.22 15:35:00,SHORT,54,3323.77000,BLOCKED:PositionOpen
2025.08.22 16:15:00,SHORT,64,3324.82000,BLOCKED:PositionOpen
2025.08.22 17:10:00,LONG,54,3355.52000,BLOCKED:PositionOpen
2025.08.22 17:15:00,LONG,59,3359.12000,BLOCKED:PositionOpen
2025.08.22 17:20:00,LONG,65,3366.80000,BLOCKED:PositionOpen
2025.08.22 17:45:00,LONG,30,3373.53000,BLOCKED:PositionOpen
2025.08.22 17:50:00,LONG,38,3373.96000,BLOCKED:PositionOpen
2025.08.22 17:55:00,LONG,51,3374.17000,BLOCKED:PositionOpen
2025.08.22 18:05:00,LONG,78,3377.12000,BLOCKED:PositionOpen
2025.08.22 18:15:00,LONG,70,3376.61000,BLOCKED:PositionOpen
2025.08.22 18:25:00,LONG,67,3376.85000,BLOCKED:PositionOpen
2025.08.22 18:35:00,LONG,80,3378.68000,BLOCKED:PositionOpen
2025.08.22 18:55:00,LONG,80,3369.94000,BLOCKED:PositionOpen
2025.08.22 20:35:00,LONG,30,3374.04000,BLOCKED:PositionOpen
2025.08.22 20:40:00,LONG,41,3374.44000,BLOCKED:PositionOpen
2025.08.22 21:35:00,LONG,62,3373.90000,BLOCKED:PositionOpen
2025.08.25 06:50:00,LONG,35,3367.89000,BLOCKED:PositionOpen
2025.08.25 07:30:00,LONG,51,3365.80000,BLOCKED:PositionOpen
2025.08.25 14:05:00,LONG,68,3367.27000,BLOCKED:PositionOpen
2025.08.25 14:10:00,LONG,66,3367.60000,BLOCKED:PositionOpen
2025.08.25 14:20:00,LONG,63,3368.02000,BLOCKED:PositionOpen
2025.08.25 17:45:00,LONG,53,3374.34000,BLOCKED:PositionOpen
2025.08.25 18:05:00,LONG,44,3374.42000,BLOCKED:PositionOpen
2025.08.25 18:10:00,LONG,70,3375.25000,BLOCKED:PositionOpen
2025.08.25 18:15:00,LONG,43,3375.53000,BLOCKED:PositionOpen
2025.08.25 18:25:00,LONG,77,3375.04000,BLOCKED:PositionOpen
2025.08.26 04:45:00,LONG,75,3376.21000,BLOCKED:PositionOpen
2025.08.26 07:55:00,LONG,40,3378.79000,BLOCKED:PositionOpen
2025.08.26 08:40:00,LONG,72,3375.27000,BLOCKED:PositionOpen
2025.08.26 15:15:00,LONG,47,3378.15000,BLOCKED:PositionOpen
2025.08.26 15:20:00,LONG,71,3379.15000,BLOCKED:PositionOpen
2025.08.26 15:45:00,LONG,88,3378.39000,BLOCKED:PositionOpen
2025.08.26 18:55:00,LONG,70,3386.02000,BLOCKED:PositionOpen
2025.08.26 19:05:00,LONG,28,3386.89000,BLOCKED:PositionOpen
2025.08.26 19:25:00,LONG,72,3385.59000,BLOCKED:PositionOpen
2025.08.26 19:35:00,LONG,52,3385.59000,BLOCKED:PositionOpen
2025.08.26 19:50:00,LONG,36,3383.66000,BLOCKED:PositionOpen
2025.08.26 22:45:00,LONG,34,3389.08000,BLOCKED:PositionOpen
2025.08.26 22:50:00,LONG,57,3390.62000,BLOCKED:PositionOpen
2025.08.26 23:10:00,LONG,53,3391.06000,BLOCKED:PositionOpen
2025.08.26 23:20:00,LONG,32,3390.56000,BLOCKED:PositionOpen
2025.08.26 23:35:00,LONG,39,3391.05000,BLOCKED:PositionOpen
2025.08.26 23:45:00,LONG,69,3391.25000,BLOCKED:PositionOpen
2025.08.26 23:50:00,LONG,25,3391.46000,BLOCKED:PositionOpen
2025.08.27 09:30:00,LONG,46,3381.15000,BLOCKED:PositionOpen
2025.08.27 11:55:00,LONG,51,3383.94000,BLOCKED:PositionOpen
2025.08.27 12:00:00,LONG,46,3384.70000,BLOCKED:PositionOpen
2025.08.27 12:10:00,LONG,39,3384.93000,BLOCKED:PositionOpen
2025.08.27 18:25:00,LONG,29,3387.90000,BLOCKED:PositionOpen
2025.08.27 18:55:00,LONG,49,3387.22000,BLOCKED:PositionOpen
2025.08.27 19:00:00,LONG,50,3388.36000,BLOCKED:PositionOpen
2025.08.27 19:15:00,LONG,56,3389.10000,BLOCKED:PositionOpen
2025.08.27 19:20:00,LONG,46,3389.70000,BLOCKED:PositionOpen
2025.08.27 19:25:00,LONG,51,3390.71000,BLOCKED:PositionOpen
2025.08.27 19:30:00,LONG,59,3391.22000,BLOCKED:PositionOpen
2025.08.27 19:35:00,LONG,58,3394.13000,BLOCKED:PositionOpen
2025.08.27 19:40:00,LONG,50,3394.97000,BLOCKED:PositionOpen
2025.08.27 20:05:00,LONG,55,3396.57000,BLOCKED:PositionOpen
2025.08.27 20:50:00,LONG,25,3396.17000,BLOCKED:PositionOpen
2025.08.27 23:40:00,LONG,29,3396.61000,BLOCKED:PositionOpen
2025.08.28 07:20:00,LONG,78,3390.85000,BLOCKED:PositionOpen
2025.08.28 10:30:00,LONG,41,3395.29000,BLOCKED:PositionOpen
2025.08.28 10:55:00,LONG,61,3395.48000,BLOCKED:PositionOpen
2025.08.28 11:00:00,LONG,44,3395.69000,BLOCKED:PositionOpen
2025.08.28 11:05:00,LONG,52,3396.98000,BLOCKED:PositionOpen
2025.08.28 12:15:00,LONG,30,3401.25000,BLOCKED:PositionOpen
2025.08.28 12:50:00,LONG,28,3399.54000,BLOCKED:PositionOpen
2025.08.28 12:55:00,LONG,57,3400.39000,BLOCKED:PositionOpen
2025.08.28 15:05:00,LONG,54,3405.72000,BLOCKED:PositionOpen
2025.08.28 15:20:00,LONG,61,3408.22000,BLOCKED:PositionOpen
2025.08.28 17:45:00,LONG,58,3411.95000,BLOCKED:PositionOpen
2025.08.28 17:50:00,LONG,44,3412.11000,BLOCKED:PositionOpen
2025.08.28 18:00:00,LONG,47,3412.38000,BLOCKED:PositionOpen
2025.08.28 18:15:00,LONG,63,3411.77000,BLOCKED:PositionOpen
2025.08.28 20:20:00,LONG,30,3415.88000,BLOCKED:PositionOpen
2025.08.28 20:35:00,LONG,53,3416.09000,BLOCKED:PositionOpen
2025.08.28 20:45:00,LONG,63,3416.27000,BLOCKED:PositionOpen
2025.08.28 20:50:00,LONG,60,3416.69000,BLOCKED:PositionOpen
2025.08.28 20:55:00,LONG,53,3418.63000,BLOCKED:PositionOpen
2025.08.28 22:20:00,LONG,55,3419.84000,BLOCKED:PositionOpen
2025.08.28 22:30:00,LONG,40,3419.64000,BLOCKED:PositionOpen
2025.08.29 10:05:00,LONG,70,3411.98000,BLOCKED:PositionOpen
2025.08.29 15:50:00,LONG,58,3415.45000,BLOCKED:PositionOpen
2025.08.29 15:55:00,LONG,29,3415.79000,BLOCKED:PositionOpen
2025.08.29 16:00:00,LONG,53,3416.90000,BLOCKED:PositionOpen
2025.08.29 16:05:00,LONG,58,3417.57000,BLOCKED:PositionOpen
2025.08.29 16:55:00,LONG,67,3426.53000,BLOCKED:PositionOpen
2025.08.29 17:05:00,LONG,55,3431.58000,BLOCKED:PositionOpen
2025.08.29 17:10:00,LONG,79,3432.60000,BLOCKED:PositionOpen
2025.08.29 17:15:00,LONG,58,3435.24000,BLOCKED:PositionOpen
2025.08.29 17:25:00,LONG,66,3434.53000,BLOCKED:PositionOpen
2025.08.29 17:50:00,LONG,80,3437.72000,BLOCKED:PositionOpen
2025.08.29 18:15:00,LONG,80,3442.40000,BLOCKED:PositionOpen
2025.08.29 18:20:00,LONG,50,3445.05000,BLOCKED:PositionOpen
2025.08.29 18:25:00,LONG,52,3445.13000,BLOCKED:PositionOpen
2025.08.29 18:40:00,LONG,53,3446.12000,BLOCKED:PositionOpen
2025.08.29 18:45:00,LONG,80,3447.37000,BLOCKED:PositionOpen
2025.08.29 18:55:00,LONG,40,3446.63000,BLOCKED:PositionOpen
2025.08.29 19:25:00,LONG,80,3445.64000,BLOCKED:PositionOpen
2025.08.29 19:35:00,LONG,69,3447.41000,BLOCKED:PositionOpen
2025.08.29 19:45:00,LONG,50,3447.09000,BLOCKED:PositionOpen
2025.08.29 19:55:00,LONG,51,3448.03000,BLOCKED:PositionOpen
2025.08.29 22:50:00,LONG,55,3450.42000,OK
2025.08.29 23:40:00,LONG,38,3448.25000,BLOCKED:PositionOpen
2025.08.29 23:45:00,LONG,48,3449.52000,BLOCKED:PositionOpen
2025.09.01 06:25:00,LONG,53,3473.47000,OK
2025.09.01 06:35:00,LONG,72,3474.29000,BLOCKED:PositionOpen
2025.09.01 06:40:00,LONG,53,3475.40000,BLOCKED:PositionOpen
2025.09.01 07:00:00,LONG,60,3474.82000,BLOCKED:PositionOpen
2025.09.01 08:05:00,LONG,73,3476.95000,BLOCKED:PositionOpen
2025.09.01 08:10:00,LONG,50,3477.72000,BLOCKED:PositionOpen
2025.09.01 09:10:00,LONG,65,3480.48000,BLOCKED:PositionOpen
2025.09.01 09:15:00,LONG,61,3482.40000,BLOCKED:PositionOpen
2025.09.01 09:20:00,LONG,37,3483.10000,BLOCKED:PositionOpen
2025.09.01 17:05:00,LONG,59,3475.82000,BLOCKED:PositionOpen
2025.09.01 17:15:00,LONG,52,3478.21000,BLOCKED:PositionOpen
2025.09.01 20:55:00,LONG,34,3478.02000,BLOCKED:PositionOpen
2025.09.01 21:10:00,LONG,53,3477.43000,BLOCKED:PositionOpen
2025.09.02 05:40:00,LONG,75,3494.70000,BLOCKED:PositionOpen
2025.09.02 05:45:00,LONG,75,3498.01000,BLOCKED:PositionOpen
2025.09.02 13:35:00,LONG,81,3481.53000,BLOCKED:PositionOpen
2025.09.02 14:45:00,LONG,89,3484.24000,BLOCKED:PositionOpen
2025.09.02 17:20:00,LONG,80,3499.69000,BLOCKED:PositionOpen
2025.09.02 17:25:00,LONG,70,3500.74000,BLOCKED:PositionOpen
2025.09.02 17:30:00,LONG,55,3502.42000,BLOCKED:PositionOpen
2025.09.02 17:45:00,LONG,60,3510.96000,BLOCKED:PositionOpen
2025.09.02 18:10:00,LONG,80,3515.61000,BLOCKED:PositionOpen
2025.09.02 18:30:00,LONG,72,3513.18000,BLOCKED:PositionOpen
2025.09.02 18:35:00,LONG,64,3513.57000,BLOCKED:PositionOpen
2025.09.02 18:45:00,LONG,80,3514.49000,BLOCKED:PositionOpen
2025.09.02 18:50:00,LONG,80,3517.92000,BLOCKED:PositionOpen
2025.09.02 19:10:00,LONG,80,3523.45000,BLOCKED:PositionOpen
2025.09.02 19:15:00,LONG,80,3526.39000,BLOCKED:PositionOpen
2025.09.02 19:30:00,LONG,71,3524.93000,BLOCKED:PositionOpen
2025.09.02 19:40:00,LONG,53,3528.33000,OK
2025.09.02 19:50:00,LONG,29,3526.38000,BLOCKED:PositionOpen
2025.09.02 19:55:00,LONG,60,3528.29000,BLOCKED:PositionOpen
2025.09.02 20:25:00,LONG,63,3527.68000,BLOCKED:PositionOpen
2025.09.02 20:30:00,LONG,49,3528.25000,BLOCKED:PositionOpen
2025.09.02 20:45:00,LONG,50,3526.74000,BLOCKED:PositionOpen
2025.09.02 21:00:00,LONG,70,3529.55000,BLOCKED:PositionOpen
2025.09.02 21:40:00,LONG,50,3531.41000,BLOCKED:PositionOpen
2025.09.02 22:15:00,LONG,46,3536.00000,BLOCKED:PositionOpen
2025.09.02 23:30:00,LONG,57,3536.61000,BLOCKED:PositionOpen
2025.09.02 23:35:00,LONG,43,3536.69000,BLOCKED:PositionOpen
2025.09.03 04:25:00,LONG,78,3535.75000,BLOCKED:PositionOpen
2025.09.03 04:45:00,LONG,50,3537.62000,BLOCKED:PositionOpen
2025.09.03 08:40:00,LONG,77,3534.71000,BLOCKED:PositionOpen
2025.09.03 10:35:00,LONG,93,3535.54000,BLOCKED:PositionOpen
2025.09.03 12:00:00,LONG,32,3540.22000,BLOCKED:PositionOpen
2025.09.03 12:05:00,LONG,55,3540.39000,BLOCKED:PositionOpen
2025.09.03 12:10:00,LONG,67,3540.98000,BLOCKED:PositionOpen
2025.09.03 15:00:00,LONG,56,3547.75000,BLOCKED:PositionOpen
2025.09.03 15:25:00,LONG,82,3545.15000,BLOCKED:PositionOpen
2025.09.03 15:30:00,LONG,62,3547.25000,BLOCKED:PositionOpen
2025.09.03 15:35:00,LONG,56,3548.64000,BLOCKED:PositionOpen
2025.09.03 17:00:00,LONG,56,3553.94000,BLOCKED:PositionOpen
2025.09.03 17:05:00,LONG,56,3555.79000,BLOCKED:PositionOpen
2025.09.03 17:20:00,LONG,57,3559.10000,BLOCKED:PositionOpen
2025.09.03 17:25:00,LONG,63,3564.90000,BLOCKED:PositionOpen
2025.09.03 18:20:00,LONG,30,3563.57000,BLOCKED:PositionOpen
2025.09.03 18:25:00,LONG,57,3564.19000,BLOCKED:PositionOpen
2025.09.03 18:30:00,LONG,37,3564.61000,BLOCKED:PositionOpen
2025.09.03 18:45:00,LONG,67,3564.07000,OK
2025.09.03 19:30:00,LONG,49,3567.96000,BLOCKED:PositionOpen
2025.09.03 19:40:00,LONG,58,3567.61000,BLOCKED:PositionOpen
2025.09.03 19:45:00,LONG,77,3569.12000,BLOCKED:PositionOpen
2025.09.03 20:45:00,LONG,54,3574.53000,BLOCKED:PositionOpen
2025.09.03 20:55:00,LONG,39,3575.67000,BLOCKED:PositionOpen
2025.09.03 21:05:00,LONG,46,3575.42000,BLOCKED:PositionOpen
2025.09.03 21:15:00,LONG,46,3578.33000,BLOCKED:PositionOpen
2025.09.04 10:40:00,LONG,66,3539.88000,OK
2025.09.04 10:55:00,LONG,41,3539.96000,BLOCKED:PositionOpen
2025.09.04 11:40:00,LONG,54,3541.40000,BLOCKED:PositionOpen
2025.09.04 11:45:00,LONG,48,3542.34000,BLOCKED:PositionOpen
2025.09.04 12:05:00,LONG,74,3543.56000,BLOCKED:PositionOpen
2025.09.04 15:45:00,LONG,31,3545.99000,BLOCKED:PositionOpen
2025.09.04 16:00:00,LONG,77,3548.47000,BLOCKED:PositionOpen
2025.09.04 18:40:00,LONG,55,3548.41000,BLOCKED:PositionOpen
2025.09.04 19:00:00,LONG,61,3553.15000,BLOCKED:PositionOpen
2025.09.04 19:15:00,LONG,51,3553.99000,BLOCKED:PositionOpen
2025.09.04 19:30:00,LONG,56,3553.24000,BLOCKED:PositionOpen
2025.09.04 20:05:00,LONG,74,3553.85000,BLOCKED:PositionOpen
2025.09.04 20:10:00,LONG,64,3555.09000,BLOCKED:PositionOpen
2025.09.04 22:35:00,LONG,33,3549.65000,BLOCKED:PositionOpen
2025.09.04 22:40:00,LONG,51,3550.98000,BLOCKED:PositionOpen
2025.09.04 23:00:00,LONG,49,3550.16000,BLOCKED:PositionOpen
2025.09.04 23:05:00,LONG,37,3550.58000,BLOCKED:PositionOpen
2025.09.05 03:25:00,LONG,53,3552.56000,BLOCKED:PositionOpen
2025.09.05 03:35:00,LONG,48,3554.05000,BLOCKED:PositionOpen
2025.09.05 03:50:00,LONG,36,3552.28000,BLOCKED:PositionOpen
2025.09.05 04:00:00,LONG,55,3552.25000,BLOCKED:PositionOpen
2025.09.05 04:05:00,LONG,48,3554.42000,BLOCKED:PositionOpen
2025.09.05 04:20:00,LONG,50,3554.40000,BLOCKED:PositionOpen
2025.09.05 07:10:00,LONG,55,3558.00000,BLOCKED:PositionOpen
2025.09.05 07:40:00,LONG,46,3558.72000,BLOCKED:PositionOpen
2025.09.05 07:55:00,LONG,42,3558.49000,BLOCKED:PositionOpen
2025.09.05 08:00:00,LONG,34,3558.65000,BLOCKED:PositionOpen
2025.09.05 08:05:00,LONG,68,3560.04000,BLOCKED:PositionOpen
2025.09.05 17:00:00,LONG,55,3594.34000,OK
2025.09.05 17:05:00,LONG,77,3597.25000,BLOCKED:PositionOpen
2025.09.05 19:20:00,LONG,65,3597.98000,BLOCKED:PositionOpen
2025.09.05 19:25:00,LONG,77,3599.39000,BLOCKED:PositionOpen
2025.09.05 21:45:00,LONG,44,3594.57000,BLOCKED:PositionOpen
2025.09.08 06:00:00,LONG,57,3590.86000,BLOCKED:PositionOpen
2025.09.08 08:40:00,LONG,80,3587.39000,BLOCKED:PositionOpen
2025.09.08 09:40:00,LONG,57,3595.10000,BLOCKED:PositionOpen
2025.09.08 10:10:00,LONG,59,3600.49000,BLOCKED:PositionOpen
2025.09.08 10:15:00,LONG,80,3604.76000,BLOCKED:PositionOpen
2025.09.08 10:20:00,LONG,60,3608.46000,BLOCKED:PositionOpen
2025.09.08 10:30:00,LONG,80,3608.96000,BLOCKED:PositionOpen
2025.09.08 10:45:00,LONG,33,3613.26000,BLOCKED:PositionOpen
2025.09.08 11:00:00,LONG,74,3609.66000,BLOCKED:PositionOpen
2025.09.08 11:15:00,LONG,56,3609.10000,BLOCKED:PositionOpen
2025.09.08 11:20:00,LONG,73,3613.01000,BLOCKED:PositionOpen
2025.09.08 11:40:00,LONG,57,3613.42000,BLOCKED:PositionOpen
2025.09.08 11:50:00,LONG,77,3613.69000,BLOCKED:PositionOpen
2025.09.08 12:35:00,LONG,54,3612.20000,BLOCKED:PositionOpen
2025.09.08 12:45:00,LONG,40,3614.51000,BLOCKED:PositionOpen
2025.09.08 14:10:00,LONG,39,3616.07000,BLOCKED:PositionOpen
2025.09.08 14:15:00,LONG,52,3616.24000,BLOCKED:PositionOpen
2025.09.08 14:20:00,LONG,35,3616.73000,BLOCKED:PositionOpen
2025.09.08 14:30:00,LONG,42,3617.03000,BLOCKED:PositionOpen
2025.09.08 17:05:00,LONG,80,3634.78000,BLOCKED:PositionOpen
2025.09.08 17:10:00,LONG,53,3637.23000,BLOCKED:PositionOpen
2025.09.08 18:15:00,LONG,60,3645.62000,BLOCKED:PositionOpen
2025.09.08 19:10:00,LONG,78,3639.54000,BLOCKED:PositionOpen
2025.09.08 19:15:00,LONG,64,3639.84000,BLOCKED:PositionOpen
2025.09.08 22:45:00,LONG,42,3635.90000,BLOCKED:PositionOpen
2025.09.09 03:55:00,LONG,43,3639.91000,BLOCKED:PositionOpen
2025.09.09 04:05:00,LONG,49,3641.19000,BLOCKED:PositionOpen
2025.09.09 04:20:00,LONG,56,3643.09000,BLOCKED:PositionOpen
2025.09.09 04:30:00,LONG,67,3644.69000,BLOCKED:PositionOpen
2025.09.09 04:50:00,LONG,75,3646.81000,BLOCKED:PositionOpen
2025.09.09 06:05:00,LONG,69,3650.39000,BLOCKED:PositionOpen
2025.09.09 06:15:00,LONG,55,3648.52000,BLOCKED:PositionOpen
2025.09.09 08:35:00,LONG,64,3655.95000,BLOCKED:PositionOpen
2025.09.09 08:40:00,LONG,66,3658.04000,BLOCKED:PositionOpen
2025.09.09 12:35:00,LONG,33,3654.06000,BLOCKED:PositionOpen
2025.09.09 12:55:00,LONG,53,3653.85000,BLOCKED:PositionOpen
2025.09.09 13:15:00,LONG,60,3653.89000,BLOCKED:PositionOpen
2025.09.10 06:05:00,LONG,32,3636.54000,BLOCKED:PositionOpen
2025.09.10 06:40:00,LONG,69,3636.08000,BLOCKED:PositionOpen
2025.09.10 07:10:00,LONG,49,3640.81000,BLOCKED:PositionOpen
2025.09.10 07:15:00,LONG,53,3641.32000,BLOCKED:PositionOpen
2025.09.10 07:50:00,LONG,40,3642.89000,BLOCKED:PositionOpen
2025.09.10 07:55:00,LONG,30,3643.34000,BLOCKED:PositionOpen
2025.09.10 08:10:00,LONG,42,3644.21000,BLOCKED:PositionOpen
2025.09.10 08:30:00,LONG,45,3644.37000,BLOCKED:PositionOpen
2025.09.10 08:45:00,LONG,57,3642.13000,BLOCKED:PositionOpen
2025.09.10 10:15:00,LONG,59,3647.09000,BLOCKED:PositionOpen
2025.09.10 13:25:00,LONG,52,3655.64000,BLOCKED:PositionOpen
2025.09.10 13:50:00,LONG,52,3656.44000,BLOCKED:PositionOpen
2025.09.10 13:55:00,LONG,45,3657.20000,BLOCKED:PositionOpen
2025.09.10 14:10:00,LONG,74,3654.60000,BLOCKED:PositionOpen
2025.09.10 17:30:00,LONG,75,3652.66000,BLOCKED:PositionOpen
2025.09.10 21:15:00,LONG,49,3647.52000,BLOCKED:PositionOpen
2025.09.10 21:25:00,LONG,56,3649.47000,BLOCKED:PositionOpen
2025.09.11 02:20:00,LONG,39,3642.08000,BLOCKED:PositionOpen
2025.09.11 02:55:00,LONG,50,3645.38000,BLOCKED:PositionOpen
2025.09.11 03:45:00,LONG,83,3645.62000,BLOCKED:PositionOpen
2025.09.11 04:10:00,LONG,55,3646.11000,BLOCKED:PositionOpen
2025.09.11 04:15:00,LONG,56,3646.43000,BLOCKED:PositionOpen
2025.09.11 18:15:00,LONG,80,3634.08000,BLOCKED:PositionOpen
2025.09.11 18:20:00,LONG,80,3636.72000,BLOCKED:PositionOpen
2025.09.11 19:25:00,LONG,63,3638.68000,BLOCKED:PositionOpen
2025.09.11 19:35:00,LONG,60,3638.03000,BLOCKED:PositionOpen
2025.09.11 23:10:00,LONG,43,3636.71000,BLOCKED:PositionOpen
2025.09.11 23:25:00,LONG,45,3636.28000,BLOCKED:PositionOpen
2025.09.12 05:10:00,LONG,48,3648.72000,BLOCKED:PositionOpen
2025.09.12 05:20:00,LONG,64,3648.55000,BLOCKED:PositionOpen
2025.09.12 05:25:00,LONG,67,3649.65000,BLOCKED:PositionOpen
2025.09.12 05:30:00,LONG,36,3649.95000,BLOCKED:PositionOpen
2025.09.12 05:55:00,LONG,61,3650.05000,BLOCKED:PositionOpen
2025.09.12 06:10:00,LONG,45,3649.23000,BLOCKED:PositionOpen
2025.09.12 06:15:00,LONG,56,3650.19000,BLOCKED:PositionOpen
2025.09.12 06:25:00,LONG,49,3651.57000,BLOCKED:PositionOpen
2025.09.12 06:45:00,LONG,63,3651.39000,BLOCKED:PositionOpen
2025.09.12 07:25:00,LONG,30,3654.17000,BLOCKED:PositionOpen
2025.09.12 07:40:00,LONG,35,3654.73000,BLOCKED:PositionOpen
2025.09.12 07:45:00,LONG,26,3654.77000,BLOCKED:PositionOpen
2025.09.12 07:50:00,LONG,64,3655.72000,BLOCKED:PositionOpen
2025.09.12 08:00:00,LONG,34,3655.05000,BLOCKED:PositionOpen
2025.09.12 08:45:00,LONG,53,3655.01000,BLOCKED:PositionOpen
2025.09.12 13:50:00,LONG,61,3650.06000,BLOCKED:PositionOpen
2025.09.12 13:55:00,LONG,82,3651.56000,BLOCKED:PositionOpen
2025.09.12 14:20:00,LONG,60,3650.14000,BLOCKED:PositionOpen
2025.09.12 17:25:00,LONG,72,3654.01000,BLOCKED:PositionOpen
2025.09.12 19:50:00,LONG,67,3648.34000,BLOCKED:PositionOpen
2025.09.12 20:05:00,LONG,47,3649.74000,BLOCKED:PositionOpen
2025.09.12 20:45:00,LONG,41,3649.55000,BLOCKED:PositionOpen
2025.09.12 20:50:00,LONG,46,3649.58000,BLOCKED:PositionOpen
2025.09.12 21:15:00,LONG,61,3648.60000,BLOCKED:PositionOpen
2025.09.15 06:05:00,LONG,28,3641.26000,BLOCKED:PositionOpen
2025.09.15 06:15:00,LONG,61,3643.20000,BLOCKED:PositionOpen
2025.09.15 06:30:00,LONG,63,3643.92000,BLOCKED:PositionOpen
2025.09.15 06:35:00,LONG,53,3645.73000,BLOCKED:PositionOpen
2025.09.15 06:45:00,LONG,75,3645.06000,BLOCKED:PositionOpen
2025.09.15 06:50:00,LONG,52,3645.66000,BLOCKED:PositionOpen
2025.09.15 12:00:00,LONG,59,3645.58000,BLOCKED:PositionOpen
2025.09.15 12:15:00,LONG,60,3644.70000,BLOCKED:PositionOpen
2025.09.15 14:15:00,LONG,64,3643.20000,BLOCKED:PositionOpen
2025.09.15 14:25:00,LONG,64,3645.34000,BLOCKED:PositionOpen
2025.09.15 14:35:00,LONG,56,3645.49000,BLOCKED:PositionOpen
2025.09.15 17:05:00,LONG,61,3659.12000,BLOCKED:PositionOpen
2025.09.15 17:10:00,LONG,54,3659.24000,BLOCKED:PositionOpen
2025.09.15 17:15:00,LONG,65,3660.11000,BLOCKED:PositionOpen
2025.09.15 17:25:00,LONG,68,3657.64000,BLOCKED:PositionOpen
2025.09.15 17:50:00,LONG,48,3662.19000,BLOCKED:PositionOpen
2025.09.15 17:55:00,LONG,70,3663.05000,BLOCKED:PositionOpen
2025.09.15 18:00:00,LONG,53,3663.72000,BLOCKED:PositionOpen
2025.09.15 18:05:00,LONG,79,3665.21000,BLOCKED:PositionOpen
2025.09.15 18:10:00,LONG,36,3665.07000,BLOCKED:PositionOpen
2025.09.15 18:40:00,LONG,78,3667.66000,BLOCKED:PositionOpen
2025.09.15 18:55:00,LONG,62,3678.48000,BLOCKED:PositionOpen
2025.09.15 19:10:00,LONG,76,3682.25000,BLOCKED:PositionOpen
2025.09.15 19:20:00,LONG,55,3681.28000,BLOCKED:PositionOpen
2025.09.15 19:25:00,LONG,63,3682.57000,BLOCKED:PositionOpen
2025.09.15 19:30:00,LONG,68,3684.45000,OK
2025.09.15 19:35:00,LONG,46,3685.04000,BLOCKED:PositionOpen
2025.09.15 19:45:00,LONG,50,3678.93000,BLOCKED:PositionOpen
2025.09.15 19:50:00,LONG,33,3679.16000,BLOCKED:PositionOpen
2025.09.15 19:55:00,LONG,41,3679.71000,BLOCKED:PositionOpen
2025.09.15 20:05:00,LONG,56,3680.70000,BLOCKED:PositionOpen
2025.09.15 20:10:00,LONG,37,3680.87000,BLOCKED:PositionOpen
2025.09.15 20:20:00,LONG,59,3680.79000,BLOCKED:PositionOpen
2025.09.15 23:35:00,LONG,34,3680.85000,BLOCKED:PositionOpen
2025.09.15 23:40:00,LONG,41,3681.14000,BLOCKED:PositionOpen
2025.09.15 23:45:00,LONG,34,3681.44000,BLOCKED:PositionOpen
2025.09.16 04:35:00,LONG,62,3680.80000,BLOCKED:PositionOpen
2025.09.16 07:25:00,LONG,83,3683.02000,BLOCKED:PositionOpen
2025.09.16 07:45:00,LONG,60,3682.75000,BLOCKED:PositionOpen
2025.09.16 07:50:00,LONG,55,3682.65000,BLOCKED:PositionOpen
2025.09.16 10:30:00,LONG,41,3692.00000,BLOCKED:PositionOpen
2025.09.16 10:55:00,LONG,60,3688.38000,BLOCKED:PositionOpen
2025.09.16 12:40:00,LONG,70,3697.04000,BLOCKED:PositionOpen
2025.09.16 13:10:00,LONG,38,3697.44000,BLOCKED:PositionOpen
2025.09.16 22:45:00,LONG,72,3689.34000,BLOCKED:PositionOpen
2025.09.16 23:05:00,LONG,55,3690.49000,BLOCKED:PositionOpen
2025.09.17 01:20:00,LONG,58,3691.81000,BLOCKED:PositionOpen
2025.09.17 01:35:00,LONG,57,3692.35000,BLOCKED:PositionOpen
2025.09.17 03:10:00,LONG,54,3694.93000,BLOCKED:PositionOpen
2025.09.17 15:40:00,LONG,64,3673.90000,OK
2025.09.17 15:45:00,LONG,64,3674.79000,BLOCKED:PositionOpen
2025.09.17 15:50:00,LONG,52,3676.99000,BLOCKED:PositionOpen
2025.09.17 15:55:00,LONG,65,3678.30000,BLOCKED:PositionOpen
2025.09.17 16:00:00,LONG,45,3678.96000,BLOCKED:PositionOpen
2025.09.17 16:35:00,LONG,64,3680.29000,BLOCKED:PositionOpen
2025.09.17 16:50:00,LONG,27,3679.57000,BLOCKED:PositionOpen
2025.09.17 17:10:00,LONG,64,3681.22000,BLOCKED:PositionOpen
2025.09.17 17:15:00,LONG,74,3684.19000,BLOCKED:PositionOpen
2025.09.17 17:45:00,LONG,42,3685.46000,BLOCKED:PositionOpen
2025.09.17 18:10:00,LONG,47,3685.14000,BLOCKED:PositionOpen
2025.09.17 18:40:00,LONG,68,3686.49000,BLOCKED:PositionOpen
2025.09.17 19:05:00,LONG,56,3685.87000,BLOCKED:PositionOpen
2025.09.18 02:45:00,LONG,78,3669.75000,OK
2025.09.18 02:50:00,LONG,55,3670.09000,BLOCKED:PositionOpen
2025.09.18 06:15:00,LONG,41,3662.93000,BLOCKED:DailyQuota
2025.09.18 10:50:00,LONG,53,3659.83000,BLOCKED:DailyQuota
2025.09.18 11:00:00,LONG,42,3659.31000,BLOCKED:DailyQuota
2025.09.18 11:15:00,LONG,27,3655.33000,BLOCKED:DailyQuota
2025.09.18 11:40:00,LONG,77,3660.88000,BLOCKED:DailyQuota
2025.09.18 11:45:00,LONG,66,3662.57000,BLOCKED:DailyQuota
2025.09.18 11:50:00,LONG,55,3662.73000,BLOCKED:DailyQuota
2025.09.18 11:55:00,LONG,56,3663.04000,BLOCKED:DailyQuota
2025.09.18 12:00:00,LONG,47,3665.63000,BLOCKED:DailyQuota
2025.09.18 12:05:00,LONG,51,3665.93000,BLOCKED:DailyQuota
2025.09.18 12:10:00,LONG,76,3667.91000,BLOCKED:DailyQuota
2025.09.18 12:20:00,LONG,51,3668.09000,BLOCKED:DailyQuota
2025.09.18 12:55:00,LONG,48,3671.44000,BLOCKED:DailyQuota
2025.09.18 13:00:00,LONG,47,3671.80000,BLOCKED:DailyQuota
2025.09.18 13:05:00,LONG,27,3672.01000,BLOCKED:DailyQuota
2025.09.18 13:25:00,LONG,63,3669.16000,BLOCKED:DailyQuota
2025.09.18 17:25:00,SHORT,68,3636.03000,BLOCKED:DailyQuota
2025.09.18 17:30:00,SHORT,37,3635.65000,BLOCKED:DailyQuota
2025.09.18 22:45:00,LONG,40,3644.08000,BLOCKED:DailyQuota
2025.09.18 23:45:00,LONG,48,3644.70000,BLOCKED:DailyQuota
2025.09.19 06:30:00,LONG,73,3654.02000,OK
2025.09.19 06:35:00,LONG,49,3654.79000,BLOCKED:PositionOpen
2025.09.19 06:45:00,LONG,70,3655.53000,BLOCKED:PositionOpen
2025.09.19 07:30:00,LONG,29,3659.50000,BLOCKED:PositionOpen
2025.09.19 07:55:00,LONG,71,3659.32000,BLOCKED:PositionOpen
2025.09.19 08:05:00,LONG,63,3660.27000,BLOCKED:PositionOpen
2025.09.19 11:45:00,LONG,70,3654.56000,BLOCKED:PositionOpen
2025.09.19 11:50:00,LONG,81,3655.74000,BLOCKED:PositionOpen
2025.09.19 11:55:00,LONG,34,3656.01000,BLOCKED:PositionOpen
2025.09.19 12:55:00,LONG,80,3657.74000,BLOCKED:PositionOpen
2025.09.19 13:20:00,LONG,49,3659.03000,BLOCKED:PositionOpen
2025.09.19 17:40:00,LONG,66,3665.46000,BLOCKED:PositionOpen
2025.09.19 17:50:00,LONG,57,3664.60000,BLOCKED:PositionOpen
2025.09.19 17:55:00,LONG,53,3668.17000,BLOCKED:PositionOpen
2025.09.19 18:05:00,LONG,63,3668.51000,BLOCKED:PositionOpen
2025.09.19 18:20:00,LONG,42,3673.05000,BLOCKED:PositionOpen
2025.09.19 18:25:00,LONG,75,3674.64000,BLOCKED:PositionOpen
2025.09.19 18:55:00,LONG,48,3671.17000,BLOCKED:PositionOpen
2025.09.19 19:05:00,LONG,62,3672.65000,BLOCKED:PositionOpen
2025.09.19 21:05:00,LONG,44,3679.41000,BLOCKED:PositionOpen
2025.09.19 21:40:00,LONG,51,3682.37000,BLOCKED:PositionOpen
2025.09.19 21:55:00,LONG,54,3683.29000,BLOCKED:PositionOpen
2025.09.19 22:00:00,LONG,32,3683.82000,BLOCKED:PositionOpen
2025.09.19 22:15:00,LONG,32,3683.68000,BLOCKED:PositionOpen
2025.09.19 22:20:00,LONG,33,3683.98000,BLOCKED:PositionOpen
2025.09.19 22:25:00,LONG,51,3684.17000,BLOCKED:PositionOpen
2025.09.19 22:45:00,LONG,47,3683.29000,BLOCKED:PositionOpen
2025.09.19 22:50:00,LONG,45,3684.23000,BLOCKED:PositionOpen
2025.09.19 22:55:00,LONG,41,3684.76000,BLOCKED:PositionOpen
2025.09.22 01:55:00,LONG,30,3688.99000,BLOCKED:PositionOpen
2025.09.22 09:15:00,LONG,54,3700.60000,OK
2025.09.22 09:25:00,LONG,48,3702.10000,BLOCKED:PositionOpen
2025.09.22 09:30:00,LONG,57,3706.39000,BLOCKED:PositionOpen
2025.09.22 09:35:00,LONG,47,3708.99000,BLOCKED:PositionOpen
2025.09.22 09:40:00,LONG,54,3713.52000,BLOCKED:PositionOpen
2025.09.22 09:45:00,LONG,59,3717.10000,BLOCKED:PositionOpen
2025.09.22 09:50:00,LONG,57,3719.76000,BLOCKED:PositionOpen
2025.09.22 10:55:00,LONG,34,3713.75000,BLOCKED:PositionOpen
2025.09.22 11:05:00,LONG,77,3717.33000,BLOCKED:PositionOpen
2025.09.22 11:10:00,LONG,77,3718.46000,BLOCKED:PositionOpen
2025.09.22 13:10:00,LONG,44,3723.81000,BLOCKED:DailyQuota
2025.09.22 13:20:00,LONG,56,3724.40000,BLOCKED:DailyQuota
2025.09.22 13:45:00,LONG,50,3726.17000,BLOCKED:DailyQuota
2025.09.22 13:50:00,LONG,47,3727.95000,BLOCKED:DailyQuota
2025.09.22 14:20:00,LONG,33,3727.75000,BLOCKED:DailyQuota
2025.09.22 17:30:00,LONG,84,3721.66000,BLOCKED:DailyQuota
2025.09.22 19:20:00,LONG,76,3736.61000,BLOCKED:DailyQuota
2025.09.22 19:25:00,LONG,31,3736.77000,BLOCKED:DailyQuota
2025.09.22 19:30:00,LONG,51,3736.95000,BLOCKED:DailyQuota
2025.09.22 20:05:00,LONG,77,3738.73000,BLOCKED:DailyQuota
2025.09.22 20:25:00,LONG,38,3740.23000,BLOCKED:DailyQuota
2025.09.22 20:35:00,LONG,50,3743.04000,BLOCKED:DailyQuota
2025.09.22 20:55:00,LONG,56,3747.09000,BLOCKED:DailyQuota
2025.09.22 21:40:00,LONG,29,3746.15000,BLOCKED:DailyQuota
2025.09.22 22:00:00,LONG,44,3747.66000,BLOCKED:DailyQuota
2025.09.22 22:05:00,LONG,40,3748.35000,BLOCKED:DailyQuota
2025.09.23 01:10:00,LONG,71,3747.45000,OK
2025.09.23 03:30:00,LONG,46,3749.05000,BLOCKED:DailyQuota
2025.09.23 03:40:00,LONG,41,3749.21000,BLOCKED:DailyQuota
2025.09.23 03:45:00,LONG,37,3749.39000,BLOCKED:DailyQuota
2025.09.23 07:45:00,LONG,36,3747.17000,BLOCKED:DailyQuota
2025.09.23 08:20:00,LONG,67,3747.36000,BLOCKED:DailyQuota
2025.09.23 09:50:00,LONG,55,3756.05000,BLOCKED:DailyQuota
2025.09.23 11:50:00,LONG,75,3774.11000,BLOCKED:DailyQuota
2025.09.23 12:50:00,LONG,61,3780.76000,BLOCKED:DailyQuota
2025.09.23 12:55:00,LONG,77,3783.64000,BLOCKED:DailyQuota
2025.09.23 13:10:00,LONG,77,3784.97000,BLOCKED:DailyQuota
2025.09.23 13:15:00,LONG,77,3786.22000,BLOCKED:DailyQuota
2025.09.23 13:20:00,LONG,77,3787.76000,BLOCKED:DailyQuota
2025.09.23 13:35:00,LONG,53,3783.87000,BLOCKED:DailyQuota
2025.09.23 19:00:00,LONG,69,3779.67000,BLOCKED:DailyQuota
2025.09.23 19:05:00,LONG,65,3779.83000,BLOCKED:DailyQuota
2025.09.24 07:15:00,LONG,48,3767.03000,OK
2025.09.24 07:45:00,LONG,45,3768.01000,BLOCKED:PositionOpen
2025.09.24 07:55:00,LONG,60,3768.03000,BLOCKED:PositionOpen
2025.09.24 08:00:00,LONG,46,3768.24000,BLOCKED:PositionOpen
2025.09.24 08:05:00,LONG,37,3768.92000,BLOCKED:PositionOpen
2025.09.24 08:10:00,LONG,77,3770.32000,BLOCKED:PositionOpen
2025.09.24 08:15:00,LONG,35,3771.06000,BLOCKED:PositionOpen
2025.09.24 09:10:00,LONG,59,3775.81000,BLOCKED:PositionOpen
2025.09.24 09:35:00,LONG,40,3771.99000,BLOCKED:PositionOpen
2025.09.24 15:50:00,LONG,91,3768.50000,BLOCKED:PositionOpen
2025.09.24 16:00:00,LONG,64,3768.06000,BLOCKED:PositionOpen
2025.09.25 01:05:00,LONG,59,3739.61000,OK
2025.09.25 01:10:00,LONG,46,3739.69000,BLOCKED:PositionOpen
2025.09.25 01:15:00,LONG,33,3740.18000,BLOCKED:PositionOpen
2025.09.25 01:20:00,LONG,69,3741.18000,BLOCKED:PositionOpen
2025.09.25 01:25:00,LONG,72,3743.64000,BLOCKED:PositionOpen
2025.09.25 02:00:00,LONG,32,3741.26000,BLOCKED:PositionOpen
2025.09.25 02:15:00,LONG,72,3741.91000,BLOCKED:PositionOpen
2025.09.25 02:40:00,LONG,71,3741.87000,BLOCKED:PositionOpen
2025.09.25 03:45:00,LONG,45,3748.22000,BLOCKED:PositionOpen
2025.09.25 03:50:00,LONG,44,3748.83000,BLOCKED:PositionOpen
2025.09.25 06:45:00,LONG,91,3739.24000,BLOCKED:PositionOpen
2025.09.25 08:55:00,LONG,63,3739.30000,BLOCKED:PositionOpen
2025.09.25 09:10:00,LONG,55,3741.56000,BLOCKED:PositionOpen
2025.09.25 10:05:00,LONG,75,3742.82000,BLOCKED:PositionOpen
2025.09.25 10:30:00,LONG,62,3744.30000,BLOCKED:PositionOpen
2025.09.25 10:40:00,LONG,61,3751.71000,BLOCKED:PositionOpen
2025.09.25 12:10:00,LONG,49,3755.63000,BLOCKED:PositionOpen
2025.09.25 12:15:00,LONG,74,3756.88000,BLOCKED:PositionOpen
2025.09.25 19:30:00,LONG,81,3737.93000,BLOCKED:PositionOpen
2025.09.25 21:45:00,LONG,53,3755.65000,BLOCKED:PositionOpen
2025.09.25 22:50:00,LONG,62,3749.29000,BLOCKED:PositionOpen
2025.09.26 01:40:00,LONG,58,3749.88000,BLOCKED:PositionOpen
2025.09.26 03:55:00,LONG,62,3747.65000,BLOCKED:PositionOpen
2025.09.26 04:00:00,LONG,66,3749.74000,BLOCKED:PositionOpen
2025.09.26 08:00:00,LONG,71,3747.76000,BLOCKED:PositionOpen
2025.09.26 08:30:00,LONG,39,3746.91000,BLOCKED:PositionOpen
2025.09.26 11:45:00,LONG,62,3753.51000,BLOCKED:PositionOpen
2025.09.26 12:05:00,LONG,72,3754.32000,BLOCKED:PositionOpen
2025.09.26 15:35:00,LONG,68,3753.95000,BLOCKED:PositionOpen
2025.09.26 17:10:00,LONG,80,3774.89000,BLOCKED:PositionOpen
2025.09.26 17:20:00,LONG,80,3777.75000,BLOCKED:PositionOpen
2025.09.26 17:25:00,LONG,55,3780.34000,BLOCKED:PositionOpen
2025.09.26 17:35:00,LONG,52,3781.34000,BLOCKED:PositionOpen
2025.09.26 18:20:00,LONG,70,3775.19000,BLOCKED:PositionOpen
2025.09.26 21:35:00,LONG,51,3780.03000,BLOCKED:PositionOpen
2025.09.29 02:40:00,LONG,91,3770.28000,BLOCKED:PositionOpen
2025.09.29 06:00:00,LONG,52,3793.02000,OK
2025.09.29 06:05:00,LONG,55,3796.98000,BLOCKED:PositionOpen
2025.09.29 06:10:00,LONG,26,3797.26000,BLOCKED:PositionOpen
2025.09.29 06:15:00,LONG,28,3797.26000,BLOCKED:PositionOpen
2025.09.29 06:35:00,LONG,72,3795.39000,BLOCKED:PositionOpen
2025.09.29 07:30:00,LONG,61,3799.75000,BLOCKED:PositionOpen
2025.09.29 07:35:00,LONG,72,3801.89000,BLOCKED:PositionOpen
2025.09.29 08:40:00,LONG,53,3805.38000,BLOCKED:PositionOpen
2025.09.29 08:55:00,LONG,77,3811.16000,BLOCKED:PositionOpen
2025.09.29 09:00:00,LONG,77,3813.93000,BLOCKED:PositionOpen
2025.09.29 14:55:00,LONG,59,3828.48000,BLOCKED:PositionOpen
2025.09.29 15:00:00,LONG,66,3829.02000,BLOCKED:PositionOpen
2025.09.29 15:10:00,LONG,35,3826.55000,BLOCKED:PositionOpen
2025.09.29 17:40:00,LONG,58,3826.16000,BLOCKED:PositionOpen
2025.09.29 17:45:00,LONG,63,3826.74000,BLOCKED:PositionOpen
2025.09.29 17:55:00,LONG,55,3827.00000,BLOCKED:PositionOpen
2025.09.29 20:10:00,LONG,77,3832.32000,BLOCKED:PositionOpen
2025.09.29 23:45:00,LONG,50,3830.79000,BLOCKED:PositionOpen
2025.09.29 23:50:00,LONG,64,3831.46000,BLOCKED:PositionOpen
2025.09.30 03:00:00,LONG,47,3833.03000,BLOCKED:PositionOpen
2025.09.30 03:05:00,LONG,48,3835.95000,BLOCKED:PositionOpen
2025.09.30 03:15:00,LONG,48,3838.57000,BLOCKED:PositionOpen
2025.09.30 03:25:00,LONG,51,3839.32000,BLOCKED:PositionOpen
2025.09.30 04:15:00,LONG,30,3842.36000,OK
2025.09.30 04:20:00,LONG,49,3843.29000,BLOCKED:PositionOpen
2025.09.30 04:25:00,LONG,57,3847.47000,BLOCKED:PositionOpen
2025.09.30 04:40:00,LONG,50,3848.76000,BLOCKED:PositionOpen
2025.09.30 05:30:00,LONG,63,3845.82000,BLOCKED:PositionOpen
2025.09.30 05:45:00,LONG,72,3848.70000,BLOCKED:PositionOpen
2025.09.30 07:05:00,LONG,39,3865.05000,BLOCKED:PositionOpen
2025.09.30 07:10:00,LONG,33,3865.25000,BLOCKED:PositionOpen
2025.09.30 07:55:00,LONG,59,3864.40000,BLOCKED:PositionOpen
2025.09.30 08:00:00,LONG,64,3867.29000,BLOCKED:PositionOpen
2025.09.30 08:05:00,LONG,75,3869.41000,BLOCKED:PositionOpen
2025.09.30 08:15:00,LONG,56,3866.40000,BLOCKED:PositionOpen
2025.09.30 08:20:00,LONG,77,3869.33000,BLOCKED:PositionOpen
2025.09.30 08:55:00,LONG,57,3869.13000,BLOCKED:PositionOpen
2025.09.30 09:00:00,LONG,39,3870.03000,BLOCKED:PositionOpen
2025.09.30 15:55:00,LONG,52,3820.54000,BLOCKED:DailyQuota
2025.09.30 17:20:00,LONG,67,3849.43000,BLOCKED:DailyQuota
2025.09.30 17:25:00,LONG,62,3852.29000,BLOCKED:DailyQuota
2025.09.30 18:20:00,LONG,50,3836.42000,BLOCKED:DailyQuota
2025.09.30 20:10:00,LONG,49,3846.50000,BLOCKED:DailyQuota
2025.09.30 20:20:00,LONG,55,3847.97000,BLOCKED:DailyQuota
2025.09.30 20:25:00,LONG,29,3848.16000,BLOCKED:DailyQuota
2025.09.30 20:35:00,LONG,77,3847.89000,BLOCKED:DailyQuota
2025.09.30 22:50:00,LONG,30,3855.36000,BLOCKED:DailyQuota
2025.09.30 22:55:00,LONG,72,3859.71000,BLOCKED:DailyQuota
2025.09.30 23:15:00,LONG,56,3853.13000,BLOCKED:DailyQuota
2025.09.30 23:25:00,LONG,66,3854.92000,BLOCKED:DailyQuota
2025.09.30 23:40:00,LONG,61,3857.89000,BLOCKED:DailyQuota
2025.09.30 23:50:00,LONG,57,3858.70000,BLOCKED:DailyQuota
2025.09.30 23:55:00,LONG,51,3859.81000,BLOCKED:DailyQuota
2025.10.01 01:45:00,LONG,44,3859.39000,OK
2025.10.01 01:50:00,LONG,52,3860.14000,BLOCKED:PositionOpen
2025.10.01 02:05:00,LONG,39,3860.93000,BLOCKED:PositionOpen
2025.10.01 03:05:00,LONG,42,3864.66000,BLOCKED:PositionOpen
2025.10.01 03:15:00,LONG,53,3865.28000,BLOCKED:PositionOpen
2025.10.01 05:10:00,LONG,47,3873.15000,BLOCKED:PositionOpen
2025.10.01 05:45:00,LONG,35,3865.94000,BLOCKED:PositionOpen
2025.10.01 05:50:00,LONG,52,3866.07000,BLOCKED:PositionOpen
2025.10.01 11:00:00,LONG,77,3879.32000,BLOCKED:DailyQuota
2025.10.01 11:05:00,LONG,60,3884.52000,BLOCKED:DailyQuota
2025.10.01 11:40:00,LONG,37,3889.11000,BLOCKED:DailyQuota
2025.10.01 11:45:00,LONG,77,3892.03000,BLOCKED:DailyQuota
2025.10.01 11:55:00,LONG,61,3892.43000,BLOCKED:DailyQuota
2025.10.01 12:05:00,LONG,37,3893.51000,BLOCKED:DailyQuota
2025.10.01 22:45:00,LONG,71,3869.28000,BLOCKED:DailyQuota
2025.10.01 22:50:00,LONG,67,3870.60000,BLOCKED:DailyQuota
2025.10.02 05:45:00,LONG,85,3865.07000,OK
2025.10.02 05:55:00,LONG,59,3867.48000,BLOCKED:PositionOpen
2025.10.02 07:10:00,LONG,52,3867.10000,BLOCKED:PositionOpen
2025.10.02 09:25:00,LONG,48,3873.02000,BLOCKED:PositionOpen
2025.10.02 09:35:00,LONG,39,3872.06000,BLOCKED:PositionOpen
2025.10.02 09:40:00,LONG,67,3874.02000,BLOCKED:PositionOpen
2025.10.02 12:20:00,LONG,77,3877.97000,BLOCKED:PositionOpen
2025.10.02 12:45:00,LONG,39,3877.91000,BLOCKED:PositionOpen
2025.10.02 12:55:00,LONG,61,3879.32000,BLOCKED:PositionOpen
2025.10.02 13:10:00,LONG,52,3879.46000,BLOCKED:PositionOpen
2025.10.02 13:20:00,LONG,66,3879.52000,BLOCKED:PositionOpen
2025.10.02 13:45:00,LONG,48,3881.17000,BLOCKED:PositionOpen
2025.10.02 14:55:00,LONG,64,3884.99000,BLOCKED:DailyQuota
2025.10.02 15:40:00,LONG,52,3886.72000,BLOCKED:DailyQuota
2025.10.02 22:50:00,LONG,37,3857.09000,BLOCKED:DailyQuota
2025.10.02 23:25:00,LONG,43,3857.55000,BLOCKED:DailyQuota
2025.10.03 03:15:00,LONG,75,3861.27000,OK
2025.10.03 08:20:00,LONG,64,3854.01000,BLOCKED:DailyQuota
2025.10.03 08:30:00,LONG,29,3854.40000,BLOCKED:DailyQuota
2025.10.03 08:35:00,LONG,77,3856.97000,BLOCKED:DailyQuota
2025.10.03 08:40:00,LONG,45,3857.19000,BLOCKED:DailyQuota
2025.10.03 09:20:00,LONG,46,3860.21000,BLOCKED:DailyQuota
2025.10.03 09:30:00,LONG,48,3860.80000,BLOCKED:DailyQuota
2025.10.03 09:40:00,LONG,59,3860.96000,BLOCKED:DailyQuota
2025.10.03 09:55:00,LONG,56,3858.24000,BLOCKED:DailyQuota
2025.10.03 10:40:00,LONG,63,3863.53000,BLOCKED:DailyQuota
2025.10.03 10:45:00,LONG,77,3864.56000,BLOCKED:DailyQuota
2025.10.03 11:30:00,LONG,75,3862.69000,BLOCKED:DailyQuota
2025.10.03 12:00:00,LONG,53,3864.81000,BLOCKED:DailyQuota
2025.10.03 14:10:00,LONG,50,3864.80000,BLOCKED:DailyQuota
2025.10.03 16:10:00,LONG,73,3875.01000,BLOCKED:DailyQuota
2025.10.03 16:15:00,LONG,77,3877.33000,BLOCKED:DailyQuota
2025.10.03 16:25:00,LONG,67,3882.73000,BLOCKED:DailyQuota
2025.10.03 18:55:00,LONG,77,3889.38000,BLOCKED:DailyQuota
2025.10.03 19:45:00,LONG,54,3882.41000,BLOCKED:DailyQuota
2025.10.03 22:30:00,LONG,37,3886.91000,BLOCKED:DailyQuota
2025.10.03 22:35:00,LONG,72,3888.00000,BLOCKED:DailyQuota
2025.10.03 22:50:00,LONG,44,3887.54000,BLOCKED:DailyQuota
2025.10.06 03:00:00,LONG,63,3909.72000,OK
2025.10.06 03:10:00,LONG,68,3907.07000,BLOCKED:PositionOpen
2025.10.06 05:00:00,LONG,43,3918.09000,BLOCKED:PositionOpen
2025.10.06 05:05:00,LONG,52,3922.18000,BLOCKED:PositionOpen
2025.10.06 05:40:00,LONG,58,3920.93000,BLOCKED:PositionOpen
2025.10.06 05:45:00,LONG,43,3923.23000,BLOCKED:PositionOpen
2025.10.06 06:10:00,LONG,47,3923.71000,BLOCKED:PositionOpen
2025.10.06 06:20:00,LONG,72,3924.81000,BLOCKED:PositionOpen
2025.10.06 06:40:00,LONG,58,3925.79000,BLOCKED:PositionOpen
2025.10.06 07:35:00,LONG,47,3935.02000,BLOCKED:PositionOpen
2025.10.06 07:40:00,LONG,47,3936.11000,BLOCKED:PositionOpen
2025.10.06 08:05:00,LONG,62,3939.48000,BLOCKED:PositionOpen
2025.10.06 08:10:00,LONG,71,3944.57000,BLOCKED:PositionOpen
2025.10.06 08:30:00,LONG,52,3937.17000,BLOCKED:PositionOpen
2025.10.06 10:50:00,LONG,55,3940.50000,BLOCKED:PositionOpen
2025.10.06 10:55:00,LONG,30,3940.74000,BLOCKED:PositionOpen
2025.10.06 11:00:00,LONG,48,3941.81000,BLOCKED:PositionOpen
2025.10.06 11:05:00,LONG,47,3945.49000,BLOCKED:PositionOpen
2025.10.06 11:10:00,LONG,50,3947.39000,BLOCKED:PositionOpen
2025.10.06 11:20:00,LONG,54,3947.69000,BLOCKED:PositionOpen
2025.10.06 12:05:00,LONG,36,3943.37000,BLOCKED:PositionOpen
2025.10.06 18:15:00,LONG,77,3955.26000,BLOCKED:DailyQuota
2025.10.06 18:45:00,LONG,77,3957.14000,BLOCKED:DailyQuota
2025.10.06 19:10:00,LONG,66,3965.28000,BLOCKED:DailyQuota
2025.10.06 20:55:00,LONG,51,3956.19000,BLOCKED:DailyQuota
2025.10.06 21:05:00,LONG,47,3959.59000,BLOCKED:DailyQuota
2025.10.06 22:10:00,LONG,43,3963.12000,BLOCKED:DailyQuota
2025.10.06 22:25:00,LONG,54,3961.48000,BLOCKED:DailyQuota
2025.10.06 22:30:00,LONG,45,3964.20000,BLOCKED:DailyQuota
2025.10.07 02:15:00,LONG,55,3964.37000,OK
2025.10.07 02:20:00,LONG,53,3967.00000,BLOCKED:PositionOpen
2025.10.07 03:25:00,LONG,53,3975.76000,BLOCKED:PositionOpen
2025.10.07 06:15:00,LONG,53,3967.82000,BLOCKED:DailyQuota
2025.10.07 06:20:00,LONG,44,3968.31000,BLOCKED:DailyQuota
2025.10.07 06:45:00,LONG,54,3972.68000,BLOCKED:DailyQuota
2025.10.07 06:50:00,LONG,72,3973.72000,BLOCKED:DailyQuota
2025.10.07 12:45:00,LONG,77,3961.18000,BLOCKED:DailyQuota
2025.10.07 13:35:00,LONG,70,3958.24000,BLOCKED:DailyQuota
2025.10.07 13:40:00,LONG,64,3960.78000,BLOCKED:DailyQuota
2025.10.07 14:40:00,LONG,70,3963.57000,BLOCKED:DailyQuota
2025.10.07 15:10:00,LONG,34,3970.87000,BLOCKED:DailyQuota
2025.10.07 16:10:00,LONG,49,3984.81000,BLOCKED:DailyQuota
2025.10.07 16:20:00,LONG,51,3984.74000,BLOCKED:DailyQuota
2025.10.07 16:30:00,LONG,71,3982.95000,BLOCKED:DailyQuota
2025.10.07 20:35:00,LONG,66,3984.13000,BLOCKED:DailyQuota
2025.10.07 20:55:00,LONG,44,3985.05000,BLOCKED:DailyQuota
2025.10.07 23:45:00,LONG,48,3984.13000,BLOCKED:DailyQuota
2025.10.07 23:55:00,LONG,36,3986.57000,BLOCKED:DailyQuota
2025.10.08 02:00:00,LONG,41,3989.73000,OK
2025.10.08 02:20:00,LONG,65,3992.11000,BLOCKED:PositionOpen
2025.10.08 02:50:00,LONG,48,3995.69000,BLOCKED:PositionOpen
2025.10.08 03:30:00,LONG,44,3998.77000,BLOCKED:PositionOpen
2025.10.08 05:45:00,LONG,41,4006.68000,BLOCKED:PositionOpen
2025.10.08 06:00:00,LONG,72,4011.64000,BLOCKED:DailyQuota
2025.10.08 06:05:00,LONG,71,4012.73000,BLOCKED:DailyQuota
2025.10.08 06:15:00,LONG,51,4013.53000,BLOCKED:DailyQuota
2025.10.08 06:30:00,LONG,44,4011.46000,BLOCKED:DailyQuota
2025.10.08 06:40:00,LONG,58,4011.39000,BLOCKED:DailyQuota
2025.10.08 06:50:00,LONG,72,4016.17000,BLOCKED:DailyQuota
2025.10.08 07:00:00,LONG,28,4015.06000,BLOCKED:DailyQuota
2025.10.08 07:10:00,LONG,68,4019.38000,BLOCKED:DailyQuota
2025.10.08 07:15:00,LONG,27,4019.86000,BLOCKED:DailyQuota
2025.10.08 07:25:00,LONG,45,4019.40000,BLOCKED:DailyQuota
2025.10.08 08:05:00,LONG,40,4026.53000,BLOCKED:DailyQuota
2025.10.08 08:15:00,LONG,56,4029.88000,BLOCKED:DailyQuota
2025.10.08 08:20:00,LONG,53,4031.26000,BLOCKED:DailyQuota
2025.10.08 08:35:00,LONG,77,4035.99000,BLOCKED:DailyQuota
2025.10.08 08:40:00,LONG,73,4037.09000,BLOCKED:DailyQuota
2025.10.08 11:05:00,LONG,77,4036.03000,BLOCKED:DailyQuota
2025.10.08 11:10:00,LONG,77,4039.00000,BLOCKED:DailyQuota
2025.10.08 11:20:00,LONG,61,4038.44000,BLOCKED:DailyQuota
2025.10.08 11:25:00,LONG,50,4039.05000,BLOCKED:DailyQuota
2025.10.08 18:25:00,LONG,77,4045.39000,BLOCKED:DailyQuota
2025.10.08 20:00:00,LONG,77,4056.80000,BLOCKED:DailyQuota
2025.10.08 20:10:00,LONG,47,4056.84000,BLOCKED:DailyQuota
2025.10.09 04:30:00,LONG,75,4031.33000,OK
2025.10.09 07:15:00,LONG,72,4033.00000,BLOCKED:PositionOpen
2025.10.09 07:20:00,LONG,43,4033.51000,BLOCKED:PositionOpen
2025.10.09 07:25:00,LONG,67,4036.98000,BLOCKED:PositionOpen
2025.10.09 07:40:00,LONG,37,4039.25000,BLOCKED:PositionOpen
2025.10.09 07:50:00,LONG,49,4039.92000,BLOCKED:PositionOpen
2025.10.09 08:15:00,LONG,49,4038.74000,BLOCKED:PositionOpen
2025.10.09 08:35:00,LONG,69,4042.11000,BLOCKED:PositionOpen
2025.10.09 08:45:00,LONG,60,4038.96000,BLOCKED:PositionOpen
2025.10.09 09:00:00,LONG,61,4040.28000,BLOCKED:PositionOpen
2025.10.09 11:30:00,LONG,77,4036.89000,BLOCKED:PositionOpen
2025.10.09 11:55:00,LONG,48,4040.04000,BLOCKED:PositionOpen
2025.10.09 12:05:00,LONG,53,4041.81000,BLOCKED:PositionOpen
2025.10.09 12:15:00,LONG,53,4040.37000,BLOCKED:PositionOpen
2025.10.09 12:25:00,LONG,55,4039.42000,BLOCKED:PositionOpen
2025.10.09 13:00:00,LONG,51,4037.58000,BLOCKED:PositionOpen
2025.10.09 16:05:00,LONG,59,4054.27000,BLOCKED:PositionOpen
2025.10.09 22:35:00,LONG,87,3979.23000,BLOCKED:DailyQuota
2025.10.09 22:40:00,LONG,75,3982.17000,BLOCKED:DailyQuota
2025.10.10 02:55:00,LONG,74,3988.44000,OK
2025.10.10 03:10:00,LONG,58,3989.27000,BLOCKED:PositionOpen
2025.10.10 03:15:00,LONG,60,3990.67000,BLOCKED:PositionOpen
2025.10.10 03:20:00,LONG,44,3991.61000,BLOCKED:PositionOpen
2025.10.10 03:30:00,LONG,31,3991.69000,BLOCKED:PositionOpen
2025.10.10 03:50:00,LONG,40,3993.82000,BLOCKED:PositionOpen
2025.10.10 09:00:00,LONG,56,3974.77000,BLOCKED:DailyQuota
2025.10.10 09:25:00,LONG,92,3971.95000,BLOCKED:DailyQuota
2025.10.10 09:35:00,LONG,61,3972.28000,BLOCKED:DailyQuota
2025.10.10 11:45:00,LONG,57,3990.65000,BLOCKED:DailyQuota
2025.10.10 11:50:00,LONG,77,3993.14000,BLOCKED:DailyQuota
2025.10.10 12:05:00,LONG,51,3992.51000,BLOCKED:DailyQuota
2025.10.10 12:10:00,LONG,50,3997.17000,BLOCKED:DailyQuota
2025.10.10 12:25:00,LONG,77,3996.02000,BLOCKED:DailyQuota
2025.10.10 12:30:00,LONG,58,3996.41000,BLOCKED:DailyQuota
2025.10.10 12:40:00,LONG,66,3998.17000,BLOCKED:DailyQuota
2025.10.10 12:45:00,LONG,77,4002.61000,BLOCKED:DailyQuota
2025.10.10 12:50:00,LONG,44,4003.11000,BLOCKED:DailyQuota
2025.10.10 13:30:00,LONG,49,3998.81000,BLOCKED:DailyQuota
2025.10.10 21:50:00,LONG,72,4000.08000,BLOCKED:DailyQuota
2025.10.10 22:10:00,LONG,72,4000.59000,BLOCKED:DailyQuota
2025.10.10 22:25:00,LONG,47,4008.38000,BLOCKED:DailyQuota
2025.10.10 22:40:00,LONG,72,4011.13000,BLOCKED:DailyQuota
2025.10.10 22:45:00,LONG,72,4017.94000,BLOCKED:DailyQuota
2025.10.10 23:20:00,LONG,65,4008.86000,BLOCKED:DailyQuota
2025.10.10 23:25:00,LONG,66,4012.52000,BLOCKED:DailyQuota
2025.10.10 23:45:00,LONG,72,4013.07000,BLOCKED:DailyQuota
2025.10.10 23:55:00,LONG,72,4020.26000,BLOCKED:DailyQuota
2025.10.13 02:40:00,LONG,75,4043.05000,OK
2025.10.13 02:50:00,LONG,72,4042.53000,BLOCKED:PositionOpen
2025.10.13 05:00:00,LONG,72,4053.14000,BLOCKED:PositionOpen
2025.10.13 07:30:00,LONG,69,4056.97000,BLOCKED:PositionOpen
2025.10.13 08:05:00,LONG,72,4061.91000,BLOCKED:PositionOpen
2025.10.13 08:30:00,LONG,60,4071.49000,BLOCKED:PositionOpen
2025.10.13 08:35:00,LONG,57,4075.86000,BLOCKED:PositionOpen
2025.10.13 08:40:00,LONG,32,4075.77000,BLOCKED:PositionOpen
2025.10.13 09:45:00,LONG,50,4069.73000,BLOCKED:PositionOpen
2025.10.13 10:45:00,LONG,77,4075.41000,BLOCKED:PositionOpen
2025.10.13 10:50:00,LONG,34,4075.80000,BLOCKED:PositionOpen
2025.10.13 11:45:00,LONG,65,4074.23000,BLOCKED:PositionOpen
2025.10.13 11:50:00,LONG,49,4077.45000,BLOCKED:PositionOpen
2025.10.13 14:10:00,LONG,48,4079.82000,BLOCKED:PositionOpen
2025.10.13 14:15:00,LONG,61,4082.20000,BLOCKED:PositionOpen
2025.10.13 16:55:00,LONG,73,4095.40000,BLOCKED:PositionOpen
2025.10.13 17:35:00,LONG,76,4097.28000,BLOCKED:PositionOpen
2025.10.13 17:40:00,LONG,77,4098.40000,BLOCKED:PositionOpen
2025.10.13 18:20:00,LONG,77,4099.90000,BLOCKED:PositionOpen
2025.10.13 18:55:00,LONG,64,4102.41000,BLOCKED:PositionOpen
2025.10.13 20:15:00,LONG,77,4106.93000,BLOCKED:PositionOpen
2025.10.13 20:30:00,LONG,77,4112.91000,BLOCKED:PositionOpen
2025.10.13 23:45:00,LONG,72,4110.28000,BLOCKED:PositionOpen
2025.10.13 23:50:00,LONG,72,4111.47000,BLOCKED:PositionOpen
2025.10.13 23:55:00,LONG,68,4111.29000,BLOCKED:PositionOpen
2025.10.14 01:15:00,LONG,37,4113.07000,BLOCKED:PositionOpen
2025.10.14 03:25:00,LONG,75,4121.93000,OK
2025.10.14 03:30:00,LONG,61,4126.41000,BLOCKED:PositionOpen
2025.10.14 05:00:00,LONG,63,4137.35000,BLOCKED:DailyQuota
2025.10.14 05:05:00,LONG,71,4140.52000,BLOCKED:DailyQuota
2025.10.14 05:40:00,LONG,72,4148.52000,BLOCKED:DailyQuota
2025.10.14 06:30:00,LONG,72,4159.50000,BLOCKED:DailyQuota
2025.10.14 06:35:00,LONG,42,4159.58000,BLOCKED:DailyQuota
2025.10.14 06:40:00,LONG,61,4161.83000,BLOCKED:DailyQuota
2025.10.14 06:55:00,LONG,33,4164.53000,BLOCKED:DailyQuota
2025.10.14 07:05:00,LONG,49,4164.56000,BLOCKED:DailyQuota
2025.10.14 07:10:00,LONG,33,4164.87000,BLOCKED:DailyQuota
2025.10.14 07:30:00,LONG,72,4164.04000,BLOCKED:DailyQuota
2025.10.14 07:45:00,LONG,72,4162.70000,BLOCKED:DailyQuota
2025.10.14 07:50:00,LONG,72,4166.70000,BLOCKED:DailyQuota
2025.10.14 07:55:00,LONG,59,4168.06000,BLOCKED:DailyQuota
2025.10.14 11:25:00,LONG,68,4139.93000,BLOCKED:DailyQuota
2025.10.14 11:30:00,LONG,77,4144.39000,BLOCKED:DailyQuota
2025.10.14 11:50:00,LONG,77,4137.98000,BLOCKED:DailyQuota
2025.10.14 11:55:00,LONG,77,4141.73000,BLOCKED:DailyQuota
2025.10.14 12:25:00,LONG,60,4139.02000,BLOCKED:DailyQuota
2025.10.14 12:30:00,LONG,54,4140.17000,BLOCKED:DailyQuota
2025.10.14 12:35:00,LONG,72,4140.99000,BLOCKED:DailyQuota
2025.10.14 18:05:00,LONG,66,4132.37000,BLOCKED:DailyQuota
2025.10.14 18:10:00,LONG,60,4134.77000,BLOCKED:DailyQuota
2025.10.14 18:15:00,LONG,77,4141.33000,BLOCKED:DailyQuota
2025.10.14 18:35:00,LONG,77,4140.99000,BLOCKED:DailyQuota
2025.10.14 20:55:00,LONG,51,4146.34000,BLOCKED:DailyQuota
2025.10.14 21:00:00,LONG,49,4148.26000,BLOCKED:DailyQuota
2025.10.15 01:15:00,LONG,60,4160.89000,OK
2025.10.15 01:40:00,LONG,64,4159.10000,BLOCKED:PositionOpen
2025.10.15 02:40:00,LONG,45,4165.07000,BLOCKED:PositionOpen
2025.10.15 02:45:00,LONG,62,4165.78000,BLOCKED:PositionOpen
2025.10.15 03:15:00,LONG,72,4168.74000,BLOCKED:PositionOpen
2025.10.15 05:05:00,LONG,38,4182.45000,BLOCKED:PositionOpen
2025.10.15 07:10:00,LONG,52,4186.32000,BLOCKED:PositionOpen
2025.10.15 09:05:00,LONG,61,4187.23000,BLOCKED:PositionOpen
2025.10.15 09:10:00,LONG,49,4191.91000,BLOCKED:PositionOpen
2025.10.15 09:15:00,LONG,46,4192.19000,BLOCKED:PositionOpen
2025.10.15 09:45:00,LONG,77,4194.19000,BLOCKED:PositionOpen
2025.10.15 09:50:00,LONG,48,4196.17000,BLOCKED:PositionOpen
2025.10.15 10:40:00,LONG,76,4205.26000,BLOCKED:PositionOpen
2025.10.15 10:55:00,LONG,50,4207.14000,BLOCKED:PositionOpen
2025.10.15 11:20:00,LONG,77,4217.83000,BLOCKED:DailyQuota
2025.10.15 11:40:00,LONG,77,4216.71000,BLOCKED:DailyQuota
2025.10.15 12:05:00,LONG,49,4209.77000,BLOCKED:DailyQuota
2025.10.15 14:00:00,LONG,77,4202.80000,BLOCKED:DailyQuota
2025.10.15 14:10:00,LONG,57,4201.80000,BLOCKED:DailyQuota
2025.10.15 14:15:00,LONG,53,4202.54000,BLOCKED:DailyQuota
2025.10.15 14:25:00,LONG,58,4201.51000,BLOCKED:DailyQuota
2025.10.15 17:10:00,LONG,77,4206.19000,BLOCKED:DailyQuota
2025.10.15 17:25:00,LONG,37,4209.12000,BLOCKED:DailyQuota
2025.10.15 18:10:00,LONG,57,4201.02000,BLOCKED:DailyQuota
2025.10.15 22:05:00,LONG,72,4204.61000,BLOCKED:DailyQuota
2025.10.15 22:15:00,LONG,72,4205.63000,BLOCKED:DailyQuota
2025.10.15 22:20:00,LONG,67,4210.43000,BLOCKED:DailyQuota
2025.10.15 22:30:00,LONG,57,4210.99000,BLOCKED:DailyQuota
2025.10.15 22:35:00,LONG,33,4211.30000,BLOCKED:DailyQuota
2025.10.15 23:25:00,LONG,48,4208.31000,BLOCKED:DailyQuota
2025.10.15 23:40:00,LONG,72,4210.98000,BLOCKED:DailyQuota
2025.10.16 04:40:00,LONG,64,4227.77000,OK
2025.10.16 04:45:00,LONG,72,4231.03000,BLOCKED:PositionOpen
2025.10.16 05:40:00,LONG,72,4232.77000,BLOCKED:PositionOpen
2025.10.16 05:45:00,LONG,51,4236.31000,BLOCKED:PositionOpen
2025.10.16 06:00:00,LONG,65,4239.39000,BLOCKED:PositionOpen
2025.10.16 06:05:00,LONG,72,4240.81000,BLOCKED:PositionOpen
2025.10.16 11:25:00,LONG,52,4235.24000,BLOCKED:DailyQuota
2025.10.16 14:10:00,LONG,54,4244.14000,BLOCKED:DailyQuota
2025.10.16 14:20:00,LONG,77,4244.27000,BLOCKED:DailyQuota
2025.10.16 14:25:00,LONG,65,4245.11000,BLOCKED:DailyQuota
2025.10.16 14:35:00,LONG,44,4245.19000,BLOCKED:DailyQuota
2025.10.16 15:10:00,LONG,70,4243.22000,BLOCKED:DailyQuota
2025.10.16 15:15:00,LONG,56,4245.18000,BLOCKED:DailyQuota
2025.10.16 17:35:00,LONG,62,4266.08000,BLOCKED:DailyQuota
2025.10.16 17:45:00,LONG,34,4259.86000,BLOCKED:DailyQuota
2025.10.16 18:40:00,LONG,77,4271.53000,BLOCKED:DailyQuota
2025.10.16 19:25:00,LONG,77,4287.84000,BLOCKED:DailyQuota
2025.10.16 19:30:00,LONG,77,4289.73000,BLOCKED:DailyQuota
2025.10.16 21:25:00,LONG,72,4291.83000,BLOCKED:DailyQuota
2025.10.16 22:55:00,LONG,72,4307.85000,BLOCKED:DailyQuota
2025.10.16 23:10:00,LONG,72,4316.70000,BLOCKED:DailyQuota
2025.10.16 23:15:00,LONG,45,4316.84000,BLOCKED:DailyQuota
2025.10.16 23:30:00,LONG,47,4315.77000,BLOCKED:DailyQuota
2025.10.16 23:55:00,LONG,72,4329.39000,BLOCKED:DailyQuota
2025.10.17 01:20:00,LONG,75,4369.13000,OK
2025.10.17 01:30:00,LONG,72,4367.95000,BLOCKED:PositionOpen
2025.10.17 02:20:00,LONG,72,4358.79000,BLOCKED:PositionOpen
2025.10.17 02:25:00,LONG,72,4360.03000,BLOCKED:PositionOpen
2025.10.17 02:30:00,LONG,72,4363.91000,BLOCKED:PositionOpen
2025.10.17 02:40:00,LONG,72,4363.17000,BLOCKED:PositionOpen
2025.10.17 03:45:00,LONG,48,4367.11000,BLOCKED:PositionOpen
2025.10.17 06:20:00,LONG,57,4361.05000,BLOCKED:DailyQuota
2025.10.17 06:40:00,LONG,46,4357.34000,BLOCKED:DailyQuota
2025.10.17 07:00:00,LONG,72,4366.85000,BLOCKED:DailyQuota
2025.10.17 07:05:00,LONG,72,4374.05000,BLOCKED:DailyQuota
2025.10.17 07:10:00,LONG,61,4374.68000,BLOCKED:DailyQuota
2025.10.17 07:50:00,LONG,72,4363.90000,BLOCKED:DailyQuota
2025.10.17 21:40:00,LONG,72,4241.46000,BLOCKED:DailyQuota
2025.10.17 21:50:00,LONG,73,4240.60000,BLOCKED:DailyQuota
2025.10.17 23:55:00,LONG,42,4248.53000,BLOCKED:DailyQuota
2025.10.20 01:00:00,LONG,47,4247.79000,OK
2025.10.20 01:05:00,LONG,71,4264.62000,BLOCKED:PositionOpen
2025.10.20 01:40:00,LONG,58,4255.10000,BLOCKED:PositionOpen
2025.10.20 01:45:00,LONG,72,4257.07000,BLOCKED:PositionOpen
2025.10.20 01:50:00,LONG,64,4261.77000,BLOCKED:PositionOpen
2025.10.20 05:05:00,LONG,34,4263.32000,BLOCKED:PositionOpen
2025.10.20 05:15:00,LONG,72,4262.94000,BLOCKED:PositionOpen
2025.10.20 05:50:00,LONG,62,4261.89000,BLOCKED:PositionOpen
2025.10.20 11:10:00,LONG,77,4259.80000,BLOCKED:PositionOpen
2025.10.20 11:30:00,LONG,77,4260.75000,BLOCKED:PositionOpen
2025.10.20 11:35:00,LONG,71,4263.69000,BLOCKED:PositionOpen
2025.10.20 14:50:00,LONG,77,4266.51000,BLOCKED:PositionOpen
2025.10.20 15:45:00,LONG,77,4320.13000,BLOCKED:DailyQuota
2025.10.20 15:55:00,LONG,77,4318.63000,BLOCKED:DailyQuota
2025.10.20 16:00:00,LONG,53,4324.16000,BLOCKED:DailyQuota
2025.10.20 16:20:00,LONG,74,4321.70000,BLOCKED:DailyQuota
2025.10.20 16:30:00,LONG,63,4320.15000,BLOCKED:DailyQuota
2025.10.20 16:50:00,LONG,77,4314.65000,BLOCKED:DailyQuota
2025.10.20 18:45:00,LONG,77,4350.00000,BLOCKED:DailyQuota
2025.10.20 18:50:00,LONG,51,4350.04000,BLOCKED:DailyQuota
2025.10.20 18:55:00,LONG,61,4351.41000,BLOCKED:DailyQuota
2025.10.20 19:35:00,LONG,77,4348.00000,BLOCKED:DailyQuota
2025.10.20 22:15:00,LONG,53,4366.45000,BLOCKED:DailyQuota
2025.10.20 22:20:00,LONG,40,4366.88000,BLOCKED:DailyQuota
2025.10.20 22:45:00,LONG,56,4369.70000,BLOCKED:DailyQuota
2025.10.20 22:55:00,LONG,62,4373.43000,BLOCKED:DailyQuota
2025.10.20 23:00:00,LONG,68,4378.93000,BLOCKED:DailyQuota
2025.10.21 17:00:00,SHORT,79,4173.86000,OK
2025.10.21 17:10:00,SHORT,77,4172.79000,BLOCKED:PositionOpen
2025.10.21 17:20:00,SHORT,56,4166.61000,BLOCKED:PositionOpen
2025.10.21 18:20:00,SHORT,77,4136.11000,BLOCKED:PositionOpen
2025.10.21 18:25:00,SHORT,77,4133.11000,BLOCKED:PositionOpen
2025.10.21 18:50:00,SHORT,56,4140.64000,BLOCKED:PositionOpen
2025.10.21 20:25:00,SHORT,76,4108.43000,BLOCKED:PositionOpen
2025.10.21 20:40:00,SHORT,77,4112.38000,BLOCKED:PositionOpen
2025.10.21 20:50:00,SHORT,77,4114.19000,BLOCKED:PositionOpen
2025.10.21 20:55:00,SHORT,77,4111.58000,BLOCKED:PositionOpen
2025.10.21 21:00:00,SHORT,52,4111.18000,BLOCKED:PositionOpen
2025.10.22 03:10:00,SHORT,54,4037.20000,OK
2025.10.22 11:40:00,SHORT,77,4102.81000,BLOCKED:DailyQuota
2025.10.22 12:25:00,SHORT,77,4069.06000,BLOCKED:DailyQuota
2025.10.22 12:35:00,SHORT,65,4074.85000,BLOCKED:DailyQuota
2025.10.22 12:40:00,SHORT,77,4070.78000,BLOCKED:DailyQuota
2025.10.22 13:10:00,SHORT,59,4068.29000,BLOCKED:DailyQuota
2025.10.22 13:20:00,SHORT,77,4072.74000,BLOCKED:DailyQuota
2025.10.22 13:45:00,SHORT,77,4054.00000,BLOCKED:DailyQuota
2025.10.22 15:10:00,SHORT,77,4028.69000,BLOCKED:DailyQuota
2025.10.22 18:55:00,SHORT,77,4038.91000,BLOCKED:DailyQuota
2025.10.22 19:05:00,SHORT,67,4031.50000,BLOCKED:DailyQuota
2025.10.23 02:40:00,SHORT,93,4090.33000,OK
2025.10.23 02:45:00,SHORT,56,4088.89000,BLOCKED:PositionOpen
2025.10.23 03:00:00,SHORT,56,4087.63000,BLOCKED:PositionOpen
2025.10.23 03:40:00,SHORT,72,4079.24000,BLOCKED:PositionOpen
2025.10.23 08:25:00,SHORT,61,4085.64000,BLOCKED:PositionOpen
2025.10.23 10:50:00,SHORT,79,4102.22000,BLOCKED:DailyQuota
2025.10.23 10:55:00,SHORT,77,4100.46000,BLOCKED:DailyQuota
2025.10.23 17:10:00,LONG,77,4152.98000,BLOCKED:DailyQuota
2025.10.23 19:45:00,SHORT,55,4128.54000,BLOCKED:DailyQuota
2025.10.23 22:35:00,SHORT,60,4125.52000,BLOCKED:DailyQuota
2025.10.23 22:40:00,SHORT,64,4118.64000,BLOCKED:DailyQuota
2025.10.23 22:50:00,SHORT,45,4118.35000,BLOCKED:DailyQuota
2025.10.23 23:05:00,SHORT,43,4115.31000,BLOCKED:DailyQuota
2025.10.23 23:10:00,SHORT,68,4114.52000,BLOCKED:DailyQuota
2025.10.23 23:15:00,SHORT,71,4113.37000,BLOCKED:DailyQuota
2025.10.24 05:55:00,SHORT,75,4113.46000,OK
2025.10.24 06:00:00,SHORT,64,4109.58000,BLOCKED:PositionOpen
2025.10.24 06:10:00,SHORT,72,4108.56000,BLOCKED:PositionOpen
2025.10.24 06:20:00,SHORT,72,4111.90000,BLOCKED:PositionOpen
2025.10.24 08:35:00,SHORT,51,4109.91000,BLOCKED:PositionOpen
2025.10.24 08:40:00,SHORT,77,4106.42000,BLOCKED:PositionOpen
2025.10.24 09:45:00,SHORT,50,4093.34000,BLOCKED:PositionOpen
2025.10.24 10:00:00,SHORT,77,4092.45000,BLOCKED:PositionOpen
2025.10.24 10:30:00,SHORT,46,4089.10000,BLOCKED:PositionOpen
2025.10.24 12:20:00,SHORT,77,4071.14000,BLOCKED:DailyQuota
2025.10.24 12:25:00,SHORT,77,4069.50000,BLOCKED:DailyQuota
2025.10.24 14:15:00,SHORT,48,4058.75000,BLOCKED:DailyQuota
2025.10.24 14:40:00,SHORT,55,4055.80000,BLOCKED:DailyQuota
2025.10.24 21:05:00,SHORT,63,4105.72000,BLOCKED:DailyQuota
2025.10.24 21:15:00,SHORT,63,4104.70000,BLOCKED:DailyQuota
2025.10.24 21:40:00,SHORT,50,4110.80000,BLOCKED:DailyQuota
2025.10.24 21:45:00,SHORT,72,4107.17000,BLOCKED:DailyQuota
2025.10.24 21:55:00,SHORT,67,4108.63000,BLOCKED:DailyQuota
2025.10.27 02:00:00,SHORT,75,4065.35000,OK
2025.10.27 02:05:00,SHORT,68,4064.44000,BLOCKED:PositionOpen
2025.10.27 02:15:00,SHORT,72,4069.46000,BLOCKED:PositionOpen
2025.10.27 02:20:00,SHORT,72,4064.25000,BLOCKED:PositionOpen
2025.10.27 02:40:00,SHORT,44,4075.47000,BLOCKED:PositionOpen
2025.10.27 02:45:00,SHORT,54,4074.89000,BLOCKED:PositionOpen
2025.10.27 05:05:00,SHORT,72,4069.43000,BLOCKED:PositionOpen
2025.10.27 10:05:00,SHORT,60,4065.17000,BLOCKED:PositionOpen
2025.10.27 10:25:00,SHORT,58,4058.57000,BLOCKED:PositionOpen
2025.10.27 10:30:00,SHORT,48,4058.63000,BLOCKED:PositionOpen
2025.10.27 10:45:00,SHORT,77,4058.83000,BLOCKED:PositionOpen
2025.10.27 10:55:00,SHORT,64,4040.07000,BLOCKED:PositionOpen
2025.10.27 11:55:00,SHORT,77,4039.82000,BLOCKED:PositionOpen
2025.10.27 12:00:00,SHORT,51,4039.72000,BLOCKED:PositionOpen
2025.10.27 12:15:00,SHORT,49,4043.52000,BLOCKED:PositionOpen
2025.10.27 13:15:00,SHORT,74,4030.75000,BLOCKED:PositionOpen
2025.10.27 16:40:00,SHORT,77,3986.75000,BLOCKED:DailyQuota
2025.10.27 17:00:00,SHORT,65,3987.85000,BLOCKED:DailyQuota
2025.10.27 17:05:00,SHORT,67,3980.81000,BLOCKED:DailyQuota
2025.10.27 17:10:00,SHORT,51,3974.64000,BLOCKED:DailyQuota
2025.10.27 17:25:00,SHORT,52,3981.13000,BLOCKED:DailyQuota
2025.10.27 17:40:00,SHORT,77,3987.08000,BLOCKED:DailyQuota
2025.10.27 17:45:00,SHORT,77,3981.59000,BLOCKED:DailyQuota
2025.10.27 21:45:00,SHORT,44,3987.97000,BLOCKED:DailyQuota
2025.10.27 21:55:00,SHORT,49,3986.33000,BLOCKED:DailyQuota
2025.10.27 22:40:00,SHORT,61,3992.33000,BLOCKED:DailyQuota
2025.10.27 22:45:00,SHORT,62,3987.74000,BLOCKED:DailyQuota
2025.10.27 22:55:00,SHORT,72,3979.97000,BLOCKED:DailyQuota
2025.10.28 01:05:00,SHORT,46,3986.91000,OK
2025.10.28 01:10:00,SHORT,61,3985.49000,BLOCKED:PositionOpen
2025.10.28 01:15:00,SHORT,72,3982.91000,BLOCKED:PositionOpen
2025.10.28 04:55:00,SHORT,72,3983.13000,BLOCKED:DailyQuota
2025.10.28 05:35:00,SHORT,49,3989.10000,BLOCKED:DailyQuota
2025.10.28 05:40:00,SHORT,56,3986.20000,BLOCKED:DailyQuota
2025.10.28 05:55:00,SHORT,32,3991.58000,BLOCKED:DailyQuota
2025.10.28 07:05:00,SHORT,45,3973.35000,BLOCKED:DailyQuota
2025.10.28 07:40:00,SHORT,72,3960.11000,BLOCKED:DailyQuota
2025.10.28 07:55:00,SHORT,72,3963.28000,BLOCKED:DailyQuota
2025.10.28 08:20:00,SHORT,25,3955.41000,BLOCKED:DailyQuota
2025.10.28 08:55:00,SHORT,77,3942.49000,BLOCKED:DailyQuota
2025.10.28 09:40:00,SHORT,77,3928.41000,BLOCKED:DailyQuota
2025.10.28 09:55:00,SHORT,47,3934.58000,BLOCKED:DailyQuota
2025.10.28 10:05:00,SHORT,77,3927.65000,BLOCKED:DailyQuota
2025.10.28 10:10:00,SHORT,66,3925.31000,BLOCKED:DailyQuota
2025.10.28 10:15:00,SHORT,77,3921.82000,BLOCKED:DailyQuota
2025.10.28 10:55:00,SHORT,77,3903.25000,BLOCKED:DailyQuota
2025.10.28 11:25:00,SHORT,53,3903.83000,BLOCKED:DailyQuota
2025.10.28 11:40:00,SHORT,60,3901.80000,BLOCKED:DailyQuota
2025.10.28 11:50:00,SHORT,74,3904.22000,BLOCKED:DailyQuota
2025.10.28 11:55:00,SHORT,77,3901.98000,BLOCKED:DailyQuota
2025.10.28 21:15:00,SHORT,69,3953.48000,BLOCKED:DailyQuota
2025.10.29 00:35:00,SHORT,69,3941.86000,OK
2025.10.29 07:25:00,SHORT,34,3959.90000,BLOCKED:DailyQuota
2025.10.29 07:30:00,SHORT,76,3957.75000,BLOCKED:DailyQuota
2025.10.29 17:45:00,SHORT,64,4004.14000,BLOCKED:DailyQuota
2025.10.29 18:15:00,SHORT,77,3997.13000,BLOCKED:DailyQuota
2025.10.29 18:30:00,SHORT,77,3998.53000,BLOCKED:DailyQuota
2025.10.29 18:35:00,SHORT,36,3998.43000,BLOCKED:DailyQuota
2025.10.29 18:55:00,SHORT,51,3994.78000,BLOCKED:DailyQuota
2025.10.29 19:05:00,SHORT,47,3992.33000,BLOCKED:DailyQuota
2025.10.29 20:00:00,SHORT,43,3994.59000,BLOCKED:DailyQuota
2025.10.29 21:40:00,SHORT,72,3940.10000,BLOCKED:DailyQuota
2025.10.29 21:45:00,SHORT,72,3929.09000,BLOCKED:DailyQuota
2025.10.29 22:10:00,SHORT,72,3938.60000,BLOCKED:DailyQuota
2025.10.29 22:40:00,SHORT,72,3944.61000,BLOCKED:DailyQuota
2025.10.30 00:05:00,SHORT,75,3922.22000,OK
2025.10.30 04:45:00,SHORT,68,3937.20000,BLOCKED:PositionOpen
2025.10.30 13:15:00,SHORT,60,3977.10000,BLOCKED:DailyQuota
2025.10.30 13:25:00,SHORT,77,3970.84000,BLOCKED:DailyQuota
2025.10.30 13:55:00,SHORT,49,3973.12000,BLOCKED:DailyQuota
2025.10.30 14:30:00,SHORT,57,3970.86000,BLOCKED:DailyQuota
2025.10.31 05:00:00,SHORT,52,4011.34000,OK
2025.10.31 05:05:00,SHORT,72,4005.34000,BLOCKED:PositionOpen
2025.10.31 05:50:00,SHORT,46,3997.04000,BLOCKED:PositionOpen
2025.10.31 11:50:00,SHORT,56,4001.31000,BLOCKED:PositionOpen
2025.10.31 13:50:00,SHORT,62,4006.97000,BLOCKED:PositionOpen
2025.10.31 16:50:00,SHORT,79,4014.13000,BLOCKED:DailyQuota
2025.10.31 17:05:00,SHORT,78,4013.93000,BLOCKED:DailyQuota
2025.10.31 17:10:00,SHORT,60,4012.87000,BLOCKED:DailyQuota
2025.10.31 18:00:00,SHORT,66,4012.88000,BLOCKED:DailyQuota
2025.10.31 18:05:00,SHORT,75,4005.63000,BLOCKED:DailyQuota
2025.10.31 19:15:00,SHORT,48,3982.84000,BLOCKED:DailyQuota
2025.10.31 19:30:00,SHORT,59,3984.34000,BLOCKED:DailyQuota
2025.10.31 22:05:00,SHORT,72,3998.80000,BLOCKED:DailyQuota
2025.10.31 22:10:00,SHORT,71,3998.26000,BLOCKED:DailyQuota
2025.11.03 02:20:00,SHORT,74,3963.50000,OK
2025.11.03 02:30:00,SHORT,35,3970.52000,BLOCKED:PositionOpen
2025.11.03 02:35:00,SHORT,72,3966.89000,BLOCKED:PositionOpen
2025.11.03 02:55:00,SHORT,72,3968.35000,BLOCKED:PositionOpen
2025.11.03 03:05:00,SHORT,43,3969.95000,BLOCKED:PositionOpen
2025.11.03 11:45:00,SHORT,57,3996.94000,BLOCKED:DailyQuota
2025.11.03 12:45:00,SHORT,41,3997.99000,BLOCKED:DailyQuota
2025.11.03 12:50:00,SHORT,77,3996.31000,BLOCKED:DailyQuota
2025.11.03 13:05:00,SHORT,72,3998.58000,BLOCKED:DailyQuota
2025.11.03 19:00:00,SHORT,75,4008.26000,BLOCKED:DailyQuota
2025.11.03 21:05:00,SHORT,56,3997.72000,BLOCKED:DailyQuota
2025.11.04 01:00:00,SHORT,50,4001.56000,OK
2025.11.04 01:40:00,SHORT,43,3996.72000,BLOCKED:PositionOpen
2025.11.04 01:50:00,SHORT,52,3996.53000,BLOCKED:PositionOpen
2025.11.04 02:45:00,SHORT,72,3979.92000,BLOCKED:PositionOpen
2025.11.04 03:25:00,SHORT,49,3986.70000,BLOCKED:PositionOpen
2025.11.04 03:35:00,SHORT,43,3983.43000,BLOCKED:PositionOpen
2025.11.04 04:00:00,SHORT,56,3987.38000,BLOCKED:PositionOpen
2025.11.04 04:05:00,SHORT,72,3978.52000,BLOCKED:PositionOpen
2025.11.04 07:35:00,SHORT,45,3979.67000,BLOCKED:PositionOpen
2025.11.04 07:45:00,SHORT,51,3976.43000,BLOCKED:PositionOpen
2025.11.04 12:05:00,SHORT,55,3988.55000,BLOCKED:DailyQuota
2025.11.04 12:25:00,SHORT,71,3991.72000,BLOCKED:DailyQuota
2025.11.04 15:30:00,SHORT,77,3983.84000,BLOCKED:DailyQuota
2025.11.04 16:00:00,SHORT,69,3975.24000,BLOCKED:DailyQuota
2025.11.04 17:05:00,SHORT,71,3949.56000,BLOCKED:DailyQuota
2025.11.04 20:00:00,SHORT,63,3954.79000,BLOCKED:DailyQuota
2025.11.04 20:15:00,SHORT,75,3950.83000,BLOCKED:DailyQuota
2025.11.04 20:40:00,SHORT,53,3935.27000,BLOCKED:DailyQuota
2025.11.04 21:30:00,SHORT,72,3941.65000,BLOCKED:DailyQuota
2025.11.04 21:40:00,SHORT,64,3940.43000,BLOCKED:DailyQuota
2025.11.04 21:45:00,SHORT,68,3938.05000,BLOCKED:DailyQuota
2025.11.04 21:50:00,SHORT,56,3936.60000,BLOCKED:DailyQuota
2025.11.04 22:05:00,SHORT,56,3931.60000,BLOCKED:DailyQuota
2025.11.04 23:05:00,SHORT,56,3934.41000,BLOCKED:DailyQuota
2025.11.04 23:15:00,SHORT,58,3934.31000,BLOCKED:DailyQuota
2025.11.05 11:45:00,SHORT,40,3969.61000,OK
2025.11.05 12:15:00,SHORT,58,3963.84000,BLOCKED:PositionOpen
2025.11.05 12:55:00,SHORT,77,3962.27000,BLOCKED:PositionOpen
2025.11.05 20:45:00,SHORT,87,3979.67000,BLOCKED:DailyQuota
2025.11.05 23:45:00,SHORT,45,3982.13000,BLOCKED:DailyQuota
2025.11.05 23:55:00,SHORT,45,3978.82000,BLOCKED:DailyQuota
2025.11.06 01:20:00,SHORT,46,3970.06000,OK
2025.11.06 01:45:00,SHORT,50,3973.28000,BLOCKED:PositionOpen
2025.11.06 01:55:00,SHORT,49,3973.70000,BLOCKED:PositionOpen
2025.11.06 03:30:00,SHORT,45,3969.05000,BLOCKED:PositionOpen
2025.11.06 10:25:00,LONG,77,4013.33000,BLOCKED:DailyQuota
2025.11.06 10:30:00,LONG,77,4015.75000,BLOCKED:DailyQuota
2025.11.06 10:40:00,LONG,54,4013.86000,BLOCKED:DailyQuota
2025.11.06 10:50:00,LONG,65,4011.39000,BLOCKED:DailyQuota
2025.11.06 10:55:00,LONG,77,4012.69000,BLOCKED:DailyQuota
2025.11.06 11:00:00,LONG,77,4014.85000,BLOCKED:DailyQuota
2025.11.06 11:25:00,LONG,55,4013.26000,BLOCKED:DailyQuota
2025.11.06 11:35:00,LONG,30,4013.11000,BLOCKED:DailyQuota
2025.11.06 14:20:00,LONG,51,4014.08000,BLOCKED:DailyQuota
2025.11.06 17:30:00,SHORT,64,3986.94000,BLOCKED:DailyQuota
2025.11.06 17:35:00,SHORT,55,3981.81000,BLOCKED:DailyQuota
2025.11.06 17:40:00,SHORT,77,3979.93000,BLOCKED:DailyQuota
2025.11.06 17:45:00,SHORT,63,3978.42000,BLOCKED:DailyQuota
2025.11.06 18:15:00,SHORT,75,3981.87000,BLOCKED:DailyQuota
2025.11.06 23:00:00,SHORT,51,3980.39000,BLOCKED:DailyQuota
2025.11.06 23:10:00,SHORT,45,3980.36000,BLOCKED:DailyQuota
2025.11.06 23:20:00,SHORT,61,3979.69000,BLOCKED:DailyQuota
2025.11.06 23:25:00,SHORT,44,3979.78000,BLOCKED:DailyQuota
2025.11.07 06:15:00,SHORT,54,3991.10000,OK
2025.11.07 09:05:00,LONG,27,4007.50000,BLOCKED:DailyQuota
2025.11.07 09:55:00,LONG,70,4005.76000,BLOCKED:DailyQuota
2025.11.07 10:10:00,LONG,77,4007.89000,BLOCKED:DailyQuota
2025.11.07 10:15:00,LONG,52,4009.87000,BLOCKED:DailyQuota
2025.11.07 11:05:00,LONG,39,4010.68000,BLOCKED:DailyQuota
2025.11.07 14:40:00,SHORT,50,3997.13000,BLOCKED:DailyQuota
2025.11.07 14:45:00,SHORT,71,3996.40000,BLOCKED:DailyQuota
2025.11.07 15:45:00,SHORT,47,3993.88000,BLOCKED:DailyQuota
2025.11.07 20:55:00,LONG,61,4006.36000,BLOCKED:DailyQuota
2025.11.07 21:05:00,LONG,42,4006.79000,BLOCKED:DailyQuota
2025.11.07 21:10:00,LONG,32,4007.28000,BLOCKED:DailyQuota
2025.11.07 21:15:00,LONG,69,4008.02000,BLOCKED:DailyQuota
2025.11.07 23:30:00,SHORT,35,4001.97000,BLOCKED:DailyQuota
2025.11.07 23:35:00,SHORT,60,4000.60000,BLOCKED:DailyQuota
2025.11.07 23:40:00,SHORT,61,3999.38000,BLOCKED:DailyQuota
2025.11.10 01:05:00,LONG,75,4006.77000,OK
2025.11.10 01:10:00,LONG,47,4009.62000,BLOCKED:PositionOpen
2025.11.10 01:15:00,LONG,46,4010.67000,BLOCKED:PositionOpen
2025.11.10 03:15:00,LONG,65,4027.03000,BLOCKED:PositionOpen
2025.11.10 03:30:00,LONG,72,4048.10000,BLOCKED:DailyQuota
2025.11.10 03:35:00,LONG,72,4050.76000,BLOCKED:DailyQuota
2025.11.10 04:15:00,LONG,47,4044.67000,BLOCKED:DailyQuota
2025.11.10 04:20:00,LONG,59,4045.21000,BLOCKED:DailyQuota
2025.11.10 04:40:00,LONG,54,4043.19000,BLOCKED:DailyQuota
2025.11.10 04:45:00,LONG,72,4044.75000,BLOCKED:DailyQuota
2025.11.10 06:10:00,LONG,72,4054.89000,BLOCKED:DailyQuota
2025.11.10 06:15:00,LONG,72,4056.26000,BLOCKED:DailyQuota
2025.11.10 07:00:00,LONG,72,4054.34000,BLOCKED:DailyQuota
2025.11.10 07:35:00,LONG,72,4059.63000,BLOCKED:DailyQuota
2025.11.10 08:25:00,LONG,52,4071.95000,BLOCKED:DailyQuota
2025.11.10 08:55:00,LONG,59,4073.36000,BLOCKED:DailyQuota
2025.11.10 09:00:00,LONG,76,4075.06000,BLOCKED:DailyQuota
2025.11.10 09:10:00,LONG,77,4075.28000,BLOCKED:DailyQuota
2025.11.10 09:15:00,LONG,77,4078.73000,BLOCKED:DailyQuota
2025.11.10 09:30:00,LONG,77,4075.71000,BLOCKED:DailyQuota
2025.11.10 09:35:00,LONG,62,4077.49000,BLOCKED:DailyQuota
2025.11.10 09:50:00,LONG,57,4077.75000,BLOCKED:DailyQuota
2025.11.10 10:25:00,LONG,76,4078.86000,BLOCKED:DailyQuota
2025.11.10 11:00:00,LONG,69,4082.60000,BLOCKED:DailyQuota
2025.11.10 14:50:00,LONG,62,4095.73000,BLOCKED:DailyQuota
2025.11.10 14:55:00,LONG,56,4099.76000,BLOCKED:DailyQuota
2025.11.10 15:05:00,LONG,59,4105.10000,BLOCKED:DailyQuota
2025.11.10 15:25:00,LONG,47,4103.58000,BLOCKED:DailyQuota
2025.11.10 15:45:00,LONG,77,4097.96000,BLOCKED:DailyQuota
2025.11.10 18:15:00,LONG,78,4091.47000,BLOCKED:DailyQuota
2025.11.10 19:25:00,LONG,50,4096.91000,BLOCKED:DailyQuota
2025.11.10 19:30:00,LONG,52,4097.15000,BLOCKED:DailyQuota
2025.11.10 20:25:00,LONG,69,4109.99000,BLOCKED:DailyQuota
2025.11.10 20:30:00,LONG,77,4114.43000,BLOCKED:DailyQuota
2025.11.10 20:55:00,LONG,51,4107.69000,BLOCKED:DailyQuota
2025.11.10 21:25:00,LONG,72,4113.05000,BLOCKED:DailyQuota
2025.11.10 21:30:00,LONG,72,4114.57000,BLOCKED:DailyQuota
2025.11.10 21:50:00,LONG,59,4111.55000,BLOCKED:DailyQuota
2025.11.10 22:30:00,LONG,36,4111.22000,BLOCKED:DailyQuota
2025.11.11 01:00:00,LONG,64,4115.66000,OK
2025.11.11 01:50:00,LONG,52,4122.21000,BLOCKED:PositionOpen
2025.11.11 02:10:00,LONG,57,4118.40000,BLOCKED:PositionOpen
2025.11.11 02:20:00,LONG,38,4120.51000,BLOCKED:PositionOpen
2025.11.11 02:25:00,LONG,53,4121.29000,BLOCKED:PositionOpen
2025.11.11 02:30:00,LONG,45,4124.93000,BLOCKED:PositionOpen
2025.11.11 02:35:00,LONG,46,4127.21000,BLOCKED:PositionOpen
2025.11.11 04:00:00,LONG,55,4136.43000,BLOCKED:DailyQuota
2025.11.11 04:10:00,LONG,55,4134.83000,BLOCKED:DailyQuota
2025.11.11 04:25:00,LONG,43,4136.93000,BLOCKED:DailyQuota
2025.11.11 04:45:00,LONG,64,4139.15000,BLOCKED:DailyQuota
2025.11.11 06:20:00,LONG,66,4144.19000,BLOCKED:DailyQuota
2025.11.11 06:35:00,LONG,49,4144.56000,BLOCKED:DailyQuota
2025.11.11 06:40:00,LONG,57,4145.50000,BLOCKED:DailyQuota
2025.11.11 11:30:00,LONG,77,4143.96000,BLOCKED:DailyQuota
2025.11.11 12:15:00,LONG,73,4141.38000,BLOCKED:DailyQuota
2025.11.11 12:20:00,LONG,53,4142.48000,BLOCKED:DailyQuota
2025.11.11 12:25:00,LONG,77,4144.08000,BLOCKED:DailyQuota
2025.11.11 22:15:00,LONG,71,4127.34000,BLOCKED:DailyQuota
2025.11.11 22:20:00,LONG,36,4127.88000,BLOCKED:DailyQuota
2025.11.11 22:40:00,LONG,72,4129.06000,BLOCKED:DailyQuota
2025.11.11 22:45:00,LONG,39,4129.75000,BLOCKED:DailyQuota
2025.11.11 22:50:00,LONG,38,4129.53000,BLOCKED:DailyQuota
2025.11.11 23:10:00,LONG,29,4129.51000,BLOCKED:DailyQuota
2025.11.11 23:15:00,LONG,48,4130.31000,BLOCKED:DailyQuota
2025.11.11 23:20:00,LONG,46,4130.49000,BLOCKED:DailyQuota
2025.11.12 01:05:00,LONG,47,4130.75000,OK
2025.11.12 02:35:00,LONG,60,4142.94000,BLOCKED:DailyQuota
2025.11.12 09:10:00,LONG,77,4122.29000,BLOCKED:DailyQuota
2025.11.12 09:15:00,LONG,54,4124.74000,BLOCKED:DailyQuota
2025.11.12 09:30:00,LONG,51,4124.14000,BLOCKED:DailyQuota
2025.11.12 09:50:00,LONG,78,4117.74000,BLOCKED:DailyQuota
2025.11.12 10:00:00,LONG,71,4117.41000,BLOCKED:DailyQuota
2025.11.12 14:10:00,LONG,71,4128.49000,BLOCKED:DailyQuota
2025.11.12 14:15:00,LONG,68,4130.79000,BLOCKED:DailyQuota
2025.11.12 16:55:00,LONG,66,4139.43000,BLOCKED:DailyQuota
2025.11.12 17:35:00,LONG,58,4177.99000,BLOCKED:DailyQuota
2025.11.12 18:30:00,LONG,53,4186.98000,BLOCKED:DailyQuota
2025.11.12 18:45:00,LONG,77,4193.55000,BLOCKED:DailyQuota
2025.11.12 18:55:00,LONG,52,4194.49000,BLOCKED:DailyQuota
2025.11.12 19:00:00,LONG,75,4196.58000,BLOCKED:DailyQuota
2025.11.12 19:05:00,LONG,77,4202.26000,BLOCKED:DailyQuota
2025.11.12 19:35:00,LONG,77,4201.32000,BLOCKED:DailyQuota
2025.11.12 19:40:00,LONG,52,4204.18000,BLOCKED:DailyQuota
2025.11.12 20:25:00,LONG,77,4204.13000,BLOCKED:DailyQuota
2025.11.12 20:30:00,LONG,61,4207.89000,BLOCKED:DailyQuota
2025.11.13 05:10:00,LONG,59,4199.80000,OK
2025.11.13 05:25:00,LONG,72,4203.96000,BLOCKED:PositionOpen
2025.11.13 06:10:00,LONG,59,4218.49000,BLOCKED:PositionOpen
2025.11.13 06:30:00,LONG,47,4209.84000,BLOCKED:PositionOpen
2025.11.13 06:40:00,LONG,67,4208.41000,BLOCKED:PositionOpen
2025.11.13 07:10:00,LONG,58,4215.56000,BLOCKED:PositionOpen
2025.11.13 07:15:00,LONG,50,4217.44000,BLOCKED:PositionOpen
2025.11.13 09:55:00,LONG,73,4218.50000,BLOCKED:PositionOpen
2025.11.13 10:25:00,LONG,76,4237.09000,BLOCKED:PositionOpen
2025.11.13 10:30:00,LONG,52,4237.57000,BLOCKED:PositionOpen
2025.11.13 10:45:00,LONG,47,4236.21000,BLOCKED:DailyQuota
2025.11.13 10:50:00,LONG,42,4236.28000,BLOCKED:DailyQuota
2025.11.13 11:35:00,LONG,70,4232.21000,BLOCKED:DailyQuota
2025.11.13 15:00:00,LONG,77,4242.46000,BLOCKED:DailyQuota
2025.11.13 23:10:00,LONG,72,4180.28000,BLOCKED:DailyQuota
2025.11.14 01:30:00,LONG,25,4179.31000,OK
2025.11.14 01:40:00,LONG,72,4181.82000,BLOCKED:PositionOpen
2025.11.14 02:15:00,LONG,44,4185.86000,BLOCKED:PositionOpen
2025.11.14 02:20:00,LONG,46,4188.63000,BLOCKED:PositionOpen
2025.11.14 02:40:00,LONG,72,4189.54000,BLOCKED:PositionOpen
2025.11.14 05:10:00,LONG,42,4207.56000,BLOCKED:PositionOpen
2025.11.14 05:20:00,LONG,59,4207.59000,BLOCKED:PositionOpen
2025.11.14 05:25:00,LONG,72,4210.79000,BLOCKED:PositionOpen
2025.11.14 05:30:00,LONG,47,4210.96000,BLOCKED:PositionOpen
2025.11.14 06:05:00,LONG,58,4204.98000,BLOCKED:PositionOpen
2025.11.14 15:20:00,SHORT,77,4076.42000,BLOCKED:DailyQuota
2025.11.14 15:25:00,SHORT,77,4071.37000,BLOCKED:DailyQuota
2025.11.14 15:30:00,SHORT,77,4054.80000,BLOCKED:DailyQuota
2025.11.14 15:45:00,SHORT,51,4054.97000,BLOCKED:DailyQuota
2025.11.14 15:50:00,SHORT,77,4052.20000,BLOCKED:DailyQuota
2025.11.14 15:55:00,SHORT,77,4050.89000,BLOCKED:DailyQuota
2025.11.14 16:05:00,SHORT,73,4049.06000,BLOCKED:DailyQuota
2025.11.14 16:30:00,SHORT,59,4052.27000,BLOCKED:DailyQuota
2025.11.14 16:50:00,SHORT,77,4063.97000,BLOCKED:DailyQuota
2025.11.14 18:45:00,LONG,77,4108.78000,BLOCKED:DailyQuota
2025.11.14 19:05:00,LONG,51,4109.44000,BLOCKED:DailyQuota
2025.11.14 20:20:00,SHORT,60,4089.52000,BLOCKED:DailyQuota
2025.11.14 21:20:00,SHORT,81,4093.91000,BLOCKED:DailyQuota
2025.11.14 22:55:00,SHORT,60,4086.30000,BLOCKED:DailyQuota
2025.11.14 23:30:00,SHORT,51,4082.82000,BLOCKED:DailyQuota
2025.11.17 03:00:00,SHORT,47,4083.01000,OK
2025.11.17 03:20:00,SHORT,82,4087.91000,BLOCKED:PositionOpen
2025.11.17 05:25:00,SHORT,72,4077.22000,BLOCKED:PositionOpen
2025.11.17 06:15:00,SHORT,72,4084.02000,BLOCKED:PositionOpen
2025.11.17 07:50:00,SHORT,56,4057.04000,BLOCKED:PositionOpen
2025.11.17 08:25:00,SHORT,51,4060.17000,BLOCKED:PositionOpen
2025.11.17 16:45:00,SHORT,79,4074.27000,BLOCKED:PositionOpen
2025.11.17 21:10:00,SHORT,48,4058.03000,BLOCKED:PositionOpen
2025.11.17 22:00:00,SHORT,61,4011.14000,BLOCKED:DailyQuota
2025.11.17 22:35:00,SHORT,50,4025.55000,BLOCKED:DailyQuota
2025.11.18 02:45:00,SHORT,75,4037.01000,OK
2025.11.18 02:55:00,SHORT,61,4032.45000,BLOCKED:PositionOpen
2025.11.18 04:40:00,SHORT,48,4033.50000,BLOCKED:PositionOpen
2025.11.18 05:00:00,SHORT,72,4017.79000,BLOCKED:PositionOpen
2025.11.18 05:10:00,SHORT,63,4014.65000,BLOCKED:PositionOpen
2025.11.18 05:20:00,SHORT,72,4009.81000,BLOCKED:PositionOpen
2025.11.18 06:15:00,SHORT,32,4011.13000,BLOCKED:PositionOpen
2025.11.18 06:20:00,SHORT,72,4007.62000,BLOCKED:PositionOpen
2025.11.18 06:25:00,SHORT,47,4007.65000,BLOCKED:PositionOpen
2025.11.18 09:30:00,SHORT,62,4002.26000,BLOCKED:PositionOpen
2025.11.18 09:35:00,SHORT,71,4001.54000,BLOCKED:PositionOpen
2025.11.18 14:25:00,SHORT,59,4036.50000,BLOCKED:DailyQuota
2025.11.18 23:40:00,SHORT,74,4067.09000,BLOCKED:DailyQuota
2025.11.18 23:55:00,SHORT,31,4066.70000,BLOCKED:DailyQuota
2025.11.19 04:00:00,SHORT,56,4059.09000,OK
2025.11.19 04:15:00,SHORT,44,4059.92000,BLOCKED:PositionOpen
2025.11.19 04:25:00,SHORT,47,4061.61000,BLOCKED:PositionOpen
2025.11.19 08:00:00,LONG,56,4095.28000,BLOCKED:DailyQuota
2025.11.19 08:15:00,LONG,37,4097.02000,BLOCKED:DailyQuota
2025.11.19 08:30:00,LONG,49,4092.37000,BLOCKED:DailyQuota
2025.11.19 08:40:00,LONG,60,4095.10000,BLOCKED:DailyQuota
2025.11.19 08:50:00,LONG,49,4094.26000,BLOCKED:DailyQuota
2025.11.19 08:55:00,LONG,57,4094.25000,BLOCKED:DailyQuota
2025.11.19 11:50:00,LONG,77,4103.88000,BLOCKED:DailyQuota
2025.11.19 12:20:00,LONG,49,4114.73000,BLOCKED:DailyQuota
2025.11.19 12:40:00,LONG,72,4113.59000,BLOCKED:DailyQuota
2025.11.19 12:55:00,LONG,62,4112.21000,BLOCKED:DailyQuota
2025.11.19 13:10:00,LONG,52,4109.00000,BLOCKED:DailyQuota
2025.11.19 13:15:00,LONG,63,4110.15000,BLOCKED:DailyQuota
2025.11.19 13:20:00,LONG,77,4117.28000,BLOCKED:DailyQuota
2025.11.19 14:50:00,LONG,71,4118.56000,BLOCKED:DailyQuota
2025.11.19 16:55:00,LONG,67,4117.78000,BLOCKED:DailyQuota
2025.11.19 19:00:00,SHORT,77,4074.06000,BLOCKED:DailyQuota
2025.11.19 19:05:00,SHORT,77,4060.96000,BLOCKED:DailyQuota
2025.11.19 20:55:00,LONG,68,4089.89000,BLOCKED:DailyQuota
2025.11.19 22:35:00,SHORT,72,4077.13000,BLOCKED:DailyQuota
2025.11.19 22:50:00,SHORT,65,4072.37000,BLOCKED:DailyQuota
2025.11.20 01:55:00,LONG,74,4106.21000,OK
2025.11.20 02:05:00,LONG,58,4105.43000,BLOCKED:PositionOpen
2025.11.20 02:10:00,LONG,52,4108.56000,BLOCKED:PositionOpen
2025.11.20 02:35:00,LONG,49,4106.31000,BLOCKED:PositionOpen
2025.11.20 02:45:00,LONG,53,4105.27000,BLOCKED:PositionOpen
2025.11.20 08:35:00,SHORT,71,4062.15000,BLOCKED:DailyQuota
2025.11.20 09:45:00,SHORT,55,4059.73000,BLOCKED:DailyQuota
2025.11.20 09:50:00,SHORT,45,4058.93000,BLOCKED:DailyQuota
2025.11.20 15:05:00,LONG,73,4088.15000,BLOCKED:DailyQuota
2025.11.20 15:10:00,LONG,77,4091.45000,BLOCKED:DailyQuota
2025.11.20 15:40:00,LONG,77,4092.94000,BLOCKED:DailyQuota
2025.11.20 15:50:00,LONG,56,4089.12000,BLOCKED:DailyQuota
2025.11.20 18:30:00,SHORT,77,4064.23000,BLOCKED:DailyQuota
2025.11.20 19:30:00,SHORT,72,4056.14000,BLOCKED:DailyQuota
2025.11.20 19:35:00,SHORT,77,4052.24000,BLOCKED:DailyQuota
2025.11.20 19:45:00,SHORT,50,4052.15000,BLOCKED:DailyQuota
2025.11.20 21:30:00,LONG,48,4084.42000,BLOCKED:DailyQuota
2025.11.21 03:25:00,SHORT,75,4064.10000,OK
2025.11.21 03:30:00,SHORT,72,4062.04000,BLOCKED:PositionOpen
2025.11.21 04:20:00,SHORT,47,4066.35000,BLOCKED:PositionOpen
2025.11.21 06:15:00,SHORT,72,4055.10000,BLOCKED:PositionOpen
2025.11.21 06:25:00,SHORT,57,4056.32000,BLOCKED:PositionOpen
2025.11.21 07:50:00,SHORT,68,4047.29000,BLOCKED:PositionOpen
2025.11.21 09:40:00,SHORT,77,4032.43000,BLOCKED:PositionOpen
2025.11.21 09:50:00,SHORT,77,4032.33000,BLOCKED:PositionOpen
2025.11.21 12:55:00,SHORT,54,4037.78000,BLOCKED:PositionOpen
2025.11.21 13:00:00,SHORT,64,4037.09000,BLOCKED:PositionOpen
2025.11.21 13:15:00,SHORT,83,4040.45000,BLOCKED:PositionOpen
2025.11.21 13:20:00,SHORT,64,4039.31000,BLOCKED:PositionOpen
2025.11.21 13:30:00,SHORT,58,4039.65000,BLOCKED:PositionOpen
2025.11.21 13:35:00,SHORT,49,4038.35000,BLOCKED:PositionOpen
2025.11.21 16:00:00,LONG,57,4079.71000,BLOCKED:PositionOpen
2025.11.21 17:40:00,SHORT,89,4061.49000,BLOCKED:PositionOpen
2025.11.21 19:45:00,LONG,39,4083.49000,BLOCKED:DailyQuota
2025.11.21 19:50:00,LONG,52,4085.70000,BLOCKED:DailyQuota
2025.11.21 19:55:00,LONG,77,4087.95000,BLOCKED:DailyQuota
2025.11.21 20:10:00,LONG,56,4085.60000,BLOCKED:DailyQuota
2025.11.21 23:10:00,SHORT,63,4055.43000,BLOCKED:DailyQuota
2025.11.21 23:30:00,SHORT,50,4062.25000,BLOCKED:DailyQuota
2025.11.21 23:45:00,SHORT,67,4065.02000,BLOCKED:DailyQuota
2025.11.24 02:50:00,SHORT,42,4065.20000,OK
2025.11.24 02:55:00,SHORT,41,4064.59000,BLOCKED:PositionOpen
2025.11.24 03:35:00,SHORT,45,4054.90000,BLOCKED:PositionOpen
2025.11.24 04:45:00,SHORT,72,4047.56000,BLOCKED:PositionOpen
2025.11.24 04:50:00,SHORT,67,4044.07000,BLOCKED:PositionOpen
2025.11.24 05:15:00,SHORT,55,4046.82000,BLOCKED:PositionOpen
2025.11.24 05:20:00,SHORT,36,4046.71000,BLOCKED:PositionOpen
2025.11.24 07:50:00,SHORT,50,4041.99000,BLOCKED:PositionOpen
2025.11.24 14:45:00,LONG,73,4079.44000,BLOCKED:DailyQuota
2025.11.24 15:55:00,LONG,45,4077.45000,BLOCKED:DailyQuota
2025.11.24 16:05:00,LONG,77,4079.26000,BLOCKED:DailyQuota
2025.11.24 18:25:00,LONG,65,4094.03000,BLOCKED:DailyQuota
2025.11.24 18:35:00,LONG,50,4096.26000,BLOCKED:DailyQuota
2025.11.24 18:40:00,LONG,62,4096.60000,BLOCKED:DailyQuota
2025.11.24 18:45:00,LONG,77,4098.08000,BLOCKED:DailyQuota
2025.11.24 21:45:00,LONG,58,4116.18000,BLOCKED:DailyQuota
2025.11.24 21:50:00,LONG,49,4119.14000,BLOCKED:DailyQuota
2025.11.24 21:55:00,LONG,50,4119.68000,BLOCKED:DailyQuota
2025.11.24 22:05:00,LONG,72,4121.14000,BLOCKED:DailyQuota
2025.11.24 22:15:00,LONG,72,4122.17000,BLOCKED:DailyQuota
2025.11.24 22:30:00,LONG,66,4125.04000,BLOCKED:DailyQuota
2025.11.24 23:20:00,LONG,62,4132.90000,BLOCKED:DailyQuota
2025.11.24 23:40:00,LONG,48,4133.29000,BLOCKED:DailyQuota
2025.11.24 23:45:00,LONG,43,4139.77000,BLOCKED:DailyQuota
2025.11.24 23:50:00,LONG,26,4139.78000,BLOCKED:DailyQuota
2025.11.25 02:50:00,LONG,55,4135.57000,OK
2025.11.25 05:00:00,LONG,38,4151.07000,BLOCKED:DailyQuota
2025.11.25 05:10:00,LONG,56,4149.32000,BLOCKED:DailyQuota
2025.11.25 05:40:00,LONG,52,4143.22000,BLOCKED:DailyQuota
2025.11.25 13:15:00,LONG,73,4134.88000,BLOCKED:DailyQuota
2025.11.25 14:40:00,LONG,54,4136.12000,BLOCKED:DailyQuota
2025.11.25 16:25:00,LONG,78,4141.16000,BLOCKED:DailyQuota
2025.11.25 18:30:00,LONG,77,4140.66000,BLOCKED:DailyQuota
2025.11.25 18:40:00,LONG,77,4138.82000,BLOCKED:DailyQuota
2025.11.25 19:35:00,LONG,69,4157.85000,BLOCKED:DailyQuota
2025.11.25 20:00:00,LONG,52,4146.17000,BLOCKED:DailyQuota
2025.11.26 01:40:00,LONG,69,4135.35000,OK
2025.11.26 03:10:00,LONG,65,4143.90000,BLOCKED:PositionOpen
2025.11.26 03:25:00,LONG,31,4145.42000,BLOCKED:PositionOpen
2025.11.26 03:35:00,LONG,56,4147.34000,BLOCKED:PositionOpen
2025.11.26 03:40:00,LONG,51,4149.36000,BLOCKED:PositionOpen
2025.11.26 03:45:00,LONG,64,4150.48000,BLOCKED:DailyQuota
2025.11.26 04:30:00,LONG,72,4162.98000,BLOCKED:DailyQuota
2025.11.26 04:35:00,LONG,35,4163.61000,BLOCKED:DailyQuota
2025.11.26 04:50:00,LONG,55,4165.27000,BLOCKED:DailyQuota
2025.11.26 05:10:00,LONG,72,4166.97000,BLOCKED:DailyQuota
2025.11.26 05:40:00,LONG,65,4165.74000,BLOCKED:DailyQuota
2025.11.26 10:15:00,LONG,73,4165.98000,BLOCKED:DailyQuota
2025.11.26 10:20:00,LONG,52,4167.15000,BLOCKED:DailyQuota
2025.11.26 10:40:00,LONG,53,4163.08000,BLOCKED:DailyQuota
2025.11.26 11:00:00,LONG,61,4161.30000,BLOCKED:DailyQuota
2025.11.26 11:05:00,LONG,57,4164.45000,BLOCKED:DailyQuota
2025.11.26 14:25:00,LONG,45,4170.18000,BLOCKED:DailyQuota
2025.11.26 18:40:00,LONG,77,4164.76000,BLOCKED:DailyQuota
2025.11.26 18:45:00,LONG,77,4167.38000,BLOCKED:DailyQuota
2025.11.26 19:00:00,LONG,51,4167.07000,BLOCKED:DailyQuota
2025.11.26 19:45:00,LONG,26,4169.10000,BLOCKED:DailyQuota
2025.11.26 20:15:00,LONG,77,4171.24000,BLOCKED:DailyQuota
2025.11.26 22:25:00,LONG,79,4167.06000,BLOCKED:DailyQuota
2025.11.26 23:40:00,LONG,57,4167.03000,BLOCKED:DailyQuota
2025.11.27 01:45:00,LONG,68,4165.27000,OK
2025.11.27 09:25:00,LONG,37,4161.05000,BLOCKED:DailyQuota
2025.11.27 09:40:00,LONG,65,4159.79000,BLOCKED:DailyQuota
2025.11.27 09:50:00,LONG,47,4159.59000,BLOCKED:DailyQuota
2025.11.27 10:30:00,LONG,50,4165.22000,BLOCKED:DailyQuota
2025.11.27 10:50:00,LONG,71,4166.04000,BLOCKED:DailyQuota
2025.11.27 14:20:00,LONG,46,4158.20000,BLOCKED:DailyQuota
2025.11.27 17:30:00,LONG,47,4161.09000,BLOCKED:DailyQuota
2025.11.27 20:05:00,LONG,68,4158.14000,BLOCKED:DailyQuota
2025.11.27 21:00:00,LONG,35,4159.35000,BLOCKED:DailyQuota
2025.11.27 21:05:00,LONG,42,4159.68000,BLOCKED:DailyQuota
2025.11.28 02:35:00,LONG,75,4180.66000,OK
2025.11.28 02:45:00,LONG,45,4179.18000,BLOCKED:PositionOpen
2025.11.28 02:55:00,LONG,49,4182.61000,BLOCKED:PositionOpen
2025.11.28 03:25:00,LONG,50,4188.26000,BLOCKED:PositionOpen
2025.11.28 03:40:00,LONG,72,4190.85000,BLOCKED:PositionOpen
2025.11.28 03:45:00,LONG,60,4192.52000,BLOCKED:PositionOpen
2025.11.28 04:15:00,LONG,45,4189.56000,BLOCKED:PositionOpen
2025.11.28 04:20:00,LONG,43,4190.00000,BLOCKED:PositionOpen
2025.11.28 04:25:00,LONG,46,4191.12000,BLOCKED:PositionOpen
2025.11.28 08:45:00,LONG,81,4187.77000,BLOCKED:PositionOpen
2025.11.28 14:15:00,LONG,56,4176.95000,BLOCKED:DailyQuota
2025.11.28 14:40:00,LONG,72,4175.27000,BLOCKED:DailyQuota
2025.11.28 17:25:00,LONG,63,4190.01000,BLOCKED:DailyQuota
2025.11.28 17:30:00,LONG,54,4197.02000,BLOCKED:DailyQuota
2025.11.28 17:45:00,LONG,69,4197.36000,BLOCKED:DailyQuota
2025.11.28 18:50:00,LONG,44,4207.83000,BLOCKED:DailyQuota
2025.11.28 19:05:00,LONG,77,4209.29000,BLOCKED:DailyQuota
2025.11.28 19:10:00,LONG,50,4211.27000,BLOCKED:DailyQuota
2025.11.28 19:20:00,LONG,74,4208.21000,BLOCKED:DailyQuota
2025.11.28 19:50:00,LONG,70,4213.30000,BLOCKED:DailyQuota
2025.11.28 19:55:00,LONG,77,4215.53000,BLOCKED:DailyQuota
2025.11.28 20:20:00,LONG,68,4216.22000,BLOCKED:DailyQuota
2025.11.28 20:50:00,LONG,64,4223.34000,BLOCKED:DailyQuota
2025.11.28 21:25:00,LONG,45,4217.75000,BLOCKED:DailyQuota
2025.12.01 01:05:00,LONG,75,4225.76000,OK
2025.12.01 02:45:00,LONG,72,4232.13000,BLOCKED:DailyQuota
2025.12.01 02:55:00,LONG,72,4232.87000,BLOCKED:DailyQuota
2025.12.01 04:00:00,LONG,69,4255.22000,BLOCKED:DailyQuota
2025.12.01 04:50:00,LONG,51,4240.41000,BLOCKED:DailyQuota
2025.12.01 05:00:00,LONG,72,4242.88000,BLOCKED:DailyQuota
2025.12.01 06:50:00,LONG,44,4244.24000,BLOCKED:DailyQuota
2025.12.01 06:55:00,LONG,57,4246.23000,BLOCKED:DailyQuota
2025.12.01 07:10:00,LONG,44,4242.71000,BLOCKED:DailyQuota
2025.12.01 09:10:00,LONG,77,4238.53000,BLOCKED:DailyQuota
2025.12.01 09:25:00,LONG,80,4237.97000,BLOCKED:DailyQuota
2025.12.01 10:00:00,LONG,60,4246.71000,BLOCKED:DailyQuota
2025.12.01 10:05:00,LONG,77,4247.72000,BLOCKED:DailyQuota
2025.12.01 10:15:00,LONG,59,4251.22000,BLOCKED:DailyQuota
2025.12.01 10:20:00,LONG,61,4253.05000,BLOCKED:DailyQuota
2025.12.01 11:00:00,LONG,77,4245.06000,BLOCKED:DailyQuota
2025.12.01 11:05:00,LONG,54,4247.77000,BLOCKED:DailyQuota
2025.12.01 11:25:00,LONG,40,4248.90000,BLOCKED:DailyQuota
2025.12.01 20:45:00,LONG,77,4242.58000,BLOCKED:DailyQuota
2025.12.01 21:00:00,LONG,78,4240.48000,BLOCKED:DailyQuota
2025.12.01 21:40:00,LONG,63,4241.71000,BLOCKED:DailyQuota
2025.12.02 04:50:00,LONG,89,4224.28000,OK
2025.12.02 05:20:00,LONG,74,4226.22000,BLOCKED:PositionOpen
2025.12.02 14:25:00,LONG,77,4204.84000,BLOCKED:DailyQuota
2025.12.02 14:40:00,LONG,60,4206.27000,BLOCKED:DailyQuota
2025.12.02 14:50:00,LONG,42,4205.77000,BLOCKED:DailyQuota
2025.12.02 14:55:00,LONG,77,4208.40000,BLOCKED:DailyQuota
2025.12.02 15:00:00,LONG,52,4209.18000,BLOCKED:DailyQuota
2025.12.02 15:05:00,LONG,77,4211.77000,BLOCKED:DailyQuota
2025.12.02 15:25:00,LONG,61,4208.44000,BLOCKED:DailyQuota
2025.12.02 16:00:00,LONG,65,4212.49000,BLOCKED:DailyQuota
2025.12.02 19:35:00,LONG,95,4194.05000,BLOCKED:DailyQuota
2025.12.02 19:50:00,LONG,55,4196.54000,BLOCKED:DailyQuota
2025.12.02 20:05:00,LONG,76,4195.06000,BLOCKED:DailyQuota
2025.12.02 22:15:00,LONG,73,4198.56000,BLOCKED:DailyQuota
2025.12.02 22:30:00,LONG,63,4198.79000,BLOCKED:DailyQuota
2025.12.02 22:35:00,LONG,72,4204.06000,BLOCKED:DailyQuota
2025.12.02 22:40:00,LONG,72,4210.34000,BLOCKED:DailyQuota
2025.12.02 23:35:00,LONG,47,4210.84000,BLOCKED:DailyQuota
2025.12.03 04:30:00,LONG,75,4223.32000,OK
2025.12.03 04:35:00,LONG,72,4227.41000,BLOCKED:PositionOpen
2025.12.03 04:40:00,LONG,69,4228.78000,BLOCKED:PositionOpen
2025.12.03 05:20:00,LONG,52,4225.77000,BLOCKED:PositionOpen
2025.12.03 13:55:00,LONG,84,4206.53000,BLOCKED:DailyQuota
2025.12.03 14:40:00,LONG,64,4212.58000,BLOCKED:DailyQuota
2025.12.03 14:45:00,LONG,47,4214.36000,BLOCKED:DailyQuota
2025.12.03 14:55:00,LONG,51,4212.13000,BLOCKED:DailyQuota
2025.12.03 15:00:00,LONG,69,4213.72000,BLOCKED:DailyQuota
2025.12.03 15:20:00,LONG,55,4220.73000,BLOCKED:DailyQuota
2025.12.03 15:30:00,LONG,49,4220.99000,BLOCKED:DailyQuota
2025.12.03 16:00:00,LONG,76,4237.13000,BLOCKED:DailyQuota
2025.12.03 16:15:00,LONG,64,4226.98000,BLOCKED:DailyQuota
2025.12.03 18:35:00,LONG,63,4222.92000,BLOCKED:DailyQuota
2025.12.03 22:30:00,LONG,58,4210.33000,BLOCKED:DailyQuota
2025.12.03 22:40:00,LONG,86,4210.34000,BLOCKED:DailyQuota
2025.12.04 03:30:00,LONG,79,4213.30000,OK
2025.12.04 03:40:00,LONG,52,4214.50000,BLOCKED:PositionOpen
2025.12.04 03:45:00,LONG,34,4214.82000,BLOCKED:PositionOpen
2025.12.04 09:55:00,LONG,91,4192.29000,BLOCKED:DailyQuota
2025.12.04 13:05:00,LONG,79,4198.92000,BLOCKED:DailyQuota
2025.12.04 13:10:00,LONG,77,4205.41000,BLOCKED:DailyQuota
2025.12.04 13:20:00,LONG,57,4202.77000,BLOCKED:DailyQuota
2025.12.04 16:55:00,LONG,66,4204.31000,BLOCKED:DailyQuota
2025.12.04 17:10:00,LONG,85,4198.61000,BLOCKED:DailyQuota
2025.12.04 17:30:00,LONG,76,4206.13000,BLOCKED:DailyQuota
2025.12.04 18:45:00,LONG,66,4211.12000,BLOCKED:DailyQuota
2025.12.04 18:50:00,LONG,77,4212.60000,BLOCKED:DailyQuota
2025.12.04 23:00:00,LONG,84,4209.98000,BLOCKED:DailyQuota
2025.12.05 05:00:00,LONG,70,4207.66000,OK
2025.12.05 06:15:00,LONG,70,4213.86000,BLOCKED:PositionOpen
2025.12.05 06:50:00,LONG,41,4214.99000,BLOCKED:PositionOpen
2025.12.05 07:10:00,LONG,68,4216.41000,BLOCKED:PositionOpen
2025.12.05 07:25:00,LONG,31,4216.60000,BLOCKED:PositionOpen
2025.12.05 07:40:00,LONG,43,4219.93000,BLOCKED:PositionOpen
2025.12.05 07:45:00,LONG,55,4220.28000,BLOCKED:PositionOpen
2025.12.05 08:00:00,LONG,28,4220.69000,BLOCKED:PositionOpen
2025.12.05 08:05:00,LONG,30,4220.75000,BLOCKED:PositionOpen
2025.12.05 08:10:00,LONG,59,4227.03000,BLOCKED:PositionOpen
2025.12.05 08:20:00,LONG,44,4226.37000,BLOCKED:PositionOpen
2025.12.05 08:25:00,LONG,59,4229.44000,BLOCKED:PositionOpen
2025.12.05 09:05:00,LONG,54,4225.26000,BLOCKED:PositionOpen
2025.12.05 12:55:00,LONG,70,4224.49000,BLOCKED:PositionOpen
2025.12.05 15:15:00,LONG,57,4228.24000,BLOCKED:DailyQuota
2025.12.05 15:25:00,LONG,52,4229.12000,BLOCKED:DailyQuota
2025.12.05 16:45:00,LONG,72,4236.50000,BLOCKED:DailyQuota
2025.12.05 16:50:00,LONG,77,4243.13000,BLOCKED:DailyQuota
2025.12.05 16:55:00,LONG,52,4245.57000,BLOCKED:DailyQuota
2025.12.08 02:50:00,LONG,39,4209.78000,OK
2025.12.08 03:15:00,LONG,61,4206.14000,BLOCKED:PositionOpen
2025.12.08 03:25:00,LONG,59,4209.49000,BLOCKED:PositionOpen
2025.12.08 05:35:00,LONG,34,4210.32000,BLOCKED:PositionOpen
2025.12.08 05:50:00,LONG,37,4208.30000,BLOCKED:PositionOpen
2025.12.08 05:55:00,LONG,50,4209.76000,BLOCKED:PositionOpen
2025.12.08 06:10:00,LONG,68,4210.21000,BLOCKED:PositionOpen
2025.12.08 09:00:00,LONG,55,4217.52000,BLOCKED:PositionOpen
2025.12.08 14:45:00,LONG,54,4212.60000,BLOCKED:PositionOpen
2025.12.08 14:55:00,LONG,74,4213.55000,BLOCKED:PositionOpen
2025.12.08 15:00:00,LONG,50,4214.09000,BLOCKED:PositionOpen
2025.12.08 18:00:00,SHORT,54,4182.94000,BLOCKED:DailyQuota
2025.12.08 20:15:00,SHORT,66,4189.35000,BLOCKED:DailyQuota
2025.12.08 21:40:00,SHORT,74,4187.52000,BLOCKED:DailyQuota
2025.12.08 21:45:00,SHORT,37,4187.08000,BLOCKED:DailyQuota
2025.12.08 21:50:00,SHORT,37,4186.40000,BLOCKED:DailyQuota
2025.12.08 22:40:00,LONG,45,4194.04000,BLOCKED:DailyQuota
2025.12.09 02:25:00,LONG,53,4193.63000,OK
2025.12.09 04:50:00,SHORT,42,4188.44000,BLOCKED:DailyQuota
2025.12.09 06:15:00,LONG,65,4194.88000,BLOCKED:DailyQuota
2025.12.09 06:35:00,LONG,65,4194.35000,BLOCKED:DailyQuota
2025.12.09 07:10:00,SHORT,61,4185.24000,BLOCKED:DailyQuota
2025.12.09 07:35:00,SHORT,51,4181.82000,BLOCKED:DailyQuota
2025.12.09 08:10:00,SHORT,63,4174.39000,BLOCKED:DailyQuota
2025.12.09 11:05:00,LONG,77,4198.17000,BLOCKED:DailyQuota
2025.12.09 11:10:00,LONG,58,4202.40000,BLOCKED:DailyQuota
2025.12.09 11:45:00,LONG,51,4203.95000,BLOCKED:DailyQuota
2025.12.09 12:05:00,LONG,49,4205.17000,BLOCKED:DailyQuota
2025.12.09 12:15:00,LONG,60,4204.75000,BLOCKED:DailyQuota
2025.12.09 12:20:00,LONG,77,4208.37000,BLOCKED:DailyQuota
2025.12.09 18:05:00,LONG,57,4216.64000,BLOCKED:DailyQuota
2025.12.09 21:45:00,LONG,32,4209.22000,BLOCKED:DailyQuota
2025.12.09 22:10:00,LONG,38,4213.55000,BLOCKED:DailyQuota
2025.12.09 22:15:00,LONG,43,4214.87000,BLOCKED:DailyQuota
2025.12.10 04:40:00,LONG,75,4216.80000,OK
2025.12.10 04:45:00,LONG,57,4217.79000,BLOCKED:PositionOpen
2025.12.10 12:05:00,SHORT,68,4192.80000,BLOCKED:DailyQuota
2025.12.10 12:25:00,SHORT,57,4192.67000,BLOCKED:DailyQuota
2025.12.10 12:30:00,SHORT,56,4191.71000,BLOCKED:DailyQuota
2025.12.10 12:50:00,SHORT,52,4192.89000,BLOCKED:DailyQuota
2025.12.10 12:55:00,SHORT,56,4191.48000,BLOCKED:DailyQuota
2025.12.10 14:10:00,LONG,82,4200.73000,BLOCKED:DailyQuota
2025.12.10 14:45:00,LONG,63,4198.46000,BLOCKED:DailyQuota
2025.12.10 17:55:00,SHORT,77,4191.02000,BLOCKED:DailyQuota
2025.12.10 18:55:00,LONG,53,4204.04000,BLOCKED:DailyQuota
2025.12.10 19:40:00,LONG,44,4200.86000,BLOCKED:DailyQuota
2025.12.10 20:40:00,SHORT,68,4192.26000,BLOCKED:DailyQuota
2025.12.10 23:25:00,LONG,37,4227.03000,BLOCKED:DailyQuota
2025.12.11 03:05:00,LONG,52,4244.69000,OK
2025.12.11 09:45:00,LONG,53,4217.74000,BLOCKED:DailyQuota
2025.12.11 10:00:00,LONG,91,4216.10000,BLOCKED:DailyQuota
2025.12.11 12:55:00,LONG,71,4217.42000,BLOCKED:DailyQuota
2025.12.11 17:10:00,LONG,59,4235.92000,BLOCKED:DailyQuota
2025.12.11 17:15:00,LONG,77,4237.79000,BLOCKED:DailyQuota
2025.12.11 17:20:00,LONG,77,4240.03000,BLOCKED:DailyQuota
2025.12.11 17:45:00,LONG,77,4254.76000,BLOCKED:DailyQuota
2025.12.11 18:40:00,LONG,77,4258.82000,BLOCKED:DailyQuota
2025.12.11 18:45:00,LONG,56,4261.55000,BLOCKED:DailyQuota
2025.12.11 18:50:00,LONG,77,4274.24000,BLOCKED:DailyQuota
2025.12.11 19:05:00,LONG,63,4274.95000,BLOCKED:DailyQuota
2025.12.11 19:10:00,LONG,77,4280.75000,BLOCKED:DailyQuota
2025.12.11 19:20:00,LONG,77,4279.63000,BLOCKED:DailyQuota
2025.12.11 19:40:00,LONG,62,4275.87000,BLOCKED:DailyQuota
2025.12.11 19:45:00,LONG,70,4277.89000,BLOCKED:DailyQuota
2025.12.11 19:55:00,LONG,58,4276.61000,BLOCKED:DailyQuota
2025.12.11 20:10:00,LONG,64,4283.62000,BLOCKED:DailyQuota
2025.12.11 20:15:00,LONG,41,4283.80000,BLOCKED:DailyQuota
2025.12.11 20:20:00,LONG,58,4284.18000,BLOCKED:DailyQuota
2025.12.11 23:45:00,LONG,60,4282.20000,BLOCKED:DailyQuota
2025.12.12 01:05:00,LONG,75,4283.00000,OK
2025.12.12 01:30:00,LONG,61,4280.22000,BLOCKED:PositionOpen
2025.12.12 05:10:00,LONG,63,4273.21000,BLOCKED:DailyQuota
2025.12.12 05:15:00,LONG,55,4273.43000,BLOCKED:DailyQuota
2025.12.12 08:40:00,LONG,29,4280.26000,BLOCKED:DailyQuota
2025.12.12 08:45:00,LONG,58,4281.33000,BLOCKED:DailyQuota
2025.12.12 08:50:00,LONG,65,4282.37000,BLOCKED:DailyQuota
2025.12.12 08:55:00,LONG,50,4282.48000,BLOCKED:DailyQuota
2025.12.12 09:00:00,LONG,49,4282.86000,BLOCKED:DailyQuota
2025.12.12 09:05:00,LONG,49,4282.94000,BLOCKED:DailyQuota
2025.12.12 09:10:00,LONG,77,4287.29000,BLOCKED:DailyQuota
2025.12.12 10:00:00,LONG,65,4287.14000,BLOCKED:DailyQuota
2025.12.12 10:05:00,LONG,52,4291.21000,BLOCKED:DailyQuota
2025.12.12 10:25:00,LONG,49,4293.38000,BLOCKED:DailyQuota
2025.12.12 10:40:00,LONG,67,4299.12000,BLOCKED:DailyQuota
2025.12.12 10:45:00,LONG,69,4303.91000,BLOCKED:DailyQuota
2025.12.12 11:40:00,LONG,77,4310.50000,BLOCKED:DailyQuota
2025.12.12 11:45:00,LONG,61,4311.90000,BLOCKED:DailyQuota
2025.12.12 12:10:00,LONG,57,4316.83000,BLOCKED:DailyQuota
2025.12.12 12:15:00,LONG,77,4319.43000,BLOCKED:DailyQuota
2025.12.12 12:25:00,LONG,77,4321.55000,BLOCKED:DailyQuota
2025.12.12 12:40:00,LONG,53,4324.15000,BLOCKED:DailyQuota
2025.12.12 13:10:00,LONG,66,4336.48000,BLOCKED:DailyQuota
2025.12.12 13:20:00,LONG,77,4337.03000,BLOCKED:DailyQuota
2025.12.12 13:45:00,LONG,73,4334.62000,BLOCKED:DailyQuota
2025.12.12 14:20:00,LONG,70,4334.11000,BLOCKED:DailyQuota
2025.12.12 16:40:00,LONG,77,4342.31000,BLOCKED:DailyQuota
2025.12.12 20:20:00,LONG,88,4302.14000,BLOCKED:DailyQuota
2025.12.15 03:50:00,LONG,56,4321.47000,OK
2025.12.15 03:55:00,LONG,48,4324.52000,BLOCKED:PositionOpen
2025.12.15 04:05:00,LONG,42,4323.30000,BLOCKED:PositionOpen
2025.12.15 04:10:00,LONG,54,4325.88000,BLOCKED:PositionOpen
2025.12.15 04:30:00,LONG,72,4324.54000,BLOCKED:PositionOpen
2025.12.15 04:35:00,LONG,43,4327.18000,BLOCKED:PositionOpen
2025.12.15 04:40:00,LONG,52,4328.17000,BLOCKED:PositionOpen
2025.12.15 05:05:00,LONG,66,4329.49000,BLOCKED:PositionOpen
2025.12.15 08:15:00,LONG,57,4343.10000,BLOCKED:PositionOpen
2025.12.15 08:20:00,LONG,61,4344.21000,BLOCKED:PositionOpen
2025.12.15 08:50:00,LONG,46,4345.83000,BLOCKED:PositionOpen
2025.12.15 09:10:00,LONG,51,4342.07000,BLOCKED:PositionOpen
2025.12.15 09:15:00,LONG,35,4342.35000,BLOCKED:PositionOpen
2025.12.15 09:20:00,LONG,72,4343.27000,BLOCKED:PositionOpen
2025.12.15 14:55:00,LONG,79,4346.29000,BLOCKED:PositionOpen
2025.12.15 20:45:00,LONG,96,4309.83000,BLOCKED:DailyQuota
2025.12.15 20:55:00,LONG,81,4311.00000,BLOCKED:DailyQuota
2025.12.15 21:00:00,LONG,75,4313.18000,BLOCKED:DailyQuota
2025.12.15 21:05:00,LONG,72,4317.10000,BLOCKED:DailyQuota
2025.12.15 22:10:00,LONG,57,4312.84000,BLOCKED:DailyQuota
2025.12.16 01:35:00,LONG,32,4307.48000,OK
2025.12.16 02:35:00,LONG,37,4309.92000,BLOCKED:PositionOpen
2025.12.16 02:40:00,LONG,44,4312.23000,BLOCKED:PositionOpen
2025.12.16 04:45:00,LONG,89,4309.37000,BLOCKED:DailyQuota
2025.12.16 15:25:00,LONG,50,4301.26000,BLOCKED:DailyQuota
2025.12.16 15:30:00,LONG,33,4301.56000,BLOCKED:DailyQuota
2025.12.16 16:15:00,LONG,67,4319.40000,BLOCKED:DailyQuota
2025.12.16 16:20:00,LONG,73,4326.44000,BLOCKED:DailyQuota
2025.12.16 17:25:00,LONG,77,4320.88000,BLOCKED:DailyQuota
2025.12.16 17:30:00,LONG,58,4321.21000,BLOCKED:DailyQuota
2025.12.16 17:35:00,LONG,77,4328.18000,BLOCKED:DailyQuota
2025.12.17 02:40:00,LONG,52,4313.51000,OK
2025.12.17 03:05:00,LONG,61,4315.85000,BLOCKED:PositionOpen
2025.12.17 03:10:00,LONG,34,4316.57000,BLOCKED:PositionOpen
2025.12.17 03:15:00,LONG,58,4317.91000,BLOCKED:PositionOpen
2025.12.17 03:30:00,LONG,72,4317.04000,BLOCKED:PositionOpen
2025.12.17 03:45:00,LONG,55,4322.94000,BLOCKED:PositionOpen
2025.12.17 06:55:00,LONG,72,4330.76000,BLOCKED:PositionOpen
2025.12.17 07:10:00,LONG,70,4331.55000,BLOCKED:PositionOpen
2025.12.17 07:15:00,LONG,42,4332.52000,BLOCKED:PositionOpen
2025.12.17 07:20:00,LONG,31,4333.00000,BLOCKED:PositionOpen
2025.12.17 08:15:00,LONG,74,4336.98000,BLOCKED:DailyQuota
2025.12.17 12:25:00,LONG,92,4321.95000,BLOCKED:DailyQuota
2025.12.17 14:20:00,LONG,82,4320.57000,BLOCKED:DailyQuota
2025.12.17 14:25:00,LONG,59,4320.80000,BLOCKED:DailyQuota
2025.12.17 16:45:00,LONG,77,4338.33000,BLOCKED:DailyQuota
2025.12.17 16:55:00,LONG,48,4339.48000,BLOCKED:DailyQuota
2025.12.17 20:05:00,LONG,77,4345.58000,BLOCKED:DailyQuota
2025.12.17 20:10:00,LONG,25,4345.66000,BLOCKED:DailyQuota
2025.12.17 22:30:00,LONG,44,4341.46000,BLOCKED:DailyQuota
2025.12.18 05:15:00,LONG,59,4335.92000,OK
2025.12.18 08:15:00,LONG,47,4334.47000,BLOCKED:PositionOpen
2025.12.18 19:00:00,LONG,77,4360.36000,BLOCKED:DailyQuota
2025.12.19 07:00:00,LONG,89,4322.79000,OK
2025.12.19 08:05:00,LONG,34,4326.40000,BLOCKED:PositionOpen
2025.12.19 09:00:00,LONG,53,4326.44000,BLOCKED:PositionOpen
2025.12.19 11:40:00,LONG,57,4327.42000,BLOCKED:PositionOpen
2025.12.19 15:50:00,LONG,80,4331.54000,BLOCKED:PositionOpen
2025.12.19 16:05:00,LONG,54,4329.22000,BLOCKED:PositionOpen
2025.12.19 16:35:00,LONG,68,4332.77000,BLOCKED:PositionOpen
2025.12.19 18:30:00,LONG,77,4346.88000,BLOCKED:DailyQuota
2025.12.19 18:35:00,LONG,72,4347.72000,BLOCKED:DailyQuota
2025.12.19 19:05:00,LONG,51,4350.37000,BLOCKED:DailyQuota
2025.12.19 19:10:00,LONG,77,4353.00000,BLOCKED:DailyQuota
2025.12.19 19:20:00,LONG,61,4350.85000,BLOCKED:DailyQuota
2025.12.19 19:55:00,LONG,38,4354.56000,BLOCKED:DailyQuota
2025.12.19 20:25:00,LONG,52,4354.83000,BLOCKED:DailyQuota
2025.12.22 02:55:00,LONG,27,4363.66000,OK
2025.12.22 03:00:00,LONG,47,4365.11000,BLOCKED:PositionOpen
2025.12.22 03:25:00,LONG,61,4366.89000,BLOCKED:PositionOpen
2025.12.22 03:30:00,LONG,72,4368.12000,BLOCKED:PositionOpen
2025.12.22 03:40:00,LONG,72,4377.74000,BLOCKED:PositionOpen
2025.12.22 03:45:00,LONG,55,4381.80000,BLOCKED:PositionOpen
2025.12.22 03:50:00,LONG,51,4382.26000,BLOCKED:PositionOpen
2025.12.22 03:55:00,LONG,55,4382.72000,BLOCKED:PositionOpen
2025.12.22 04:55:00,LONG,47,4387.58000,BLOCKED:PositionOpen
2025.12.22 05:05:00,LONG,60,4388.88000,BLOCKED:PositionOpen
2025.12.22 05:20:00,LONG,56,4389.92000,BLOCKED:PositionOpen
2025.12.22 05:50:00,LONG,44,4394.52000,BLOCKED:PositionOpen
2025.12.22 06:15:00,LONG,62,4396.68000,BLOCKED:PositionOpen
2025.12.22 06:40:00,LONG,44,4395.92000,BLOCKED:PositionOpen
2025.12.22 07:10:00,LONG,43,4398.61000,BLOCKED:PositionOpen
2025.12.22 07:15:00,LONG,49,4401.26000,BLOCKED:PositionOpen
2025.12.22 08:20:00,LONG,34,4403.85000,BLOCKED:PositionOpen
2025.12.22 08:45:00,LONG,54,4408.56000,BLOCKED:PositionOpen
2025.12.22 09:45:00,LONG,61,4416.32000,BLOCKED:DailyQuota
2025.12.22 16:15:00,LONG,57,4426.34000,BLOCKED:DailyQuota
2025.12.22 16:20:00,LONG,62,4427.59000,BLOCKED:DailyQuota
2025.12.22 16:25:00,LONG,75,4428.65000,BLOCKED:DailyQuota
2025.12.22 19:00:00,LONG,63,4438.80000,BLOCKED:DailyQuota
2025.12.22 19:10:00,LONG,74,4439.00000,BLOCKED:DailyQuota
2025.12.22 19:15:00,LONG,77,4441.56000,BLOCKED:DailyQuota
2025.12.22 22:55:00,LONG,56,4438.08000,BLOCKED:DailyQuota
2025.12.22 23:00:00,LONG,46,4438.59000,BLOCKED:DailyQuota
2025.12.22 23:05:00,LONG,46,4443.02000,BLOCKED:DailyQuota
2025.12.22 23:15:00,LONG,45,4443.28000,BLOCKED:DailyQuota
2025.12.23 02:10:00,LONG,52,4463.77000,OK
2025.12.23 02:15:00,LONG,66,4466.32000,BLOCKED:PositionOpen
2025.12.23 02:20:00,LONG,46,4468.45000,BLOCKED:PositionOpen
2025.12.23 02:30:00,LONG,72,4468.26000,BLOCKED:PositionOpen
2025.12.23 02:50:00,LONG,50,4469.41000,BLOCKED:PositionOpen
2025.12.23 03:30:00,LONG,72,4477.26000,BLOCKED:PositionOpen
2025.12.23 03:40:00,LONG,72,4484.81000,BLOCKED:PositionOpen
2025.12.23 04:30:00,LONG,47,4486.62000,BLOCKED:PositionOpen
2025.12.23 04:35:00,LONG,58,4492.76000,BLOCKED:PositionOpen
2025.12.23 05:00:00,LONG,65,4493.43000,BLOCKED:PositionOpen
2025.12.23 09:50:00,LONG,67,4488.01000,BLOCKED:PositionOpen
2025.12.23 10:05:00,LONG,56,4487.01000,BLOCKED:PositionOpen
2025.12.23 10:10:00,LONG,47,4488.33000,BLOCKED:PositionOpen
2025.12.23 10:25:00,LONG,68,4488.58000,BLOCKED:PositionOpen
2025.12.23 10:40:00,LONG,71,4490.69000,BLOCKED:PositionOpen
2025.12.23 10:45:00,LONG,54,4491.99000,BLOCKED:PositionOpen
2025.12.23 13:30:00,LONG,72,4484.04000,BLOCKED:PositionOpen
2025.12.23 13:40:00,LONG,85,4486.52000,BLOCKED:PositionOpen
2025.12.23 18:45:00,LONG,91,4466.06000,BLOCKED:DailyQuota
2025.12.23 19:05:00,LONG,77,4478.79000,BLOCKED:DailyQuota
2025.12.23 19:30:00,LONG,60,4477.74000,BLOCKED:DailyQuota
2025.12.23 20:10:00,LONG,77,4477.62000,BLOCKED:DailyQuota
2025.12.23 20:15:00,LONG,39,4477.73000,BLOCKED:DailyQuota
2025.12.23 20:25:00,LONG,77,4477.74000,BLOCKED:DailyQuota
2025.12.23 21:30:00,LONG,47,4490.05000,BLOCKED:DailyQuota
2025.12.23 21:40:00,LONG,43,4491.87000,BLOCKED:DailyQuota
2025.12.23 22:20:00,LONG,59,4494.30000,BLOCKED:DailyQuota
2025.12.23 23:00:00,LONG,51,4497.69000,BLOCKED:DailyQuota
2025.12.24 03:40:00,LONG,72,4521.99000,OK
2025.12.24 06:45:00,LONG,75,4500.26000,BLOCKED:DailyQuota
2025.12.24 08:50:00,LONG,61,4495.47000,BLOCKED:DailyQuota
2025.12.24 11:45:00,LONG,67,4491.47000,BLOCKED:DailyQuota
2025.12.24 14:10:00,LONG,57,4494.02000,BLOCKED:DailyQuota
2025.12.24 19:35:00,LONG,54,4482.47000,BLOCKED:DailyQuota
2025.12.24 20:00:00,LONG,46,4480.68000,BLOCKED:DailyQuota
2025.12.24 20:15:00,LONG,50,4477.99000,BLOCKED:DailyQuota
2025.12.24 20:25:00,LONG,52,4482.11000,BLOCKED:DailyQuota
2025.12.26 02:10:00,LONG,62,4503.42000,OK
2025.12.26 02:55:00,LONG,52,4517.26000,BLOCKED:PositionOpen
2025.12.26 03:00:00,LONG,46,4518.02000,BLOCKED:PositionOpen
2025.12.26 03:25:00,LONG,72,4517.89000,BLOCKED:PositionOpen
2025.12.26 06:10:00,LONG,72,4506.43000,BLOCKED:PositionOpen
2025.12.26 07:10:00,LONG,44,4510.35000,BLOCKED:PositionOpen
2025.12.26 07:35:00,LONG,44,4510.98000,BLOCKED:PositionOpen
2025.12.26 07:45:00,LONG,72,4512.28000,BLOCKED:PositionOpen
2025.12.26 08:05:00,LONG,47,4511.85000,BLOCKED:PositionOpen
2025.12.26 08:15:00,LONG,30,4512.67000,BLOCKED:PositionOpen
2025.12.26 11:30:00,LONG,63,4517.42000,BLOCKED:PositionOpen
2025.12.26 15:25:00,LONG,57,4518.50000,BLOCKED:PositionOpen
2025.12.26 18:30:00,LONG,77,4545.80000,BLOCKED:PositionOpen
2025.12.26 18:40:00,LONG,70,4542.25000,BLOCKED:PositionOpen
2025.12.26 21:10:00,LONG,63,4529.15000,BLOCKED:PositionOpen
2025.12.26 21:15:00,LONG,62,4533.82000,BLOCKED:PositionOpen
2025.12.26 22:10:00,LONG,59,4531.07000,BLOCKED:PositionOpen
2025.12.26 23:35:00,LONG,65,4532.93000,BLOCKED:PositionOpen
2025.12.29 05:20:00,LONG,54,4515.40000,OK
2025.12.29 05:35:00,LONG,61,4518.17000,BLOCKED:PositionOpen
2025.12.29 06:00:00,LONG,77,4516.52000,BLOCKED:PositionOpen
2025.12.29 16:55:00,SHORT,77,4368.94000,BLOCKED:DailyQuota
2025.12.29 17:00:00,SHORT,73,4360.35000,BLOCKED:DailyQuota
2025.12.29 17:15:00,SHORT,73,4343.00000,BLOCKED:DailyQuota
2025.12.29 17:20:00,SHORT,77,4332.03000,BLOCKED:DailyQuota
2025.12.29 17:25:00,SHORT,77,4315.89000,BLOCKED:DailyQuota
2025.12.29 17:40:00,SHORT,64,4327.67000,BLOCKED:DailyQuota
2025.12.29 17:55:00,SHORT,77,4325.68000,BLOCKED:DailyQuota
2025.12.29 18:00:00,SHORT,59,4325.29000,BLOCKED:DailyQuota
2025.12.29 18:15:00,SHORT,77,4333.96000,BLOCKED:DailyQuota
2025.12.29 18:30:00,SHORT,74,4334.17000,BLOCKED:DailyQuota
2025.12.29 23:55:00,SHORT,43,4330.95000,BLOCKED:DailyQuota
2025.12.30 16:40:00,SHORT,63,4377.01000,OK
2025.12.30 16:45:00,SHORT,70,4371.46000,BLOCKED:PositionOpen
2025.12.30 16:50:00,SHORT,77,4360.87000,BLOCKED:PositionOpen
2025.12.30 18:10:00,SHORT,77,4356.01000,BLOCKED:PositionOpen
2025.12.30 20:40:00,SHORT,77,4366.23000,BLOCKED:PositionOpen
2025.12.30 20:45:00,SHORT,35,4366.07000,BLOCKED:PositionOpen
2025.12.30 21:50:00,SHORT,72,4349.74000,BLOCKED:PositionOpen
2025.12.30 22:05:00,SHORT,58,4341.75000,BLOCKED:PositionOpen
2025.12.30 22:50:00,SHORT,47,4346.00000,BLOCKED:PositionOpen
2025.12.31 01:20:00,SHORT,75,4340.20000,BLOCKED:PositionOpen
2025.12.31 01:50:00,SHORT,60,4334.89000,BLOCKED:PositionOpen
2025.12.31 06:20:00,SHORT,51,4345.04000,BLOCKED:PositionOpen
2025.12.31 06:55:00,SHORT,75,4340.03000,BLOCKED:PositionOpen
2025.12.31 07:20:00,SHORT,31,4334.56000,BLOCKED:PositionOpen
2025.12.31 07:45:00,SHORT,74,4324.87000,OK
2025.12.31 07:50:00,SHORT,54,4310.77000,BLOCKED:PositionOpen
2025.12.31 11:00:00,SHORT,50,4307.45000,BLOCKED:PositionOpen
2025.12.31 11:20:00,SHORT,53,4314.05000,BLOCKED:PositionOpen
2025.12.31 13:25:00,SHORT,51,4312.73000,BLOCKED:PositionOpen
2025.12.31 13:30:00,SHORT,77,4311.34000,BLOCKED:PositionOpen
2025.12.31 13:55:00,SHORT,77,4311.94000,BLOCKED:PositionOpen
2025.12.31 18:40:00,SHORT,77,4322.57000,BLOCKED:DailyQuota
2025.12.31 19:10:00,SHORT,75,4322.37000,BLOCKED:DailyQuota
2026.01.02 11:10:00,LONG,80,4390.93000,OK
2026.01.02 11:30:00,LONG,77,4388.75000,BLOCKED:PositionOpen
2026.01.02 11:45:00,LONG,48,4388.85000,BLOCKED:PositionOpen
2026.01.02 16:55:00,SHORT,77,4359.11000,BLOCKED:DailyQuota
2026.01.02 17:00:00,SHORT,77,4353.51000,BLOCKED:DailyQuota
2026.01.02 17:05:00,SHORT,77,4342.31000,BLOCKED:DailyQuota
2026.01.02 17:25:00,SHORT,77,4334.39000,BLOCKED:DailyQuota
2026.01.02 18:00:00,SHORT,77,4335.39000,BLOCKED:DailyQuota
2026.01.02 18:05:00,SHORT,67,4327.63000,BLOCKED:DailyQuota
2026.01.02 18:10:00,SHORT,74,4326.74000,BLOCKED:DailyQuota
2026.01.02 18:35:00,SHORT,77,4316.38000,BLOCKED:DailyQuota
2026.01.02 18:50:00,SHORT,77,4324.61000,BLOCKED:DailyQuota
2026.01.02 19:25:00,SHORT,77,4326.14000,BLOCKED:DailyQuota
2026.01.02 20:45:00,SHORT,53,4312.66000,BLOCKED:DailyQuota
2026.01.02 21:25:00,SHORT,46,4316.62000,BLOCKED:DailyQuota
2026.01.05 02:20:00,LONG,62,4383.42000,OK
2026.01.05 02:25:00,LONG,72,4384.61000,BLOCKED:PositionOpen
2026.01.05 02:30:00,LONG,61,4387.07000,BLOCKED:PositionOpen
2026.01.05 02:35:00,LONG,72,4388.80000,BLOCKED:PositionOpen
2026.01.05 02:40:00,LONG,72,4395.25000,BLOCKED:PositionOpen
2026.01.05 03:25:00,LONG,72,4397.83000,BLOCKED:PositionOpen
2026.01.05 04:00:00,LONG,61,4401.99000,BLOCKED:PositionOpen
2026.01.05 04:25:00,LONG,72,4397.39000,BLOCKED:PositionOpen
2026.01.05 05:45:00,LONG,59,4409.62000,BLOCKED:PositionOpen
2026.01.05 07:55:00,LONG,57,4410.34000,BLOCKED:PositionOpen
2026.01.05 09:35:00,LONG,68,4421.13000,BLOCKED:PositionOpen
2026.01.05 09:40:00,LONG,67,4422.14000,BLOCKED:PositionOpen
2026.01.05 10:45:00,LONG,50,4430.10000,BLOCKED:PositionOpen
2026.01.05 10:50:00,LONG,70,4432.14000,BLOCKED:PositionOpen
2026.01.05 12:10:00,LONG,49,4432.84000,BLOCKED:PositionOpen
2026.01.05 12:15:00,LONG,44,4433.21000,BLOCKED:PositionOpen
2026.01.05 12:50:00,LONG,77,4436.72000,BLOCKED:PositionOpen
2026.01.05 12:55:00,LONG,62,4438.54000,BLOCKED:PositionOpen
2026.01.05 17:10:00,LONG,77,4454.33000,BLOCKED:PositionOpen
2026.01.05 17:20:00,LONG,55,4451.29000,BLOCKED:PositionOpen
2026.01.05 18:15:00,LONG,77,4446.49000,BLOCKED:PositionOpen
2026.01.05 18:20:00,LONG,52,4446.64000,BLOCKED:PositionOpen
2026.01.06 01:20:00,LONG,28,4451.96000,BLOCKED:PositionOpen
2026.01.06 04:45:00,LONG,57,4453.65000,BLOCKED:PositionOpen
2026.01.06 05:10:00,LONG,69,4458.73000,BLOCKED:PositionOpen
2026.01.06 05:15:00,LONG,75,4462.65000,BLOCKED:PositionOpen
2026.01.06 05:25:00,LONG,65,4467.66000,BLOCKED:PositionOpen
2026.01.06 05:35:00,LONG,64,4464.65000,BLOCKED:PositionOpen
2026.01.06 05:40:00,LONG,47,4467.17000,BLOCKED:PositionOpen
2026.01.06 06:35:00,LONG,75,4465.93000,BLOCKED:PositionOpen
2026.01.06 06:40:00,LONG,31,4466.11000,BLOCKED:PositionOpen
2026.01.06 09:35:00,LONG,82,4465.58000,BLOCKED:PositionOpen
2026.01.06 13:45:00,LONG,80,4462.21000,BLOCKED:PositionOpen
2026.01.06 14:10:00,LONG,54,4463.40000,BLOCKED:PositionOpen
2026.01.06 14:55:00,LONG,75,4462.53000,BLOCKED:PositionOpen
2026.01.06 15:00:00,LONG,80,4463.72000,BLOCKED:PositionOpen
2026.01.06 15:05:00,LONG,71,4464.41000,BLOCKED:PositionOpen
2026.01.06 15:10:00,LONG,61,4464.76000,BLOCKED:PositionOpen
2026.01.06 15:20:00,LONG,62,4468.83000,BLOCKED:PositionOpen
2026.01.06 17:30:00,LONG,80,4481.04000,BLOCKED:PositionOpen
2026.01.06 19:15:00,LONG,56,4488.46000,BLOCKED:PositionOpen
2026.01.06 19:20:00,LONG,45,4488.72000,BLOCKED:PositionOpen
2026.01.06 19:50:00,LONG,80,4485.85000,BLOCKED:PositionOpen
2026.01.06 19:55:00,LONG,80,4490.21000,BLOCKED:PositionOpen
2026.01.06 22:55:00,LONG,35,4490.28000,BLOCKED:PositionOpen
2026.01.06 23:10:00,LONG,36,4493.70000,OK
2026.01.06 23:30:00,LONG,61,4494.31000,OK
2026.01.06 23:35:00,LONG,46,4495.65000,OK
2026.01.06 23:40:00,LONG,67,4496.78000,OK
2026.01.06 23:50:00,LONG,55,4497.23000,OK
2026.01.07 01:20:00,LONG,75,4498.69000,OK
2026.01.07 01:35:00,LONG,54,4498.89000,BLOCKED:PositionOpen
2026.01.07 01:55:00,LONG,46,4496.04000,BLOCKED:PositionOpen
2026.01.07 10:25:00,LONG,31,4466.75000,BLOCKED:DailyQuota
2026.01.07 10:40:00,LONG,77,4471.66000,BLOCKED:DailyQuota
2026.01.07 10:50:00,LONG,53,4469.15000,BLOCKED:DailyQuota
2026.01.07 11:15:00,LONG,76,4466.08000,BLOCKED:DailyQuota
2026.01.07 11:20:00,LONG,67,4466.52000,BLOCKED:DailyQuota
2026.01.07 19:35:00,LONG,77,4459.49000,BLOCKED:DailyQuota
2026.01.07 22:55:00,LONG,41,4458.72000,BLOCKED:DailyQuota
2026.01.08 02:05:00,LONG,34,4463.92000,OK
2026.01.08 02:10:00,LONG,45,4465.25000,BLOCKED:PositionOpen
2026.01.08 02:15:00,LONG,30,4465.63000,BLOCKED:PositionOpen
2026.01.08 16:50:00,LONG,75,4436.61000,BLOCKED:DailyQuota
2026.01.08 17:45:00,LONG,52,4453.18000,BLOCKED:DailyQuota
2026.01.08 18:00:00,LONG,66,4454.15000,BLOCKED:DailyQuota
2026.01.08 18:20:00,LONG,59,4450.63000,BLOCKED:DailyQuota
2026.01.08 18:25:00,LONG,77,4452.46000,BLOCKED:DailyQuota
2026.01.08 18:40:00,LONG,77,4463.11000,BLOCKED:DailyQuota
2026.01.08 19:15:00,LONG,49,4460.05000,BLOCKED:DailyQuota
2026.01.08 19:55:00,LONG,77,4462.73000,BLOCKED:DailyQuota
2026.01.08 20:00:00,LONG,54,4463.41000,BLOCKED:DailyQuota
2026.01.08 23:05:00,LONG,52,4478.53000,BLOCKED:DailyQuota
2026.01.08 23:10:00,LONG,64,4479.30000,BLOCKED:DailyQuota
2026.01.08 23:30:00,LONG,27,4475.32000,BLOCKED:DailyQuota
2026.01.08 23:45:00,LONG,60,4474.26000,BLOCKED:DailyQuota
2026.01.08 23:50:00,LONG,47,4476.55000,BLOCKED:DailyQuota
2026.01.08 23:55:00,LONG,61,4477.77000,BLOCKED:DailyQuota
2026.01.09 01:00:00,LONG,57,4478.16000,OK
2026.01.09 01:10:00,LONG,72,4478.19000,BLOCKED:PositionOpen
2026.01.09 04:45:00,LONG,45,4473.23000,BLOCKED:DailyQuota
2026.01.09 05:00:00,LONG,84,4469.49000,BLOCKED:DailyQuota
2026.01.09 09:05:00,LONG,59,4474.63000,BLOCKED:DailyQuota
2026.01.09 09:10:00,LONG,35,4474.74000,BLOCKED:DailyQuota
2026.01.09 09:50:00,LONG,35,4472.07000,BLOCKED:DailyQuota
2026.01.09 17:10:00,LONG,77,4499.82000,BLOCKED:DailyQuota
2026.01.09 18:30:00,LONG,77,4503.76000,BLOCKED:DailyQuota
2026.01.09 21:40:00,LONG,80,4499.75000,BLOCKED:DailyQuota
2026.01.09 21:50:00,LONG,70,4500.79000,BLOCKED:DailyQuota
2026.01.09 22:50:00,LONG,60,4504.69000,BLOCKED:DailyQuota
2026.01.09 23:20:00,LONG,50,4510.15000,BLOCKED:DailyQuota
2026.01.09 23:45:00,LONG,52,4510.11000,BLOCKED:DailyQuota
2026.01.09 23:50:00,LONG,44,4510.16000,BLOCKED:DailyQuota
2026.01.12 01:20:00,LONG,65,4532.87000,OK
2026.01.12 01:25:00,LONG,50,4534.86000,BLOCKED:PositionOpen
2026.01.12 01:30:00,LONG,52,4537.84000,BLOCKED:PositionOpen
2026.01.12 01:45:00,LONG,45,4542.26000,BLOCKED:PositionOpen
2026.01.12 02:20:00,LONG,72,4563.70000,BLOCKED:PositionOpen
2026.01.12 02:30:00,LONG,49,4564.71000,BLOCKED:PositionOpen
2026.01.12 02:35:00,LONG,72,4574.61000,BLOCKED:PositionOpen
2026.01.12 02:40:00,LONG,72,4586.74000,BLOCKED:PositionOpen
2026.01.12 02:45:00,LONG,66,4591.47000,BLOCKED:DailyQuota
2026.01.12 02:50:00,LONG,72,4595.35000,BLOCKED:DailyQuota
2026.01.12 02:55:00,LONG,72,4599.03000,BLOCKED:DailyQuota
2026.01.12 03:40:00,LONG,72,4579.03000,BLOCKED:DailyQuota
2026.01.12 03:50:00,LONG,72,4574.91000,BLOCKED:DailyQuota
2026.01.12 03:55:00,LONG,71,4575.91000,BLOCKED:DailyQuota
2026.01.12 08:45:00,LONG,65,4574.46000,BLOCKED:DailyQuota
2026.01.12 08:50:00,LONG,52,4574.73000,BLOCKED:DailyQuota
2026.01.12 08:55:00,LONG,49,4578.89000,BLOCKED:DailyQuota
2026.01.12 09:55:00,LONG,72,4586.02000,BLOCKED:DailyQuota
2026.01.12 10:30:00,LONG,51,4583.61000,BLOCKED:DailyQuota
2026.01.12 10:40:00,LONG,59,4586.87000,BLOCKED:DailyQuota
2026.01.12 11:15:00,LONG,58,4597.06000,BLOCKED:DailyQuota
2026.01.12 12:05:00,LONG,55,4590.51000,BLOCKED:DailyQuota
2026.01.12 16:20:00,LONG,62,4596.90000,BLOCKED:DailyQuota
2026.01.12 16:25:00,LONG,52,4597.00000,BLOCKED:DailyQuota
2026.01.12 18:05:00,LONG,52,4623.72000,BLOCKED:DailyQuota
2026.01.12 18:10:00,LONG,77,4624.83000,BLOCKED:DailyQuota
2026.01.12 18:15:00,LONG,77,4629.18000,BLOCKED:DailyQuota
2026.01.12 18:35:00,LONG,68,4621.48000,BLOCKED:DailyQuota
2026.01.13 05:40:00,LONG,75,4597.57000,OK
2026.01.13 06:10:00,LONG,72,4596.06000,BLOCKED:PositionOpen
2026.01.13 06:15:00,LONG,62,4597.66000,BLOCKED:PositionOpen
2026.01.13 06:20:00,LONG,72,4598.97000,BLOCKED:PositionOpen
2026.01.13 10:25:00,LONG,86,4589.38000,BLOCKED:DailyQuota
2026.01.13 11:35:00,LONG,69,4589.32000,BLOCKED:DailyQuota
2026.01.13 16:10:00,LONG,55,4614.39000,BLOCKED:DailyQuota
2026.01.13 16:15:00,LONG,77,4618.86000,BLOCKED:DailyQuota
2026.01.13 16:25:00,LONG,77,4622.44000,BLOCKED:DailyQuota
2026.01.13 16:40:00,LONG,77,4617.06000,BLOCKED:DailyQuota
2026.01.13 16:45:00,LONG,77,4625.88000,BLOCKED:DailyQuota
2026.01.13 16:50:00,LONG,77,4633.79000,BLOCKED:DailyQuota
2026.01.13 17:00:00,LONG,48,4629.99000,BLOCKED:DailyQuota
2026.01.14 01:15:00,LONG,75,4595.96000,OK
2026.01.14 01:55:00,LONG,72,4597.25000,BLOCKED:PositionOpen
2026.01.14 02:45:00,LONG,55,4608.65000,BLOCKED:PositionOpen
2026.01.14 02:55:00,LONG,43,4606.18000,BLOCKED:PositionOpen
2026.01.14 03:20:00,LONG,53,4617.28000,BLOCKED:PositionOpen
2026.01.14 03:30:00,LONG,72,4614.62000,BLOCKED:PositionOpen
2026.01.14 03:35:00,LONG,28,4615.05000,BLOCKED:PositionOpen
2026.01.14 03:40:00,LONG,72,4617.84000,BLOCKED:PositionOpen
2026.01.14 04:40:00,LONG,72,4621.07000,BLOCKED:PositionOpen
2026.01.14 04:50:00,LONG,44,4621.67000,BLOCKED:PositionOpen
2026.01.14 05:05:00,LONG,68,4622.12000,BLOCKED:PositionOpen
2026.01.14 07:05:00,LONG,66,4638.78000,BLOCKED:PositionOpen
2026.01.14 07:25:00,LONG,49,4633.72000,BLOCKED:PositionOpen
2026.01.14 07:30:00,LONG,48,4634.23000,BLOCKED:PositionOpen
2026.01.14 09:40:00,LONG,60,4636.72000,BLOCKED:PositionOpen
2026.01.14 13:25:00,LONG,47,4635.22000,BLOCKED:PositionOpen
2026.01.14 21:20:00,LONG,72,4638.51000,BLOCKED:PositionOpen
2026.01.14 21:25:00,LONG,64,4639.25000,BLOCKED:PositionOpen
2026.01.14 21:35:00,LONG,52,4636.97000,BLOCKED:PositionOpen
2026.01.14 21:40:00,LONG,72,4639.20000,BLOCKED:PositionOpen
2026.01.14 22:00:00,LONG,36,4639.27000,BLOCKED:PositionOpen
2026.01.15 08:55:00,LONG,55,4610.16000,BLOCKED:PositionOpen
2026.01.15 09:20:00,LONG,80,4612.49000,BLOCKED:PositionOpen
2026.01.15 09:30:00,LONG,62,4610.28000,BLOCKED:PositionOpen
2026.01.15 11:40:00,LONG,56,4609.09000,BLOCKED:PositionOpen
2026.01.15 11:45:00,LONG,49,4609.50000,BLOCKED:PositionOpen
2026.01.15 12:10:00,LONG,71,4611.49000,BLOCKED:PositionOpen
2026.01.15 12:45:00,LONG,36,4617.98000,BLOCKED:PositionOpen
2026.01.15 12:50:00,LONG,54,4619.11000,BLOCKED:PositionOpen
2026.01.15 12:55:00,LONG,36,4619.56000,BLOCKED:PositionOpen
2026.01.15 13:00:00,LONG,37,4619.92000,BLOCKED:PositionOpen
2026.01.15 13:05:00,LONG,28,4620.10000,BLOCKED:PositionOpen
2026.01.15 13:15:00,LONG,58,4619.07000,BLOCKED:PositionOpen
2026.01.15 13:25:00,LONG,72,4619.10000,BLOCKED:PositionOpen
2026.01.15 17:25:00,LONG,54,4616.03000,BLOCKED:PositionOpen
2026.01.15 17:50:00,LONG,58,4615.22000,BLOCKED:PositionOpen
2026.01.15 17:55:00,LONG,67,4615.78000,BLOCKED:PositionOpen
2026.01.15 20:40:00,LONG,80,4618.04000,BLOCKED:PositionOpen
2026.01.15 21:10:00,LONG,75,4621.37000,BLOCKED:PositionOpen
2026.01.15 21:20:00,LONG,30,4619.49000,BLOCKED:PositionOpen
2026.01.15 23:55:00,LONG,37,4615.05000,BLOCKED:PositionOpen
2026.01.16 01:05:00,LONG,75,4618.61000,BLOCKED:PositionOpen
2026.01.16 07:25:00,LONG,65,4600.48000,BLOCKED:PositionOpen
2026.01.16 10:25:00,LONG,62,4609.61000,BLOCKED:PositionOpen
2026.01.16 17:05:00,LONG,80,4615.07000,BLOCKED:PositionOpen
2026.01.16 17:10:00,LONG,80,4617.26000,BLOCKED:PositionOpen
2026.01.16 21:40:00,LONG,59,4588.75000,OK
2026.01.19 01:10:00,LONG,55,4654.66000,OK
2026.01.19 01:55:00,LONG,72,4672.29000,BLOCKED:PositionOpen
2026.01.19 02:25:00,LONG,44,4676.85000,BLOCKED:PositionOpen
2026.01.19 02:35:00,LONG,72,4678.41000,BLOCKED:PositionOpen
2026.01.19 02:40:00,LONG,50,4678.69000,BLOCKED:PositionOpen
2026.01.19 08:15:00,LONG,25,4669.26000,BLOCKED:PositionOpen
2026.01.19 08:20:00,LONG,50,4669.63000,BLOCKED:PositionOpen
2026.01.19 08:25:00,LONG,76,4671.37000,BLOCKED:PositionOpen
2026.01.19 17:50:00,LONG,74,4672.53000,BLOCKED:PositionOpen
2026.01.19 17:55:00,LONG,54,4674.96000,BLOCKED:PositionOpen
2026.01.19 19:05:00,LONG,68,4672.97000,BLOCKED:PositionOpen
2026.01.20 04:05:00,LONG,38,4669.89000,BLOCKED:PositionOpen
2026.01.20 05:50:00,LONG,43,4677.82000,BLOCKED:PositionOpen
2026.01.20 05:55:00,LONG,52,4680.21000,BLOCKED:PositionOpen
2026.01.20 06:50:00,LONG,75,4693.15000,BLOCKED:PositionOpen
2026.01.20 06:55:00,LONG,37,4693.34000,BLOCKED:PositionOpen
2026.01.20 07:00:00,LONG,52,4695.29000,BLOCKED:PositionOpen
2026.01.20 07:10:00,LONG,75,4697.01000,BLOCKED:PositionOpen
2026.01.20 07:15:00,LONG,61,4699.63000,BLOCKED:PositionOpen
2026.01.20 07:30:00,LONG,53,4696.00000,BLOCKED:PositionOpen
2026.01.20 07:35:00,LONG,60,4704.84000,BLOCKED:PositionOpen
2026.01.20 07:45:00,LONG,47,4705.14000,BLOCKED:PositionOpen
2026.01.20 07:50:00,LONG,55,4707.60000,BLOCKED:PositionOpen
2026.01.20 07:55:00,LONG,69,4710.06000,BLOCKED:PositionOpen
2026.01.20 08:00:00,LONG,75,4714.63000,BLOCKED:PositionOpen
2026.01.20 08:10:00,LONG,57,4713.42000,BLOCKED:PositionOpen
2026.01.20 08:30:00,LONG,63,4712.52000,BLOCKED:PositionOpen
2026.01.20 09:10:00,LONG,52,4713.93000,BLOCKED:PositionOpen
2026.01.20 09:20:00,LONG,76,4716.45000,BLOCKED:PositionOpen
2026.01.20 09:25:00,LONG,62,4719.34000,BLOCKED:PositionOpen
2026.01.20 10:45:00,LONG,66,4722.89000,BLOCKED:PositionOpen
2026.01.20 10:50:00,LONG,66,4724.08000,BLOCKED:PositionOpen
2026.01.20 11:35:00,LONG,49,4734.14000,BLOCKED:PositionOpen
2026.01.20 12:20:00,LONG,63,4731.87000,BLOCKED:PositionOpen
2026.01.20 19:15:00,LONG,80,4754.05000,BLOCKED:PositionOpen
2026.01.20 19:20:00,LONG,59,4754.35000,BLOCKED:PositionOpen
2026.01.20 19:45:00,LONG,80,4756.57000,BLOCKED:PositionOpen
2026.01.20 19:50:00,LONG,34,4756.75000,BLOCKED:PositionOpen
2026.01.20 20:05:00,LONG,80,4761.20000,BLOCKED:PositionOpen
2026.01.20 20:10:00,LONG,67,4763.30000,BLOCKED:PositionOpen
2026.01.20 20:20:00,LONG,80,4765.43000,BLOCKED:PositionOpen
2026.01.20 20:50:00,LONG,80,4759.36000,BLOCKED:PositionOpen
2026.01.21 01:00:00,LONG,60,4763.60000,BLOCKED:PositionOpen
2026.01.21 01:20:00,LONG,59,4760.03000,BLOCKED:PositionOpen
2026.01.21 01:30:00,LONG,80,4759.78000,BLOCKED:PositionOpen
2026.01.21 01:35:00,LONG,73,4761.43000,BLOCKED:PositionOpen
2026.01.21 01:40:00,LONG,57,4763.28000,BLOCKED:PositionOpen
2026.01.21 02:15:00,LONG,37,4776.62000,BLOCKED:PositionOpen
2026.01.21 02:20:00,LONG,33,4777.05000,BLOCKED:PositionOpen
2026.01.21 02:55:00,LONG,47,4786.35000,BLOCKED:PositionOpen
2026.01.21 03:05:00,LONG,53,4792.84000,BLOCKED:PositionOpen
2026.01.21 03:10:00,LONG,75,4795.82000,BLOCKED:PositionOpen
2026.01.21 03:15:00,LONG,74,4807.67000,OK
2026.01.21 03:20:00,LONG,72,4813.00000,BLOCKED:PositionOpen
2026.01.21 03:40:00,LONG,68,4819.26000,BLOCKED:PositionOpen
2026.01.21 04:40:00,LONG,72,4834.50000,BLOCKED:PositionOpen
2026.01.21 04:55:00,LONG,51,4830.09000,BLOCKED:PositionOpen
2026.01.21 05:00:00,LONG,72,4836.70000,BLOCKED:PositionOpen
2026.01.21 05:05:00,LONG,47,4843.98000,BLOCKED:PositionOpen
2026.01.21 06:00:00,LONG,59,4844.99000,BLOCKED:PositionOpen
2026.01.21 06:55:00,LONG,43,4866.02000,BLOCKED:PositionOpen
2026.01.21 07:10:00,LONG,72,4863.09000,BLOCKED:PositionOpen
2026.01.21 07:15:00,LONG,53,4866.94000,BLOCKED:PositionOpen
2026.01.21 07:50:00,LONG,72,4873.72000,BLOCKED:PositionOpen
2026.01.21 08:10:00,LONG,56,4869.92000,BLOCKED:PositionOpen
2026.01.21 08:15:00,LONG,77,4871.62000,BLOCKED:PositionOpen
2026.01.21 11:15:00,LONG,54,4859.92000,BLOCKED:PositionOpen
2026.01.21 11:20:00,LONG,67,4860.59000,BLOCKED:PositionOpen
2026.01.21 11:25:00,LONG,70,4864.81000,BLOCKED:PositionOpen
2026.01.21 11:30:00,LONG,77,4868.50000,BLOCKED:PositionOpen
2026.01.21 12:40:00,LONG,82,4862.99000,BLOCKED:PositionOpen
2026.01.21 12:45:00,LONG,77,4865.00000,BLOCKED:PositionOpen
2026.01.21 15:55:00,LONG,57,4877.30000,BLOCKED:PositionOpen
2026.01.21 16:00:00,LONG,53,4879.54000,BLOCKED:PositionOpen
2026.01.21 21:10:00,LONG,72,4849.11000,BLOCKED:PositionOpen
2026.01.21 21:20:00,LONG,42,4849.05000,BLOCKED:PositionOpen
2026.01.21 21:25:00,LONG,72,4852.89000,BLOCKED:PositionOpen
2026.01.21 23:35:00,LONG,72,4834.85000,BLOCKED:DailyQuota
2026.01.21 23:50:00,LONG,72,4836.37000,BLOCKED:DailyQuota
2026.01.22 01:00:00,LONG,75,4832.50000,OK
2026.01.22 06:20:00,LONG,67,4799.06000,BLOCKED:DailyQuota
2026.01.22 06:50:00,LONG,62,4796.73000,BLOCKED:DailyQuota
2026.01.22 07:00:00,LONG,81,4797.51000,BLOCKED:DailyQuota
2026.01.22 08:40:00,LONG,68,4827.70000,BLOCKED:DailyQuota
2026.01.22 09:05:00,LONG,48,4830.97000,BLOCKED:DailyQuota
2026.01.22 09:10:00,LONG,52,4834.45000,BLOCKED:DailyQuota
2026.01.22 09:20:00,LONG,75,4836.69000,BLOCKED:DailyQuota
2026.01.22 09:30:00,LONG,77,4837.19000,BLOCKED:DailyQuota
2026.01.22 13:20:00,LONG,41,4826.48000,BLOCKED:DailyQuota
2026.01.22 13:25:00,LONG,83,4828.00000,BLOCKED:DailyQuota
2026.01.22 13:45:00,LONG,66,4830.83000,BLOCKED:DailyQuota
2026.01.22 13:50:00,LONG,57,4833.36000,BLOCKED:DailyQuota
2026.01.22 17:25:00,LONG,77,4843.17000,BLOCKED:DailyQuota
2026.01.22 17:30:00,LONG,77,4854.06000,BLOCKED:DailyQuota
2026.01.22 17:35:00,LONG,77,4863.63000,BLOCKED:DailyQuota
2026.01.22 17:45:00,LONG,53,4863.56000,BLOCKED:DailyQuota
2026.01.22 17:55:00,LONG,57,4869.54000,BLOCKED:DailyQuota
2026.01.22 18:00:00,LONG,77,4871.67000,BLOCKED:DailyQuota
2026.01.22 18:05:00,LONG,41,4871.77000,BLOCKED:DailyQuota
2026.01.22 18:40:00,LONG,77,4882.81000,BLOCKED:DailyQuota
2026.01.22 18:50:00,LONG,60,4881.29000,BLOCKED:DailyQuota
2026.01.22 19:05:00,LONG,77,4882.42000,BLOCKED:DailyQuota
2026.01.22 19:20:00,LONG,71,4881.32000,BLOCKED:DailyQuota
2026.01.22 19:25:00,LONG,66,4887.76000,BLOCKED:DailyQuota
2026.01.22 19:30:00,LONG,77,4890.10000,BLOCKED:DailyQuota
2026.01.22 19:35:00,LONG,48,4895.75000,BLOCKED:DailyQuota
2026.01.22 19:45:00,LONG,74,4898.89000,BLOCKED:DailyQuota
2026.01.22 20:50:00,LONG,64,4915.87000,BLOCKED:DailyQuota
2026.01.22 20:55:00,LONG,77,4916.97000,BLOCKED:DailyQuota
2026.01.22 21:05:00,LONG,72,4920.27000,BLOCKED:DailyQuota
2026.01.22 21:10:00,LONG,65,4921.01000,BLOCKED:DailyQuota
2026.01.22 21:40:00,LONG,57,4916.11000,BLOCKED:DailyQuota
2026.01.22 23:30:00,LONG,72,4925.13000,BLOCKED:DailyQuota
2026.01.22 23:35:00,LONG,61,4935.91000,BLOCKED:DailyQuota
2026.01.23 01:40:00,LONG,66,4935.03000,OK
2026.01.23 01:45:00,LONG,72,4938.78000,BLOCKED:PositionOpen
2026.01.23 01:50:00,LONG,60,4951.06000,BLOCKED:PositionOpen
2026.01.23 02:00:00,LONG,55,4958.98000,BLOCKED:PositionOpen
2026.01.23 02:05:00,LONG,72,4961.42000,BLOCKED:PositionOpen
2026.01.23 04:45:00,LONG,56,4956.85000,BLOCKED:PositionOpen
2026.01.23 04:50:00,LONG,47,4961.03000,BLOCKED:PositionOpen
2026.01.23 05:10:00,LONG,49,4958.72000,BLOCKED:PositionOpen
2026.01.23 07:10:00,LONG,67,4957.02000,BLOCKED:PositionOpen
2026.01.23 07:20:00,LONG,72,4957.44000,BLOCKED:PositionOpen
2026.01.23 07:25:00,LONG,64,4958.18000,BLOCKED:PositionOpen
2026.01.23 14:55:00,LONG,72,4941.46000,BLOCKED:DailyQuota
2026.01.23 17:05:00,LONG,60,4950.01000,BLOCKED:DailyQuota
2026.01.23 18:10:00,LONG,77,4973.85000,BLOCKED:DailyQuota
2026.01.23 19:05:00,LONG,57,4982.57000,BLOCKED:DailyQuota
2026.01.23 19:10:00,LONG,76,4983.54000,BLOCKED:DailyQuota
2026.01.23 19:15:00,LONG,75,4984.49000,BLOCKED:DailyQuota
2026.01.23 19:35:00,LONG,77,4984.20000,BLOCKED:DailyQuota
2026.01.23 19:40:00,LONG,77,4986.69000,BLOCKED:DailyQuota
2026.01.23 22:25:00,LONG,43,4981.89000,BLOCKED:DailyQuota
2026.01.23 22:40:00,LONG,72,4982.74000,BLOCKED:DailyQuota
2026.01.26 01:10:00,LONG,61,5023.52000,OK
2026.01.26 02:25:00,LONG,57,5034.83000,BLOCKED:PositionOpen
2026.01.26 02:30:00,LONG,72,5042.81000,BLOCKED:PositionOpen
2026.01.26 02:35:00,LONG,72,5046.12000,BLOCKED:PositionOpen
2026.01.26 02:45:00,LONG,59,5050.36000,BLOCKED:PositionOpen
2026.01.26 03:05:00,LONG,72,5043.04000,BLOCKED:PositionOpen
2026.01.26 03:10:00,LONG,69,5047.08000,BLOCKED:PositionOpen
2026.01.26 03:15:00,LONG,72,5057.61000,BLOCKED:PositionOpen
2026.01.26 03:20:00,LONG,42,5062.67000,BLOCKED:PositionOpen
2026.01.26 03:25:00,LONG,72,5069.30000,BLOCKED:PositionOpen
2026.01.26 04:40:00,LONG,72,5085.03000,BLOCKED:PositionOpen
2026.01.26 04:45:00,LONG,72,5088.58000,BLOCKED:PositionOpen
2026.01.26 09:20:00,LONG,77,5092.78000,BLOCKED:PositionOpen
2026.01.26 10:05:00,LONG,68,5094.77000,BLOCKED:PositionOpen
2026.01.26 17:55:00,LONG,77,5089.40000,BLOCKED:PositionOpen
2026.01.26 18:00:00,LONG,77,5090.97000,BLOCKED:PositionOpen
2026.01.27 02:15:00,LONG,75,5052.44000,BLOCKED:PositionOpen
2026.01.27 04:30:00,LONG,46,5068.23000,BLOCKED:PositionOpen
2026.01.27 04:40:00,LONG,75,5074.46000,BLOCKED:PositionOpen
2026.01.27 04:45:00,LONG,75,5079.16000,BLOCKED:PositionOpen
2026.01.27 05:40:00,LONG,75,5073.91000,BLOCKED:PositionOpen
2026.01.27 05:45:00,LONG,71,5074.78000,BLOCKED:PositionOpen
2026.01.27 08:50:00,LONG,63,5089.51000,BLOCKED:PositionOpen
2026.01.27 09:10:00,LONG,80,5093.48000,BLOCKED:PositionOpen
2026.01.27 09:20:00,LONG,65,5086.01000,BLOCKED:PositionOpen
2026.01.27 09:25:00,LONG,80,5087.39000,BLOCKED:PositionOpen
2026.01.27 12:15:00,LONG,80,5096.72000,BLOCKED:PositionOpen
2026.01.27 12:40:00,LONG,76,5088.49000,BLOCKED:PositionOpen
2026.01.27 18:50:00,LONG,61,5088.93000,BLOCKED:PositionOpen
2026.01.27 18:55:00,LONG,65,5089.44000,BLOCKED:PositionOpen
2026.01.27 19:15:00,LONG,71,5091.54000,BLOCKED:PositionOpen
2026.01.27 21:45:00,LONG,75,5093.05000,BLOCKED:PositionOpen
2026.01.27 22:05:00,LONG,75,5119.03000,OK
2026.01.27 22:50:00,LONG,72,5160.72000,BLOCKED:PositionOpen
2026.01.27 22:55:00,LONG,55,5176.81000,BLOCKED:PositionOpen
2026.01.27 23:05:00,LONG,59,5178.03000,BLOCKED:PositionOpen
2026.01.27 23:10:00,LONG,56,5180.77000,BLOCKED:PositionOpen
2026.01.27 23:20:00,LONG,42,5177.17000,BLOCKED:PositionOpen
2026.01.27 23:35:00,LONG,72,5175.23000,BLOCKED:PositionOpen
2026.01.27 23:40:00,LONG,72,5181.68000,BLOCKED:PositionOpen
2026.01.27 23:45:00,LONG,72,5185.21000,BLOCKED:PositionOpen
2026.01.27 23:50:00,LONG,72,5189.48000,BLOCKED:PositionOpen
2026.01.28 03:45:00,LONG,75,5215.49000,OK
2026.01.28 04:05:00,LONG,67,5207.73000,BLOCKED:PositionOpen
2026.01.28 04:10:00,LONG,72,5212.27000,BLOCKED:PositionOpen
2026.01.28 04:20:00,LONG,72,5212.88000,BLOCKED:PositionOpen
2026.01.28 04:25:00,LONG,50,5216.10000,BLOCKED:PositionOpen
2026.01.28 04:50:00,LONG,72,5228.25000,BLOCKED:PositionOpen
2026.01.28 05:05:00,LONG,72,5236.66000,BLOCKED:PositionOpen
2026.01.28 05:10:00,LONG,47,5245.15000,BLOCKED:PositionOpen
2026.01.28 05:50:00,LONG,72,5240.09000,BLOCKED:PositionOpen
2026.01.28 06:05:00,LONG,72,5239.75000,BLOCKED:PositionOpen
2026.01.28 06:25:00,LONG,72,5238.33000,BLOCKED:PositionOpen
2026.01.28 07:20:00,LONG,72,5257.70000,BLOCKED:PositionOpen
2026.01.28 08:00:00,LONG,47,5261.33000,BLOCKED:PositionOpen
2026.01.28 08:45:00,LONG,77,5261.77000,BLOCKED:PositionOpen
2026.01.28 08:50:00,LONG,39,5262.25000,BLOCKED:PositionOpen
2026.01.28 09:10:00,LONG,60,5272.40000,BLOCKED:PositionOpen
2026.01.28 10:05:00,LONG,77,5296.15000,BLOCKED:PositionOpen
2026.01.28 10:25:00,LONG,77,5292.76000,BLOCKED:PositionOpen
2026.01.28 10:30:00,LONG,63,5299.62000,BLOCKED:PositionOpen
2026.01.28 10:35:00,LONG,50,5305.51000,BLOCKED:PositionOpen
2026.01.28 15:00:00,LONG,77,5279.24000,BLOCKED:PositionOpen
2026.01.28 18:45:00,LONG,53,5283.34000,BLOCKED:PositionOpen
2026.01.28 18:50:00,LONG,77,5293.37000,BLOCKED:PositionOpen
2026.01.28 19:00:00,LONG,75,5299.88000,BLOCKED:PositionOpen
2026.01.28 19:05:00,LONG,77,5302.45000,BLOCKED:PositionOpen
2026.01.28 19:30:00,LONG,77,5302.81000,BLOCKED:PositionOpen
2026.01.28 20:10:00,LONG,59,5304.74000,BLOCKED:PositionOpen
2026.01.28 20:20:00,LONG,65,5310.48000,BLOCKED:PositionOpen
2026.01.28 20:25:00,LONG,66,5321.52000,BLOCKED:PositionOpen
2026.01.28 22:40:00,LONG,67,5376.39000,BLOCKED:DailyQuota
2026.01.28 22:45:00,LONG,72,5383.90000,BLOCKED:DailyQuota
2026.01.28 22:50:00,LONG,72,5388.71000,BLOCKED:DailyQuota
2026.01.28 23:10:00,LONG,72,5392.11000,BLOCKED:DailyQuota
2026.01.28 23:25:00,LONG,45,5386.41000,BLOCKED:DailyQuota
2026.01.28 23:35:00,LONG,72,5386.11000,BLOCKED:DailyQuota
2026.01.28 23:55:00,LONG,72,5408.72000,BLOCKED:DailyQuota
2026.01.29 01:00:00,LONG,75,5416.64000,OK
2026.01.29 01:05:00,LONG,72,5440.95000,BLOCKED:PositionOpen
2026.01.29 01:10:00,LONG,72,5452.74000,BLOCKED:PositionOpen
2026.01.29 01:15:00,LONG,72,5474.80000,BLOCKED:PositionOpen
2026.01.29 01:30:00,LONG,58,5490.50000,BLOCKED:PositionOpen
2026.01.29 01:35:00,LONG,72,5501.57000,BLOCKED:PositionOpen
2026.01.29 01:40:00,LONG,65,5589.43000,BLOCKED:DailyQuota
2026.01.29 02:10:00,LONG,72,5503.88000,BLOCKED:DailyQuota
2026.01.29 02:30:00,LONG,72,5497.68000,BLOCKED:DailyQuota
2026.01.29 02:35:00,LONG,72,5521.23000,BLOCKED:DailyQuota
2026.01.29 04:50:00,LONG,72,5540.16000,BLOCKED:DailyQuota
2026.01.29 05:00:00,LONG,72,5535.94000,BLOCKED:DailyQuota
2026.01.29 06:40:00,LONG,72,5563.58000,BLOCKED:DailyQuota
2026.01.29 07:15:00,LONG,39,5559.86000,BLOCKED:DailyQuota
2026.01.29 09:05:00,LONG,77,5568.76000,BLOCKED:DailyQuota
2026.01.29 09:10:00,LONG,55,5569.01000,BLOCKED:DailyQuota
2026.01.29 09:20:00,LONG,77,5564.67000,BLOCKED:DailyQuota
2026.01.29 14:50:00,LONG,77,5534.72000,BLOCKED:DailyQuota
2026.01.29 14:55:00,LONG,74,5537.19000,BLOCKED:DailyQuota
2026.01.29 19:30:00,LONG,77,5362.88000,BLOCKED:DailyQuota
2026.01.29 19:40:00,LONG,77,5364.01000,BLOCKED:DailyQuota
2026.01.29 19:45:00,LONG,77,5368.64000,BLOCKED:DailyQuota
2026.01.29 20:35:00,LONG,85,5351.64000,BLOCKED:DailyQuota
2026.01.29 20:40:00,LONG,77,5354.24000,BLOCKED:DailyQuota
2026.01.29 20:50:00,LONG,77,5359.05000,BLOCKED:DailyQuota
2026.01.30 01:10:00,LONG,75,5438.43000,OK
2026.01.30 11:40:00,SHORT,77,5031.59000,BLOCKED:DailyQuota
2026.01.30 11:45:00,SHORT,77,4977.14000,BLOCKED:DailyQuota
2026.01.30 12:10:00,SHORT,77,5019.44000,BLOCKED:DailyQuota
2026.01.30 13:30:00,LONG,77,5124.91000,BLOCKED:DailyQuota
2026.01.30 13:35:00,LONG,77,5126.99000,BLOCKED:DailyQuota
2026.01.30 13:55:00,LONG,77,5119.10000,BLOCKED:DailyQuota
2026.01.30 14:00:00,LONG,77,5135.92000,BLOCKED:DailyQuota
2026.01.30 14:25:00,LONG,77,5125.88000,BLOCKED:DailyQuota
2026.01.30 16:15:00,SHORT,77,5053.03000,BLOCKED:DailyQuota
2026.01.30 18:15:00,SHORT,77,5030.44000,BLOCKED:DailyQuota
2026.01.30 19:35:00,SHORT,77,4914.40000,BLOCKED:DailyQuota
2026.01.30 19:40:00,SHORT,77,4889.32000,BLOCKED:DailyQuota
2026.01.30 19:45:00,SHORT,62,4859.07000,BLOCKED:DailyQuota
2026.01.30 19:50:00,SHORT,62,4857.03000,BLOCKED:DailyQuota
2026.01.30 19:55:00,SHORT,77,4813.42000,BLOCKED:DailyQuota
2026.01.30 20:10:00,SHORT,62,4812.18000,BLOCKED:DailyQuota
2026.01.30 20:20:00,SHORT,67,4756.59000,BLOCKED:DailyQuota
2026.01.30 20:25:00,SHORT,77,4717.55000,BLOCKED:DailyQuota
2026.01.30 20:40:00,SHORT,77,4695.66000,BLOCKED:DailyQuota
2026.01.30 23:40:00,SHORT,72,4854.80000,BLOCKED:DailyQuota
2026.02.02 04:05:00,SHORT,75,4725.37000,OK
2026.02.02 04:10:00,SHORT,72,4711.82000,BLOCKED:PositionOpen
2026.02.02 04:25:00,SHORT,72,4725.64000,BLOCKED:PositionOpen
2026.02.02 06:25:00,SHORT,72,4681.03000,BLOCKED:PositionOpen
2026.02.02 08:25:00,SHORT,77,4450.01000,BLOCKED:DailyQuota
2026.02.02 08:50:00,SHORT,77,4439.33000,BLOCKED:DailyQuota
2026.02.02 16:55:00,SHORT,48,4718.97000,BLOCKED:DailyQuota
2026.02.02 18:20:00,SHORT,77,4685.54000,BLOCKED:DailyQuota
2026.02.02 18:30:00,SHORT,77,4671.58000,BLOCKED:DailyQuota
2026.02.02 18:45:00,SHORT,77,4669.34000,BLOCKED:DailyQuota
2026.02.02 18:50:00,SHORT,77,4657.16000,BLOCKED:DailyQuota
2026.02.02 20:55:00,SHORT,77,4651.10000,BLOCKED:DailyQuota
2026.02.03 05:10:00,SHORT,87,4776.52000,OK
2026.02.03 05:15:00,SHORT,69,4768.56000,BLOCKED:PositionOpen
2026.02.03 05:25:00,SHORT,72,4765.21000,BLOCKED:PositionOpen
2026.02.03 17:25:00,SHORT,77,4913.53000,BLOCKED:DailyQuota
2026.02.03 18:40:00,LONG,77,4993.28000,BLOCKED:DailyQuota
2026.02.03 20:25:00,SHORT,77,4923.04000,BLOCKED:DailyQuota
2026.02.03 20:30:00,SHORT,77,4908.82000,BLOCKED:DailyQuota
2026.02.03 21:00:00,SHORT,58,4908.45000,BLOCKED:DailyQuota
2026.02.03 21:10:00,SHORT,72,4881.51000,BLOCKED:DailyQuota
2026.02.04 02:45:00,LONG,75,4986.98000,OK
2026.02.04 03:10:00,LONG,72,5031.53000,BLOCKED:PositionOpen
2026.02.04 03:15:00,LONG,72,5051.09000,BLOCKED:PositionOpen
2026.02.04 03:45:00,LONG,72,5032.47000,BLOCKED:PositionOpen
2026.02.04 03:50:00,LONG,72,5047.76000,BLOCKED:PositionOpen
2026.02.04 04:10:00,LONG,72,5061.70000,BLOCKED:PositionOpen
2026.02.04 04:20:00,LONG,72,5061.23000,BLOCKED:PositionOpen
2026.02.04 06:35:00,LONG,54,5064.72000,BLOCKED:PositionOpen
2026.02.04 06:40:00,LONG,72,5071.64000,BLOCKED:PositionOpen
2026.02.04 07:00:00,LONG,60,5080.60000,BLOCKED:PositionOpen
2026.02.04 07:10:00,LONG,72,5083.25000,BLOCKED:PositionOpen
2026.02.04 08:05:00,LONG,49,5079.77000,BLOCKED:PositionOpen
2026.02.04 09:55:00,LONG,77,5089.61000,BLOCKED:PositionOpen
2026.02.04 10:10:00,LONG,77,5086.08000,BLOCKED:PositionOpen
2026.02.04 17:35:00,SHORT,77,4920.50000,BLOCKED:PositionOpen
2026.02.04 17:40:00,SHORT,77,4912.99000,BLOCKED:DailyQuota
2026.02.04 18:00:00,SHORT,77,4920.56000,BLOCKED:DailyQuota
2026.02.04 18:05:00,SHORT,77,4910.43000,BLOCKED:DailyQuota
2026.02.04 18:45:00,SHORT,77,4896.89000,BLOCKED:DailyQuota
2026.02.04 18:50:00,SHORT,77,4871.11000,BLOCKED:DailyQuota
2026.02.04 19:25:00,SHORT,51,4905.95000,BLOCKED:DailyQuota
2026.02.05 01:10:00,LONG,59,4995.41000,OK
2026.02.05 01:15:00,LONG,72,5009.80000,BLOCKED:PositionOpen
2026.02.05 01:45:00,LONG,69,5022.79000,BLOCKED:PositionOpen
2026.02.05 02:40:00,LONG,72,5016.47000,BLOCKED:PositionOpen
2026.02.05 02:45:00,LONG,72,5018.43000,BLOCKED:PositionOpen
2026.02.05 04:35:00,SHORT,72,4921.48000,BLOCKED:DailyQuota
2026.02.05 04:40:00,SHORT,72,4915.72000,BLOCKED:DailyQuota
2026.02.05 04:45:00,SHORT,72,4896.91000,BLOCKED:DailyQuota
2026.02.05 04:50:00,SHORT,72,4852.35000,BLOCKED:DailyQuota
2026.02.05 05:30:00,SHORT,72,4858.90000,BLOCKED:DailyQuota
2026.02.05 05:50:00,SHORT,69,4866.46000,BLOCKED:DailyQuota
2026.02.05 06:05:00,SHORT,66,4868.08000,BLOCKED:DailyQuota
2026.02.05 11:55:00,SHORT,77,4869.67000,BLOCKED:DailyQuota
2026.02.05 12:00:00,SHORT,77,4854.96000,BLOCKED:DailyQuota
2026.02.05 12:20:00,SHORT,74,4864.91000,BLOCKED:DailyQuota
2026.02.05 12:25:00,SHORT,75,4863.97000,BLOCKED:DailyQuota
2026.02.05 15:00:00,SHORT,66,4854.18000,BLOCKED:DailyQuota
2026.02.05 15:05:00,SHORT,51,4823.41000,BLOCKED:DailyQuota
2026.02.05 15:15:00,SHORT,51,4825.75000,BLOCKED:DailyQuota
2026.02.05 16:15:00,SHORT,77,4814.74000,BLOCKED:DailyQuota
2026.02.05 21:25:00,SHORT,65,4852.66000,BLOCKED:DailyQuota
2026.02.05 21:30:00,SHORT,72,4851.40000,BLOCKED:DailyQuota
2026.02.05 21:35:00,SHORT,72,4835.82000,BLOCKED:DailyQuota
2026.02.05 22:05:00,SHORT,72,4820.56000,BLOCKED:DailyQuota
2026.02.05 22:25:00,SHORT,72,4820.80000,BLOCKED:DailyQuota
2026.02.05 22:50:00,SHORT,72,4803.89000,BLOCKED:DailyQuota
2026.02.05 23:10:00,SHORT,72,4808.40000,BLOCKED:DailyQuota
2026.02.05 23:25:00,SHORT,50,4801.68000,BLOCKED:DailyQuota
2026.02.06 01:40:00,SHORT,75,4739.15000,OK
2026.02.06 01:55:00,SHORT,72,4711.62000,BLOCKED:PositionOpen
2026.02.06 02:00:00,SHORT,51,4703.70000,BLOCKED:PositionOpen
2026.02.06 02:05:00,SHORT,72,4686.79000,BLOCKED:PositionOpen
2026.02.06 02:55:00,SHORT,72,4741.34000,BLOCKED:PositionOpen
2026.02.06 18:05:00,LONG,77,4950.11000,BLOCKED:DailyQuota
2026.02.06 20:05:00,LONG,77,4963.73000,BLOCKED:DailyQuota
2026.02.06 20:15:00,LONG,74,4965.88000,BLOCKED:DailyQuota
2026.02.06 20:35:00,LONG,73,4960.46000,BLOCKED:DailyQuota
2026.02.09 01:15:00,LONG,75,4979.97000,OK
2026.02.09 01:25:00,LONG,72,4997.33000,BLOCKED:PositionOpen
2026.02.09 01:30:00,LONG,72,5024.68000,BLOCKED:PositionOpen
2026.02.09 01:50:00,LONG,59,5045.29000,BLOCKED:PositionOpen
2026.02.09 02:10:00,LONG,52,5036.46000,BLOCKED:PositionOpen
2026.02.09 02:30:00,LONG,54,5035.44000,BLOCKED:PositionOpen
2026.02.09 05:45:00,LONG,72,5025.00000,BLOCKED:PositionOpen
2026.02.09 06:40:00,LONG,72,5022.91000,BLOCKED:PositionOpen
2026.02.09 08:35:00,LONG,77,5026.87000,BLOCKED:PositionOpen
2026.02.09 08:40:00,LONG,74,5032.01000,BLOCKED:PositionOpen
2026.02.09 08:45:00,LONG,58,5035.67000,BLOCKED:PositionOpen
2026.02.09 11:00:00,LONG,75,5027.48000,BLOCKED:PositionOpen
2026.02.09 11:05:00,LONG,68,5032.80000,BLOCKED:PositionOpen
2026.02.09 14:10:00,LONG,63,5015.11000,BLOCKED:PositionOpen
2026.02.09 14:25:00,LONG,66,5014.57000,BLOCKED:PositionOpen
2026.02.09 14:40:00,LONG,65,5015.70000,BLOCKED:PositionOpen
2026.02.09 14:55:00,LONG,77,5017.87000,BLOCKED:PositionOpen
2026.02.09 15:05:00,LONG,77,5018.99000,BLOCKED:PositionOpen
2026.02.09 17:25:00,LONG,77,5033.05000,BLOCKED:PositionOpen
2026.02.09 17:45:00,LONG,56,5056.06000,BLOCKED:PositionOpen
2026.02.09 17:50:00,LONG,47,5060.15000,BLOCKED:PositionOpen
2026.02.09 18:00:00,LONG,72,5058.94000,BLOCKED:PositionOpen
2026.02.09 18:05:00,LONG,48,5067.12000,BLOCKED:DailyQuota
2026.02.09 19:20:00,LONG,77,5069.41000,BLOCKED:DailyQuota
2026.02.09 19:25:00,LONG,77,5070.82000,BLOCKED:DailyQuota
2026.02.09 19:35:00,LONG,72,5069.26000,BLOCKED:DailyQuota
2026.02.09 21:35:00,LONG,72,5078.72000,BLOCKED:DailyQuota
2026.02.09 22:25:00,LONG,68,5080.61000,BLOCKED:DailyQuota
2026.02.09 22:40:00,LONG,54,5077.57000,BLOCKED:DailyQuota
2026.02.09 22:55:00,LONG,65,5081.47000,BLOCKED:DailyQuota
2026.02.10 04:25:00,LONG,75,5054.40000,OK
2026.02.10 04:45:00,LONG,44,5050.52000,BLOCKED:PositionOpen
2026.02.10 10:40:00,LONG,61,5044.16000,BLOCKED:PositionOpen
2026.02.10 11:05:00,LONG,77,5049.72000,BLOCKED:PositionOpen
2026.02.10 11:10:00,LONG,68,5057.77000,BLOCKED:PositionOpen
2026.02.10 11:25:00,LONG,77,5053.77000,BLOCKED:PositionOpen
2026.02.10 11:40:00,LONG,65,5047.43000,BLOCKED:PositionOpen
2026.02.10 13:55:00,LONG,77,5055.30000,BLOCKED:PositionOpen
2026.02.10 14:00:00,LONG,72,5056.11000,BLOCKED:PositionOpen
2026.02.10 16:30:00,LONG,77,5070.43000,BLOCKED:PositionOpen
2026.02.10 22:10:00,LONG,82,5024.88000,BLOCKED:DailyQuota
2026.02.10 22:35:00,LONG,72,5030.74000,BLOCKED:DailyQuota
2026.02.11 02:25:00,LONG,53,5039.74000,OK
2026.02.11 02:35:00,LONG,72,5046.56000,BLOCKED:PositionOpen
2026.02.11 03:55:00,LONG,62,5049.62000,BLOCKED:PositionOpen
2026.02.11 04:40:00,LONG,72,5048.26000,BLOCKED:PositionOpen
2026.02.11 06:05:00,LONG,42,5056.18000,BLOCKED:PositionOpen
2026.02.11 08:45:00,LONG,66,5053.95000,BLOCKED:PositionOpen
2026.02.11 08:55:00,LONG,53,5060.42000,BLOCKED:PositionOpen
2026.02.11 12:10:00,LONG,54,5066.16000,BLOCKED:PositionOpen
2026.02.11 12:15:00,LONG,61,5069.04000,BLOCKED:PositionOpen
2026.02.11 12:45:00,LONG,77,5100.15000,BLOCKED:DailyQuota
2026.02.11 13:10:00,LONG,77,5094.37000,BLOCKED:DailyQuota
2026.02.11 13:20:00,LONG,77,5096.31000,BLOCKED:DailyQuota
2026.02.11 13:45:00,LONG,58,5109.05000,BLOCKED:DailyQuota
2026.02.11 13:50:00,LONG,77,5113.97000,BLOCKED:DailyQuota
2026.02.11 14:15:00,LONG,77,5106.24000,BLOCKED:DailyQuota
2026.02.11 17:10:00,LONG,77,5079.63000,BLOCKED:DailyQuota
2026.02.11 19:15:00,LONG,77,5084.95000,BLOCKED:DailyQuota
2026.02.11 19:55:00,LONG,77,5092.61000,BLOCKED:DailyQuota
2026.02.11 22:10:00,LONG,72,5086.44000,BLOCKED:DailyQuota
2026.02.11 22:15:00,LONG,72,5088.31000,BLOCKED:DailyQuota
2026.02.12 04:55:00,LONG,93,5065.88000,OK
2026.02.12 05:00:00,LONG,46,5066.04000,BLOCKED:PositionOpen
2026.02.12 08:00:00,LONG,77,5075.74000,BLOCKED:PositionOpen
2026.02.12 08:15:00,LONG,54,5069.02000,BLOCKED:PositionOpen
2026.02.12 16:35:00,LONG,86,5068.25000,BLOCKED:PositionOpen
2026.02.12 19:30:00,SHORT,69,4965.41000,BLOCKED:DailyQuota
2026.02.12 19:35:00,SHORT,69,4964.59000,BLOCKED:DailyQuota
2026.02.12 21:05:00,SHORT,72,4932.94000,BLOCKED:DailyQuota
2026.02.12 23:30:00,SHORT,72,4920.20000,BLOCKED:DailyQuota
2026.02.12 23:40:00,SHORT,72,4921.54000,BLOCKED:DailyQuota
2026.02.12 23:45:00,SHORT,72,4918.10000,BLOCKED:DailyQuota
2026.02.13 01:05:00,SHORT,58,4892.43000,OK
2026.02.13 07:55:00,SHORT,72,4955.10000,BLOCKED:DailyQuota
2026.02.13 08:00:00,SHORT,77,4946.51000,BLOCKED:DailyQuota
2026.02.13 09:05:00,SHORT,77,4959.88000,BLOCKED:DailyQuota
2026.02.13 09:10:00,SHORT,77,4958.52000,BLOCKED:DailyQuota
2026.02.13 12:35:00,SHORT,62,4970.74000,BLOCKED:DailyQuota
2026.02.13 12:40:00,SHORT,49,4970.07000,BLOCKED:DailyQuota
2026.02.13 12:50:00,SHORT,59,4963.22000,BLOCKED:DailyQuota
2026.02.13 13:00:00,SHORT,62,4950.14000,BLOCKED:DailyQuota
2026.02.13 14:10:00,SHORT,77,4956.94000,BLOCKED:DailyQuota
2026.02.13 18:20:00,LONG,77,5007.27000,BLOCKED:DailyQuota
2026.02.13 19:35:00,LONG,68,5025.46000,BLOCKED:DailyQuota
2026.02.13 19:45:00,LONG,49,5022.47000,BLOCKED:DailyQuota
2026.02.13 20:55:00,LONG,77,5033.63000,BLOCKED:DailyQuota
2026.02.13 21:05:00,LONG,72,5033.39000,BLOCKED:DailyQuota
2026.02.13 22:05:00,LONG,45,5032.10000,BLOCKED:DailyQuota
2026.02.16 05:40:00,SHORT,75,4990.80000,OK
2026.02.16 06:00:00,SHORT,56,4987.57000,BLOCKED:PositionOpen
2026.02.16 06:10:00,SHORT,72,4977.06000,BLOCKED:PositionOpen
2026.02.16 06:15:00,SHORT,54,4976.69000,BLOCKED:PositionOpen
2026.02.16 06:20:00,SHORT,72,4974.72000,BLOCKED:PositionOpen
2026.02.16 07:05:00,SHORT,50,4977.45000,BLOCKED:PositionOpen
2026.02.16 07:30:00,SHORT,40,4986.38000,BLOCKED:PositionOpen
2026.02.16 08:40:00,LONG,77,4997.47000,BLOCKED:PositionOpen
2026.02.16 08:45:00,LONG,77,5002.44000,BLOCKED:PositionOpen
2026.02.16 09:30:00,LONG,50,4998.27000,BLOCKED:PositionOpen
2026.02.16 10:00:00,LONG,49,5007.44000,BLOCKED:PositionOpen
2026.02.16 10:55:00,LONG,66,5007.16000,BLOCKED:PositionOpen
2026.02.16 11:00:00,LONG,52,5008.18000,BLOCKED:PositionOpen
2026.02.16 11:55:00,LONG,77,5015.79000,BLOCKED:PositionOpen
2026.02.16 14:30:00,SHORT,65,4996.35000,BLOCKED:PositionOpen
2026.02.16 16:15:00,SHORT,77,4995.25000,BLOCKED:PositionOpen
2026.02.16 16:25:00,SHORT,61,4994.61000,BLOCKED:PositionOpen
2026.02.16 16:40:00,SHORT,48,4989.90000,BLOCKED:PositionOpen
2026.02.16 16:45:00,SHORT,66,4988.83000,BLOCKED:PositionOpen
2026.02.16 16:50:00,SHORT,52,4986.94000,BLOCKED:PositionOpen
2026.02.16 17:05:00,SHORT,77,4973.81000,BLOCKED:PositionOpen
2026.02.16 18:00:00,SHORT,48,4979.71000,BLOCKED:PositionOpen
2026.02.16 18:05:00,SHORT,56,4976.35000,BLOCKED:PositionOpen
2026.02.16 18:10:00,SHORT,49,4975.22000,BLOCKED:PositionOpen
2026.02.16 18:20:00,SHORT,77,4975.90000,BLOCKED:PositionOpen
2026.02.17 03:00:00,SHORT,62,4935.70000,BLOCKED:PositionOpen
2026.02.17 03:05:00,SHORT,75,4934.35000,BLOCKED:PositionOpen
2026.02.17 03:35:00,SHORT,61,4956.29000,BLOCKED:PositionOpen
2026.02.17 03:55:00,SHORT,74,4958.82000,BLOCKED:PositionOpen
2026.02.17 04:00:00,SHORT,52,4957.88000,BLOCKED:PositionOpen
2026.02.17 06:00:00,SHORT,54,4956.82000,BLOCKED:PositionOpen
2026.02.17 06:45:00,SHORT,55,4952.27000,BLOCKED:PositionOpen
2026.02.17 06:50:00,SHORT,75,4951.28000,BLOCKED:PositionOpen
2026.02.17 07:35:00,SHORT,46,4884.94000,OK
2026.02.17 11:50:00,SHORT,71,4918.24000,BLOCKED:PositionOpen
2026.02.17 15:55:00,SHORT,52,4916.75000,BLOCKED:PositionOpen
2026.02.17 16:20:00,SHORT,57,4893.31000,BLOCKED:PositionOpen
2026.02.17 16:35:00,SHORT,52,4897.77000,BLOCKED:PositionOpen
2026.02.17 16:40:00,SHORT,77,4882.09000,BLOCKED:PositionOpen
2026.02.17 16:45:00,SHORT,77,4870.26000,BLOCKED:PositionOpen
2026.02.17 16:50:00,SHORT,60,4865.46000,BLOCKED:PositionOpen
2026.02.17 17:25:00,SHORT,77,4869.41000,BLOCKED:PositionOpen
2026.02.17 19:45:00,SHORT,77,4859.94000,BLOCKED:PositionOpen
2026.02.17 22:35:00,SHORT,72,4876.23000,BLOCKED:PositionOpen
2026.02.17 22:45:00,SHORT,67,4878.59000,BLOCKED:PositionOpen
2026.02.18 01:55:00,SHORT,75,4858.00000,BLOCKED:PositionOpen
2026.02.18 11:05:00,SHORT,63,4915.17000,BLOCKED:PositionOpen
2026.02.18 11:15:00,SHORT,80,4916.83000,BLOCKED:PositionOpen
2026.02.18 11:20:00,SHORT,74,4915.84000,BLOCKED:PositionOpen
2026.02.18 11:50:00,SHORT,68,4919.87000,BLOCKED:PositionOpen
2026.02.18 14:00:00,SHORT,72,4912.81000,BLOCKED:PositionOpen
2026.02.18 16:40:00,LONG,65,4983.86000,OK
2026.02.18 18:00:00,LONG,50,4998.15000,BLOCKED:PositionOpen
2026.02.18 18:15:00,LONG,65,4999.65000,BLOCKED:PositionOpen
2026.02.19 03:10:00,SHORT,52,4964.79000,BLOCKED:PositionOpen
2026.02.19 03:25:00,SHORT,75,4961.54000,BLOCKED:PositionOpen
2026.02.19 07:00:00,LONG,59,4984.30000,BLOCKED:PositionOpen
2026.02.19 07:05:00,LONG,69,4988.11000,BLOCKED:PositionOpen
2026.02.19 07:10:00,LONG,75,4990.37000,BLOCKED:PositionOpen
2026.02.19 08:30:00,LONG,80,5001.19000,BLOCKED:PositionOpen
2026.02.19 08:35:00,LONG,69,5007.76000,BLOCKED:PositionOpen
2026.02.19 08:40:00,LONG,60,5008.08000,BLOCKED:PositionOpen
2026.02.19 08:45:00,LONG,56,5009.27000,BLOCKED:PositionOpen
2026.02.19 09:05:00,LONG,70,5020.24000,BLOCKED:PositionOpen
2026.02.19 09:10:00,LONG,73,5020.99000,BLOCKED:PositionOpen
2026.02.19 09:35:00,LONG,61,5018.73000,BLOCKED:PositionOpen
2026.02.19 22:20:00,LONG,53,4994.38000,BLOCKED:PositionOpen
2026.02.19 22:25:00,LONG,49,4994.51000,BLOCKED:PositionOpen
2026.02.19 23:20:00,LONG,52,5000.28000,BLOCKED:PositionOpen
2026.02.19 23:35:00,LONG,75,4995.71000,BLOCKED:PositionOpen
2026.02.19 23:40:00,LONG,55,4996.95000,BLOCKED:PositionOpen
2026.02.19 23:45:00,LONG,59,4998.86000,BLOCKED:PositionOpen
2026.02.20 03:35:00,LONG,31,4999.76000,BLOCKED:PositionOpen
2026.02.20 07:25:00,LONG,57,5001.61000,BLOCKED:PositionOpen
2026.02.20 07:40:00,LONG,66,5003.33000,BLOCKED:PositionOpen
2026.02.20 07:50:00,LONG,53,5007.18000,BLOCKED:PositionOpen
2026.02.20 08:00:00,LONG,69,5012.11000,BLOCKED:PositionOpen
2026.02.20 08:05:00,LONG,78,5015.27000,BLOCKED:PositionOpen
2026.02.20 08:15:00,LONG,59,5016.74000,BLOCKED:PositionOpen
2026.02.20 08:20:00,LONG,44,5017.21000,BLOCKED:PositionOpen
2026.02.20 08:35:00,LONG,65,5024.58000,BLOCKED:PositionOpen
2026.02.20 11:50:00,LONG,80,5033.53000,BLOCKED:PositionOpen
2026.02.20 16:10:00,LONG,80,5045.05000,BLOCKED:PositionOpen
2026.02.20 18:50:00,LONG,80,5064.84000,OK
2026.02.20 19:05:00,LONG,49,5066.80000,BLOCKED:PositionOpen
2026.02.20 19:10:00,LONG,77,5070.95000,BLOCKED:PositionOpen
2026.02.20 19:30:00,LONG,65,5064.38000,BLOCKED:PositionOpen
2026.02.20 19:35:00,LONG,47,5064.81000,BLOCKED:PositionOpen
2026.02.20 19:45:00,LONG,77,5068.43000,BLOCKED:PositionOpen
2026.02.20 22:10:00,LONG,72,5080.33000,BLOCKED:PositionOpen
2026.02.20 22:20:00,LONG,59,5083.02000,BLOCKED:PositionOpen
2026.02.20 22:25:00,LONG,60,5086.07000,BLOCKED:PositionOpen
2026.02.20 22:55:00,LONG,54,5087.90000,BLOCKED:PositionOpen
2026.02.20 23:20:00,LONG,33,5093.65000,BLOCKED:PositionOpen
2026.02.20 23:30:00,LONG,72,5097.82000,BLOCKED:PositionOpen
2026.02.20 23:35:00,LONG,42,5098.18000,BLOCKED:PositionOpen
2026.02.20 23:50:00,LONG,58,5104.18000,BLOCKED:PositionOpen
2026.02.23 01:00:00,LONG,46,5109.96000,BLOCKED:PositionOpen
2026.02.23 01:10:00,LONG,52,5135.25000,BLOCKED:PositionOpen
2026.02.23 01:30:00,LONG,47,5146.32000,BLOCKED:PositionOpen
2026.02.23 01:35:00,LONG,53,5146.57000,BLOCKED:PositionOpen
2026.02.23 01:55:00,LONG,65,5165.37000,BLOCKED:PositionOpen
2026.02.23 02:00:00,LONG,26,5165.43000,BLOCKED:PositionOpen
2026.02.23 02:10:00,LONG,48,5149.92000,BLOCKED:PositionOpen
2026.02.23 02:25:00,LONG,75,5145.77000,BLOCKED:PositionOpen
2026.02.23 02:30:00,LONG,57,5153.44000,BLOCKED:PositionOpen
2026.02.23 04:25:00,LONG,51,5159.68000,BLOCKED:PositionOpen
2026.02.23 04:30:00,LONG,75,5161.26000,BLOCKED:PositionOpen
2026.02.23 04:40:00,LONG,75,5168.91000,BLOCKED:PositionOpen
2026.02.23 04:55:00,LONG,75,5173.45000,BLOCKED:PositionOpen
2026.02.23 12:20:00,LONG,80,5153.08000,BLOCKED:PositionOpen
2026.02.23 12:25:00,LONG,74,5153.88000,BLOCKED:PositionOpen
2026.02.23 12:30:00,LONG,80,5156.07000,BLOCKED:PositionOpen
2026.02.23 12:40:00,LONG,67,5152.83000,BLOCKED:PositionOpen
2026.02.23 17:40:00,LONG,80,5199.54000,OK
2026.02.23 17:45:00,LONG,50,5201.33000,BLOCKED:PositionOpen
2026.02.23 17:50:00,LONG,70,5202.10000,BLOCKED:PositionOpen
2026.02.23 18:00:00,LONG,56,5196.18000,BLOCKED:PositionOpen
2026.02.23 18:10:00,LONG,77,5196.99000,BLOCKED:PositionOpen
2026.02.23 18:15:00,LONG,77,5202.65000,BLOCKED:PositionOpen
2026.02.23 21:15:00,LONG,72,5211.42000,BLOCKED:PositionOpen
2026.02.23 21:20:00,LONG,52,5212.59000,BLOCKED:PositionOpen
2026.02.23 22:05:00,LONG,72,5222.58000,BLOCKED:PositionOpen
2026.02.23 22:20:00,LONG,39,5224.03000,BLOCKED:PositionOpen
2026.02.23 22:25:00,LONG,40,5224.62000,BLOCKED:PositionOpen
2026.02.23 23:35:00,LONG,45,5231.53000,BLOCKED:PositionOpen
2026.02.23 23:50:00,LONG,53,5231.27000,BLOCKED:PositionOpen
2026.02.24 17:50:00,LONG,80,5152.75000,OK
2026.02.24 18:00:00,LONG,77,5150.43000,BLOCKED:PositionOpen
2026.02.24 18:15:00,LONG,83,5147.48000,BLOCKED:PositionOpen
2026.02.24 18:40:00,LONG,90,5145.83000,BLOCKED:PositionOpen
2026.02.24 20:40:00,LONG,77,5158.11000,BLOCKED:PositionOpen
2026.02.24 23:00:00,LONG,29,5164.13000,BLOCKED:PositionOpen
2026.02.25 02:40:00,LONG,75,5152.51000,BLOCKED:PositionOpen
2026.02.25 03:05:00,LONG,62,5159.24000,BLOCKED:PositionOpen
2026.02.25 03:10:00,LONG,75,5169.16000,BLOCKED:PositionOpen
2026.02.25 03:15:00,LONG,75,5174.56000,BLOCKED:PositionOpen
2026.02.25 04:05:00,LONG,75,5183.45000,BLOCKED:PositionOpen
2026.02.25 04:10:00,LONG,72,5186.47000,BLOCKED:PositionOpen
2026.02.25 04:30:00,LONG,69,5189.83000,BLOCKED:PositionOpen
2026.02.25 07:50:00,LONG,75,5209.49000,BLOCKED:PositionOpen
2026.02.25 08:15:00,LONG,51,5192.26000,BLOCKED:PositionOpen
2026.02.25 08:35:00,LONG,80,5193.08000,BLOCKED:PositionOpen
2026.02.25 14:55:00,LONG,64,5182.01000,BLOCKED:PositionOpen
2026.02.25 15:00:00,LONG,83,5182.85000,BLOCKED:PositionOpen
2026.02.25 15:05:00,LONG,80,5185.58000,BLOCKED:PositionOpen
2026.02.25 15:35:00,LONG,55,5188.25000,BLOCKED:PositionOpen
2026.02.25 18:15:00,LONG,61,5192.57000,BLOCKED:PositionOpen
2026.02.25 18:20:00,LONG,80,5197.17000,BLOCKED:PositionOpen
2026.02.25 19:10:00,LONG,80,5214.56000,BLOCKED:PositionOpen
2026.02.25 19:15:00,LONG,69,5215.18000,BLOCKED:PositionOpen
2026.02.25 20:00:00,LONG,65,5207.00000,BLOCKED:PositionOpen
2026.02.26 03:45:00,LONG,75,5189.49000,BLOCKED:PositionOpen
2026.02.26 03:50:00,LONG,58,5189.91000,BLOCKED:PositionOpen
2026.02.26 03:55:00,LONG,75,5191.42000,BLOCKED:PositionOpen
2026.02.26 04:00:00,LONG,57,5191.81000,BLOCKED:PositionOpen
2026.02.26 06:30:00,LONG,62,5194.26000,BLOCKED:PositionOpen
2026.02.26 06:40:00,LONG,50,5195.45000,BLOCKED:PositionOpen
2026.02.26 07:25:00,LONG,75,5202.86000,BLOCKED:PositionOpen
2026.02.26 19:05:00,LONG,80,5181.32000,BLOCKED:PositionOpen
2026.02.26 19:10:00,LONG,80,5186.40000,BLOCKED:PositionOpen
2026.02.27 03:40:00,LONG,75,5190.64000,BLOCKED:PositionOpen
2026.02.27 08:40:00,LONG,80,5194.12000,BLOCKED:PositionOpen
2026.02.27 13:50:00,LONG,68,5181.27000,BLOCKED:PositionOpen
2026.02.27 14:20:00,LONG,54,5187.89000,BLOCKED:PositionOpen
2026.02.27 14:55:00,LONG,61,5186.80000,BLOCKED:PositionOpen
2026.02.27 15:00:00,LONG,68,5187.56000,BLOCKED:PositionOpen
2026.02.27 15:05:00,LONG,76,5195.25000,BLOCKED:PositionOpen
2026.02.27 15:20:00,LONG,65,5218.41000,BLOCKED:PositionOpen
2026.02.27 15:25:00,LONG,80,5235.54000,BLOCKED:PositionOpen
2026.02.27 16:25:00,LONG,59,5232.92000,BLOCKED:PositionOpen
2026.02.27 16:45:00,LONG,80,5225.49000,BLOCKED:PositionOpen
2026.02.27 17:30:00,LONG,80,5231.53000,BLOCKED:PositionOpen
2026.02.27 22:10:00,LONG,73,5251.29000,BLOCKED:PositionOpen
2026.02.27 22:15:00,LONG,54,5251.63000,BLOCKED:PositionOpen
2026.02.27 22:20:00,LONG,75,5255.13000,BLOCKED:PositionOpen
2026.02.27 22:25:00,LONG,66,5261.44000,BLOCKED:PositionOpen
2026.02.27 22:50:00,LONG,75,5262.46000,BLOCKED:PositionOpen
2026.02.27 23:25:00,LONG,75,5261.50000,BLOCKED:PositionOpen
2026.02.27 23:40:00,LONG,52,5270.81000,BLOCKED:PositionOpen
2026.02.27 23:45:00,LONG,71,5274.57000,BLOCKED:PositionOpen
2026.02.27 23:50:00,LONG,58,5277.93000,BLOCKED:PositionOpen
2026.02.27 23:55:00,LONG,75,5280.16000,BLOCKED:PositionOpen
2026.03.02 01:55:00,LONG,72,5388.96000,OK
2026.03.02 02:15:00,LONG,72,5376.21000,BLOCKED:PositionOpen
2026.03.02 02:25:00,LONG,72,5363.24000,BLOCKED:PositionOpen
2026.03.02 05:05:00,LONG,72,5353.26000,BLOCKED:PositionOpen
2026.03.02 05:50:00,LONG,53,5362.78000,BLOCKED:PositionOpen
2026.03.02 05:55:00,LONG,38,5363.60000,BLOCKED:PositionOpen
2026.03.02 06:20:00,LONG,72,5364.85000,BLOCKED:PositionOpen
2026.03.02 08:55:00,LONG,77,5386.18000,BLOCKED:PositionOpen
2026.03.02 09:00:00,LONG,57,5387.61000,BLOCKED:PositionOpen
2026.03.02 09:10:00,LONG,77,5400.86000,BLOCKED:PositionOpen
2026.03.02 09:15:00,LONG,77,5406.07000,BLOCKED:PositionOpen
2026.03.02 09:20:00,LONG,77,5417.58000,BLOCKED:PositionOpen
2026.03.02 09:35:00,LONG,64,5409.24000,BLOCKED:PositionOpen
2026.03.02 09:50:00,LONG,48,5411.24000,BLOCKED:PositionOpen
2026.03.02 10:25:00,LONG,56,5405.70000,BLOCKED:PositionOpen
2026.03.02 10:30:00,LONG,77,5415.81000,BLOCKED:PositionOpen
2026.03.02 15:25:00,LONG,77,5405.79000,BLOCKED:PositionOpen
2026.03.02 21:50:00,LONG,64,5328.32000,BLOCKED:PositionOpen
2026.03.02 22:25:00,LONG,72,5344.43000,BLOCKED:PositionOpen
2026.03.02 22:35:00,LONG,72,5337.67000,BLOCKED:PositionOpen
2026.03.02 22:40:00,LONG,72,5341.97000,BLOCKED:PositionOpen
2026.03.02 22:55:00,LONG,72,5339.41000,BLOCKED:PositionOpen
2026.03.03 03:00:00,LONG,36,5350.36000,BLOCKED:PositionOpen
2026.03.03 03:25:00,LONG,75,5378.25000,BLOCKED:PositionOpen
2026.03.03 05:45:00,LONG,75,5369.20000,BLOCKED:PositionOpen
2026.03.03 06:00:00,LONG,75,5367.34000,BLOCKED:PositionOpen
2026.03.03 06:30:00,LONG,47,5371.99000,BLOCKED:PositionOpen
2026.03.03 13:45:00,SHORT,80,5124.69000,OK
2026.03.03 16:35:00,SHORT,77,5120.64000,BLOCKED:PositionOpen
2026.03.03 17:15:00,SHORT,77,5039.87000,BLOCKED:PositionOpen
2026.03.03 17:45:00,SHORT,77,5061.70000,BLOCKED:PositionOpen
2026.03.03 20:20:00,SHORT,77,5100.13000,BLOCKED:PositionOpen
2026.03.03 20:25:00,SHORT,77,5098.00000,BLOCKED:PositionOpen
2026.03.03 22:40:00,SHORT,72,5110.68000,BLOCKED:PositionOpen
2026.03.04 04:15:00,LONG,58,5190.11000,BLOCKED:PositionOpen
2026.03.04 07:55:00,SHORT,92,5158.20000,BLOCKED:PositionOpen
2026.03.04 08:05:00,SHORT,64,5142.16000,BLOCKED:PositionOpen
2026.03.04 08:15:00,SHORT,56,5141.76000,BLOCKED:PositionOpen
2026.03.04 11:50:00,LONG,50,5182.51000,BLOCKED:PositionOpen
2026.03.04 12:00:00,LONG,80,5182.38000,BLOCKED:PositionOpen
2026.03.04 12:05:00,LONG,80,5185.56000,BLOCKED:PositionOpen
2026.03.04 12:55:00,LONG,66,5188.00000,BLOCKED:PositionOpen
2026.03.04 13:10:00,LONG,53,5191.43000,BLOCKED:PositionOpen
2026.03.04 13:15:00,LONG,80,5195.18000,BLOCKED:PositionOpen
2026.03.04 13:35:00,LONG,80,5198.13000,BLOCKED:PositionOpen
2026.03.04 16:50:00,SHORT,63,5155.83000,BLOCKED:PositionOpen
2026.03.04 16:55:00,SHORT,53,5152.27000,BLOCKED:PositionOpen
2026.03.04 17:10:00,SHORT,59,5151.28000,BLOCKED:PositionOpen
2026.03.04 18:10:00,SHORT,56,5149.57000,BLOCKED:PositionOpen
2026.03.04 19:40:00,SHORT,80,5134.40000,BLOCKED:PositionOpen
2026.03.04 20:20:00,SHORT,80,5118.80000,BLOCKED:PositionOpen
2026.03.05 02:20:00,LONG,49,5177.79000,BLOCKED:PositionOpen
2026.03.05 02:50:00,LONG,71,5176.73000,BLOCKED:PositionOpen
2026.03.05 03:20:00,LONG,75,5179.75000,BLOCKED:PositionOpen
2026.03.05 03:30:00,LONG,75,5177.60000,BLOCKED:PositionOpen
2026.03.05 04:35:00,LONG,41,5184.48000,BLOCKED:PositionOpen
2026.03.05 05:20:00,LONG,73,5188.25000,BLOCKED:PositionOpen
2026.03.05 05:35:00,LONG,75,5187.24000,BLOCKED:PositionOpen
2026.03.05 05:40:00,LONG,43,5187.61000,BLOCKED:PositionOpen
2026.03.05 06:45:00,SHORT,80,5174.45000,BLOCKED:PositionOpen
2026.03.05 06:55:00,SHORT,46,5168.43000,BLOCKED:PositionOpen
2026.03.05 07:55:00,SHORT,70,5158.04000,BLOCKED:PositionOpen
2026.03.05 08:00:00,SHORT,70,5148.62000,BLOCKED:PositionOpen
2026.03.05 08:10:00,SHORT,65,5139.77000,BLOCKED:PositionOpen
2026.03.05 08:15:00,SHORT,77,5132.82000,BLOCKED:PositionOpen
2026.03.05 08:55:00,SHORT,80,5156.16000,BLOCKED:PositionOpen
2026.03.05 15:50:00,SHORT,64,5119.75000,BLOCKED:PositionOpen
2026.03.05 16:00:00,SHORT,80,5118.07000,BLOCKED:PositionOpen
2026.03.05 16:15:00,SHORT,66,5112.95000,BLOCKED:PositionOpen
2026.03.05 16:20:00,SHORT,58,5108.77000,BLOCKED:PositionOpen
2026.03.05 16:40:00,SHORT,80,5097.97000,BLOCKED:PositionOpen
2026.03.05 17:25:00,SHORT,80,5079.00000,BLOCKED:PositionOpen
2026.03.05 17:45:00,SHORT,80,5080.53000,BLOCKED:PositionOpen
2026.03.05 19:40:00,SHORT,80,5067.46000,BLOCKED:PositionOpen
2026.03.05 19:45:00,SHORT,80,5063.62000,BLOCKED:PositionOpen
2026.03.05 20:50:00,SHORT,62,5079.05000,BLOCKED:PositionOpen
2026.03.05 20:55:00,SHORT,80,5072.72000,BLOCKED:PositionOpen
2026.03.06 03:25:00,SHORT,69,5080.40000,BLOCKED:PositionOpen
2026.03.06 08:30:00,SHORT,93,5120.27000,BLOCKED:PositionOpen
2026.03.06 08:35:00,SHORT,86,5118.67000,BLOCKED:PositionOpen
2026.03.06 09:10:00,SHORT,80,5108.41000,BLOCKED:PositionOpen
2026.03.06 11:55:00,SHORT,80,5089.99000,BLOCKED:PositionOpen
2026.03.06 12:00:00,SHORT,76,5085.80000,BLOCKED:PositionOpen
2026.03.06 12:35:00,SHORT,80,5085.85000,BLOCKED:PositionOpen
2026.03.06 12:45:00,SHORT,80,5081.66000,BLOCKED:PositionOpen
2026.03.06 13:15:00,SHORT,80,5086.21000,BLOCKED:PositionOpen
2026.03.06 15:10:00,SHORT,80,5070.43000,BLOCKED:PositionOpen
2026.03.06 20:45:00,LONG,80,5165.25000,BLOCKED:PositionOpen
2026.03.06 21:35:00,LONG,49,5165.41000,BLOCKED:PositionOpen
2026.03.06 21:50:00,LONG,65,5160.48000,BLOCKED:PositionOpen
2026.03.06 21:55:00,LONG,54,5162.57000,BLOCKED:PositionOpen
2026.03.09 02:45:00,SHORT,75,5052.90000,BLOCKED:PositionOpen
2026.03.09 02:50:00,SHORT,75,5043.40000,BLOCKED:PositionOpen
2026.03.09 02:55:00,SHORT,38,5043.29000,BLOCKED:PositionOpen
2026.03.09 09:50:00,SHORT,80,5097.15000,BLOCKED:PositionOpen
2026.03.09 09:55:00,SHORT,54,5096.72000,BLOCKED:PositionOpen
2026.03.09 10:10:00,SHORT,99,5102.68000,BLOCKED:PositionOpen
2026.03.09 10:15:00,SHORT,86,5099.96000,BLOCKED:PositionOpen
2026.03.09 13:10:00,SHORT,73,5093.01000,BLOCKED:PositionOpen
2026.03.09 13:15:00,SHORT,80,5090.46000,BLOCKED:PositionOpen
2026.03.09 13:20:00,SHORT,80,5088.49000,BLOCKED:PositionOpen
2026.03.09 14:00:00,SHORT,52,5088.07000,BLOCKED:PositionOpen
2026.03.09 16:10:00,SHORT,62,5074.67000,BLOCKED:PositionOpen
2026.03.10 01:10:00,LONG,75,5145.56000,BLOCKED:PositionOpen
2026.03.10 01:15:00,LONG,42,5146.24000,BLOCKED:PositionOpen
2026.03.10 01:20:00,LONG,75,5154.59000,BLOCKED:PositionOpen
2026.03.10 02:55:00,SHORT,43,5130.63000,BLOCKED:PositionOpen
2026.03.10 04:40:00,LONG,58,5179.33000,BLOCKED:PositionOpen
2026.03.10 05:10:00,LONG,63,5170.22000,BLOCKED:PositionOpen
2026.03.10 07:50:00,LONG,75,5173.27000,BLOCKED:PositionOpen
2026.03.10 08:25:00,LONG,43,5177.35000,BLOCKED:PositionOpen
2026.03.10 08:40:00,LONG,80,5178.50000,BLOCKED:PositionOpen
2026.03.10 08:50:00,LONG,29,5176.01000,BLOCKED:PositionOpen
2026.03.10 11:05:00,LONG,80,5185.93000,BLOCKED:PositionOpen
2026.03.10 11:15:00,LONG,80,5187.95000,BLOCKED:PositionOpen
2026.03.10 11:45:00,LONG,57,5187.70000,BLOCKED:PositionOpen
2026.03.10 15:55:00,LONG,80,5209.01000,BLOCKED:PositionOpen
2026.03.10 16:15:00,LONG,65,5195.37000,BLOCKED:PositionOpen
2026.03.10 16:20:00,LONG,55,5212.44000,BLOCKED:PositionOpen
2026.03.11 03:50:00,LONG,53,5214.77000,BLOCKED:PositionOpen
2026.03.11 12:15:00,LONG,73,5193.52000,BLOCKED:PositionOpen
2026.03.11 21:20:00,LONG,87,5175.85000,BLOCKED:PositionOpen
2026.03.11 21:35:00,LONG,77,5178.27000,BLOCKED:PositionOpen
2026.03.11 22:40:00,LONG,69,5177.14000,BLOCKED:PositionOpen
2026.03.12 00:40:00,SHORT,45,5160.51000,BLOCKED:PositionOpen
2026.03.12 01:40:00,SHORT,55,5149.99000,BLOCKED:PositionOpen
2026.03.12 01:45:00,SHORT,57,5146.95000,BLOCKED:PositionOpen
2026.03.12 02:00:00,SHORT,75,5134.24000,BLOCKED:PositionOpen
2026.03.12 02:05:00,SHORT,75,5131.10000,BLOCKED:PositionOpen
2026.03.12 03:45:00,LONG,75,5169.97000,BLOCKED:PositionOpen
2026.03.12 03:50:00,LONG,75,5171.90000,BLOCKED:PositionOpen
2026.03.12 04:00:00,LONG,75,5168.62000,BLOCKED:PositionOpen
2026.03.12 04:05:00,LONG,63,5171.88000,BLOCKED:PositionOpen
2026.03.12 06:05:00,SHORT,35,5152.82000,BLOCKED:PositionOpen
2026.03.12 06:40:00,SHORT,47,5145.44000,BLOCKED:PositionOpen
2026.03.12 07:00:00,SHORT,32,5142.64000,BLOCKED:PositionOpen
2026.03.12 09:05:00,LONG,62,5166.60000,BLOCKED:PositionOpen
2026.03.12 09:15:00,LONG,55,5170.17000,BLOCKED:PositionOpen
2026.03.12 10:00:00,LONG,80,5182.52000,BLOCKED:PositionOpen
2026.03.12 10:05:00,LONG,55,5184.84000,BLOCKED:PositionOpen
2026.03.12 10:20:00,LONG,39,5181.82000,BLOCKED:PositionOpen
2026.03.12 10:45:00,LONG,50,5181.27000,BLOCKED:PositionOpen
2026.03.12 16:40:00,SHORT,56,5144.92000,BLOCKED:PositionOpen
2026.03.12 16:50:00,SHORT,54,5142.35000,BLOCKED:PositionOpen
2026.03.12 16:55:00,SHORT,65,5141.84000,BLOCKED:PositionOpen
2026.03.12 17:05:00,SHORT,78,5131.97000,BLOCKED:PositionOpen
2026.03.12 17:10:00,SHORT,80,5130.39000,BLOCKED:PositionOpen
2026.03.12 17:15:00,SHORT,80,5124.77000,BLOCKED:PositionOpen
2026.03.12 18:00:00,SHORT,80,5132.38000,BLOCKED:PositionOpen
2026.03.12 20:00:00,SHORT,56,5105.37000,BLOCKED:PositionOpen
2026.03.12 20:20:00,SHORT,66,5106.69000,BLOCKED:PositionOpen
2026.03.12 20:25:00,SHORT,76,5102.99000,BLOCKED:PositionOpen
2026.03.12 20:45:00,SHORT,80,5098.74000,BLOCKED:PositionOpen
2026.03.12 20:50:00,SHORT,80,5092.37000,BLOCKED:PositionOpen
2026.03.12 21:00:00,SHORT,54,5094.36000,BLOCKED:PositionOpen
2026.03.12 21:05:00,SHORT,75,5087.26000,BLOCKED:PositionOpen
2026.03.12 21:15:00,SHORT,75,5084.89000,BLOCKED:PositionOpen
2026.03.12 21:45:00,SHORT,75,5091.90000,BLOCKED:PositionOpen
2026.03.12 21:55:00,SHORT,62,5094.24000,BLOCKED:PositionOpen
2026.03.12 22:00:00,SHORT,61,5084.66000,BLOCKED:PositionOpen
2026.03.12 22:15:00,SHORT,75,5085.29000,BLOCKED:PositionOpen
2026.03.12 22:20:00,SHORT,33,5085.22000,BLOCKED:PositionOpen
2026.03.12 22:30:00,SHORT,47,5071.89000,BLOCKED:PositionOpen
2026.03.12 22:35:00,SHORT,63,5071.29000,BLOCKED:PositionOpen
2026.03.13 00:10:00,SHORT,53,5081.47000,BLOCKED:PositionOpen
2026.03.13 05:40:00,SHORT,71,5109.13000,BLOCKED:PositionOpen
2026.03.13 06:20:00,SHORT,92,5111.38000,BLOCKED:PositionOpen
2026.03.13 06:25:00,SHORT,55,5105.00000,BLOCKED:PositionOpen
2026.03.13 07:40:00,SHORT,62,5107.68000,BLOCKED:PositionOpen
2026.03.13 07:45:00,SHORT,65,5100.65000,BLOCKED:PositionOpen
2026.03.13 07:55:00,SHORT,75,5099.37000,BLOCKED:PositionOpen
2026.03.13 09:15:00,SHORT,34,5090.29000,BLOCKED:PositionOpen
2026.03.13 09:20:00,SHORT,69,5078.19000,BLOCKED:PositionOpen
2026.03.13 09:50:00,SHORT,80,5085.36000,BLOCKED:PositionOpen
2026.03.13 09:55:00,SHORT,80,5084.37000,BLOCKED:PositionOpen
2026.03.13 10:20:00,SHORT,50,5073.67000,BLOCKED:PositionOpen
2026.03.13 10:25:00,SHORT,59,5067.02000,BLOCKED:PositionOpen
2026.03.13 16:30:00,SHORT,50,5089.08000,BLOCKED:PositionOpen
2026.03.13 16:45:00,SHORT,80,5079.43000,BLOCKED:PositionOpen
2026.03.13 17:25:00,SHORT,80,5059.43000,BLOCKED:PositionOpen
2026.03.13 17:45:00,SHORT,80,5046.69000,BLOCKED:PositionOpen
2026.03.13 17:55:00,SHORT,74,5037.10000,BLOCKED:PositionOpen
2026.03.13 18:05:00,SHORT,64,5027.87000,BLOCKED:PositionOpen
2026.03.13 18:15:00,SHORT,80,5031.98000,BLOCKED:PositionOpen
2026.03.13 18:20:00,SHORT,70,5031.30000,BLOCKED:PositionOpen
2026.03.13 18:50:00,SHORT,51,5043.59000,BLOCKED:PositionOpen
2026.03.13 19:00:00,SHORT,63,5046.00000,BLOCKED:PositionOpen
2026.03.13 21:15:00,SHORT,75,5040.00000,BLOCKED:PositionOpen
2026.03.13 21:20:00,SHORT,75,5036.11000,BLOCKED:PositionOpen
2026.03.13 21:45:00,SHORT,75,5025.45000,BLOCKED:PositionOpen
2026.03.13 22:50:00,SHORT,75,5018.78000,BLOCKED:PositionOpen
2026.03.16 00:00:00,SHORT,45,5016.23000,BLOCKED:PositionOpen
2026.03.16 00:05:00,SHORT,64,5015.60000,BLOCKED:PositionOpen
2026.03.16 01:45:00,SHORT,75,4983.76000,BLOCKED:PositionOpen
2026.03.16 04:35:00,SHORT,79,5009.14000,BLOCKED:PositionOpen
2026.03.16 09:55:00,SHORT,71,4993.78000,BLOCKED:PositionOpen
2026.03.16 10:10:00,SHORT,56,4996.68000,BLOCKED:PositionOpen
2026.03.16 10:15:00,SHORT,68,4988.74000,BLOCKED:PositionOpen
2026.03.16 10:45:00,SHORT,66,4987.26000,BLOCKED:PositionOpen
2026.03.16 11:00:00,SHORT,61,4991.12000,BLOCKED:PositionOpen
2026.03.16 11:10:00,SHORT,80,4984.60000,BLOCKED:PositionOpen
2026.03.16 12:05:00,SHORT,76,4974.49000,BLOCKED:PositionOpen
2026.03.16 17:45:00,SHORT,57,4996.76000,BLOCKED:PositionOpen
2026.03.16 17:50:00,SHORT,80,4995.18000,BLOCKED:PositionOpen
2026.03.16 17:55:00,SHORT,79,4988.83000,BLOCKED:PositionOpen
2026.03.16 18:00:00,SHORT,80,4987.04000,BLOCKED:PositionOpen
2026.03.17 00:55:00,SHORT,62,5004.01000,BLOCKED:PositionOpen
2026.03.17 08:55:00,SHORT,76,5010.20000,BLOCKED:PositionOpen
2026.03.17 09:10:00,SHORT,77,5012.36000,BLOCKED:PositionOpen
2026.03.17 09:20:00,SHORT,80,5011.78000,BLOCKED:PositionOpen
2026.03.17 12:00:00,SHORT,80,5010.52000,BLOCKED:PositionOpen
2026.03.17 12:40:00,SHORT,80,4999.02000,BLOCKED:PositionOpen
2026.03.17 17:30:00,SHORT,80,4994.76000,BLOCKED:PositionOpen
2026.03.18 00:45:00,SHORT,52,4996.24000,BLOCKED:PositionOpen
2026.03.18 05:00:00,SHORT,75,4991.84000,BLOCKED:PositionOpen
2026.03.18 05:05:00,SHORT,75,4989.52000,BLOCKED:PositionOpen
2026.03.18 06:00:00,SHORT,75,4991.26000,BLOCKED:PositionOpen
2026.03.18 07:15:00,SHORT,27,4990.22000,BLOCKED:PositionOpen
2026.03.18 07:20:00,SHORT,75,4986.37000,BLOCKED:PositionOpen
2026.03.18 10:45:00,SHORT,80,4985.37000,BLOCKED:PositionOpen
2026.03.18 10:55:00,SHORT,56,4987.21000,BLOCKED:PositionOpen
2026.03.18 11:10:00,SHORT,64,4989.85000,BLOCKED:PositionOpen
2026.03.18 11:15:00,SHORT,55,4986.34000,BLOCKED:PositionOpen
2026.03.18 13:30:00,SHORT,78,4948.38000,BLOCKED:PositionOpen
2026.03.18 13:40:00,SHORT,59,4947.60000,BLOCKED:PositionOpen
2026.03.18 13:50:00,SHORT,36,4938.91000,BLOCKED:PositionOpen
2026.03.18 14:00:00,SHORT,80,4930.21000,BLOCKED:PositionOpen
2026.03.18 14:05:00,SHORT,49,4929.94000,BLOCKED:PositionOpen
2026.03.18 14:10:00,SHORT,80,4913.47000,BLOCKED:PositionOpen
2026.03.18 14:15:00,SHORT,57,4908.42000,BLOCKED:PositionOpen
2026.03.18 14:25:00,SHORT,80,4899.34000,BLOCKED:PositionOpen
2026.03.18 15:00:00,SHORT,80,4881.51000,BLOCKED:PositionOpen
2026.03.18 15:05:00,SHORT,80,4860.89000,BLOCKED:PositionOpen
2026.03.18 15:15:00,SHORT,80,4858.60000,BLOCKED:PositionOpen
2026.03.18 15:20:00,SHORT,80,4851.08000,BLOCKED:PositionOpen
2026.03.18 15:35:00,SHORT,80,4857.91000,BLOCKED:PositionOpen
2026.03.18 15:50:00,SHORT,80,4871.12000,BLOCKED:PositionOpen
2026.03.18 17:45:00,SHORT,67,4864.57000,BLOCKED:PositionOpen
2026.03.18 17:50:00,SHORT,80,4863.08000,BLOCKED:PositionOpen
2026.03.18 21:40:00,SHORT,47,4856.56000,BLOCKED:PositionOpen
2026.03.18 21:50:00,SHORT,48,4844.34000,BLOCKED:PositionOpen
2026.03.18 21:55:00,SHORT,60,4843.62000,BLOCKED:PositionOpen
2026.03.18 22:10:00,SHORT,56,4837.24000,BLOCKED:PositionOpen
2026.03.18 22:15:00,SHORT,75,4825.80000,BLOCKED:PositionOpen
2026.03.18 22:20:00,SHORT,75,4822.26000,BLOCKED:PositionOpen
2026.03.18 22:25:00,SHORT,58,4821.84000,BLOCKED:PositionOpen
2026.03.18 22:30:00,SHORT,75,4811.30000,BLOCKED:PositionOpen
2026.03.18 22:55:00,SHORT,75,4817.41000,BLOCKED:PositionOpen
2026.03.19 00:15:00,SHORT,73,4818.75000,BLOCKED:PositionOpen
2026.03.19 07:10:00,SHORT,83,4848.72000,BLOCKED:PositionOpen
2026.03.19 07:30:00,SHORT,74,4846.75000,BLOCKED:PositionOpen
2026.03.19 09:45:00,SHORT,80,4739.59000,OK
2026.03.19 10:00:00,SHORT,77,4727.85000,BLOCKED:PositionOpen
2026.03.19 10:10:00,SHORT,77,4714.98000,BLOCKED:PositionOpen
2026.03.19 10:15:00,SHORT,62,4714.51000,BLOCKED:PositionOpen
2026.03.19 10:55:00,SHORT,77,4707.13000,BLOCKED:PositionOpen
2026.03.19 11:15:00,SHORT,77,4695.03000,BLOCKED:PositionOpen
2026.03.19 11:30:00,SHORT,57,4709.16000,BLOCKED:PositionOpen
2026.03.19 13:10:00,SHORT,77,4687.23000,BLOCKED:PositionOpen
2026.03.19 13:15:00,SHORT,75,4686.05000,BLOCKED:PositionOpen
2026.03.19 13:45:00,SHORT,77,4664.26000,BLOCKED:PositionOpen
2026.03.19 13:50:00,SHORT,77,4661.33000,BLOCKED:PositionOpen
2026.03.19 13:55:00,SHORT,77,4652.70000,BLOCKED:PositionOpen
2026.03.19 14:10:00,SHORT,59,4629.38000,BLOCKED:PositionOpen
2026.03.19 14:50:00,SHORT,48,4557.29000,BLOCKED:DailyQuota
2026.03.19 15:10:00,SHORT,77,4535.95000,BLOCKED:DailyQuota
2026.03.19 15:25:00,SHORT,70,4562.14000,BLOCKED:DailyQuota
2026.03.19 15:40:00,SHORT,77,4563.91000,BLOCKED:DailyQuota
2026.03.19 15:45:00,SHORT,77,4558.95000,BLOCKED:DailyQuota
2026.03.19 18:45:00,SHORT,76,4593.22000,BLOCKED:DailyQuota
2026.03.19 18:55:00,SHORT,77,4586.82000,BLOCKED:DailyQuota
2026.03.20 07:35:00,SHORT,60,4702.81000,OK
2026.03.20 08:20:00,SHORT,77,4688.31000,BLOCKED:PositionOpen
2026.03.20 12:05:00,SHORT,77,4653.09000,BLOCKED:DailyQuota
2026.03.20 12:20:00,SHORT,65,4656.10000,BLOCKED:DailyQuota
2026.03.20 12:25:00,SHORT,77,4653.90000,BLOCKED:DailyQuota
2026.03.20 12:50:00,SHORT,77,4654.67000,BLOCKED:DailyQuota
2026.03.20 12:55:00,SHORT,77,4649.54000,BLOCKED:DailyQuota
2026.03.20 13:15:00,SHORT,77,4662.67000,BLOCKED:DailyQuota
2026.03.20 15:50:00,SHORT,77,4651.97000,BLOCKED:DailyQuota
2026.03.20 16:00:00,SHORT,77,4616.41000,BLOCKED:DailyQuota
2026.03.20 16:05:00,SHORT,54,4615.54000,BLOCKED:DailyQuota
2026.03.20 16:10:00,SHORT,53,4608.99000,BLOCKED:DailyQuota
2026.03.20 16:30:00,SHORT,64,4558.27000,BLOCKED:DailyQuota
2026.03.20 16:40:00,SHORT,77,4574.46000,BLOCKED:DailyQuota
2026.03.20 17:10:00,SHORT,55,4564.26000,BLOCKED:DailyQuota
2026.03.20 17:20:00,SHORT,47,4562.65000,BLOCKED:DailyQuota
2026.03.20 17:25:00,SHORT,77,4561.26000,BLOCKED:DailyQuota
2026.03.20 17:50:00,SHORT,77,4549.27000,BLOCKED:DailyQuota
2026.03.20 20:45:00,SHORT,77,4526.15000,BLOCKED:DailyQuota
2026.03.20 20:50:00,SHORT,77,4511.01000,BLOCKED:DailyQuota
2026.03.20 20:55:00,SHORT,77,4502.55000,BLOCKED:DailyQuota
2026.03.20 21:00:00,SHORT,64,4499.68000,BLOCKED:DailyQuota
2026.03.20 21:50:00,SHORT,72,4507.89000,BLOCKED:DailyQuota
2026.03.20 22:00:00,SHORT,72,4501.57000,BLOCKED:DailyQuota
2026.03.20 22:10:00,SHORT,70,4501.97000,BLOCKED:DailyQuota
2026.03.23 02:05:00,SHORT,75,4440.31000,OK
2026.03.23 02:10:00,SHORT,55,4439.89000,BLOCKED:PositionOpen
2026.03.23 02:15:00,SHORT,60,4436.74000,BLOCKED:PositionOpen
2026.03.23 02:20:00,SHORT,49,4424.94000,BLOCKED:PositionOpen
2026.03.23 02:30:00,SHORT,47,4427.03000,BLOCKED:PositionOpen
2026.03.23 02:40:00,SHORT,72,4349.83000,BLOCKED:PositionOpen
2026.03.23 02:55:00,SHORT,72,4335.73000,BLOCKED:PositionOpen
2026.03.23 05:10:00,SHORT,72,4356.13000,BLOCKED:PositionOpen
2026.03.23 05:15:00,SHORT,72,4349.66000,BLOCKED:PositionOpen
2026.03.23 05:45:00,SHORT,72,4341.97000,BLOCKED:PositionOpen
2026.03.23 05:55:00,SHORT,66,4350.69000,BLOCKED:PositionOpen
2026.03.23 06:15:00,SHORT,72,4363.77000,BLOCKED:PositionOpen
2026.03.23 08:40:00,SHORT,53,4234.42000,BLOCKED:DailyQuota
2026.03.23 08:45:00,SHORT,77,4183.01000,BLOCKED:DailyQuota
2026.03.23 09:05:00,SHORT,77,4180.32000,BLOCKED:DailyQuota
2026.03.23 09:10:00,SHORT,77,4158.03000,BLOCKED:DailyQuota
2026.03.23 09:15:00,SHORT,77,4130.40000,BLOCKED:DailyQuota
2026.03.23 09:20:00,SHORT,77,4117.02000,BLOCKED:DailyQuota
2026.03.23 09:55:00,SHORT,77,4198.56000,BLOCKED:DailyQuota
2026.03.23 18:05:00,SHORT,71,4362.99000,BLOCKED:DailyQuota
2026.03.23 18:50:00,SHORT,77,4384.01000,BLOCKED:DailyQuota
2026.03.23 19:00:00,SHORT,74,4375.37000,BLOCKED:DailyQuota
2026.03.23 22:30:00,SHORT,72,4407.07000,BLOCKED:DailyQuota
2026.03.23 22:35:00,SHORT,72,4403.03000,BLOCKED:DailyQuota
2026.03.24 03:05:00,SHORT,73,4356.23000,OK
2026.03.24 03:40:00,SHORT,72,4351.05000,BLOCKED:PositionOpen
2026.03.24 03:50:00,SHORT,72,4314.50000,BLOCKED:PositionOpen
2026.03.24 04:00:00,SHORT,72,4322.38000,BLOCKED:PositionOpen
2026.03.24 04:10:00,SHORT,53,4322.05000,BLOCKED:PositionOpen
2026.03.24 07:00:00,SHORT,58,4333.50000,BLOCKED:PositionOpen
2026.03.24 07:05:00,SHORT,72,4327.90000,BLOCKED:PositionOpen
2026.03.24 07:10:00,SHORT,72,4326.02000,BLOCKED:PositionOpen
2026.03.24 14:40:00,SHORT,77,4365.05000,BLOCKED:PositionOpen
2026.03.24 15:25:00,SHORT,37,4372.63000,BLOCKED:PositionOpen
2026.03.24 19:30:00,SHORT,77,4399.91000,BLOCKED:PositionOpen
2026.03.25 08:00:00,SHORT,51,4555.69000,OK
2026.03.25 08:10:00,SHORT,49,4540.92000,BLOCKED:PositionOpen
2026.03.25 08:15:00,SHORT,53,4534.64000,BLOCKED:PositionOpen
2026.03.25 12:45:00,SHORT,70,4552.27000,BLOCKED:PositionOpen
2026.03.25 15:15:00,SHORT,72,4559.35000,BLOCKED:DailyQuota
2026.03.25 15:25:00,SHORT,57,4558.71000,BLOCKED:DailyQuota
2026.03.25 15:50:00,SHORT,77,4552.25000,BLOCKED:DailyQuota
2026.03.25 18:30:00,SHORT,82,4555.55000,BLOCKED:DailyQuota
2026.03.25 21:40:00,SHORT,72,4511.81000,BLOCKED:DailyQuota
2026.03.25 22:10:00,SHORT,51,4527.13000,BLOCKED:DailyQuota
2026.03.25 22:25:00,SHORT,72,4523.98000,BLOCKED:DailyQuota
2026.03.25 22:30:00,SHORT,55,4523.53000,BLOCKED:DailyQuota
2026.03.26 04:40:00,SHORT,75,4514.55000,OK
2026.03.26 04:50:00,SHORT,65,4516.71000,BLOCKED:PositionOpen
2026.03.26 04:55:00,SHORT,53,4515.62000,BLOCKED:PositionOpen
2026.03.26 05:10:00,SHORT,47,4504.32000,BLOCKED:PositionOpen
2026.03.26 05:20:00,SHORT,47,4507.38000,BLOCKED:PositionOpen
2026.03.26 05:45:00,SHORT,43,4515.69000,BLOCKED:PositionOpen
2026.03.26 05:50:00,SHORT,37,4515.41000,BLOCKED:PositionOpen
2026.03.26 05:55:00,SHORT,67,4510.90000,BLOCKED:PositionOpen
2026.03.26 09:05:00,SHORT,77,4455.40000,BLOCKED:DailyQuota
2026.03.26 09:15:00,SHORT,55,4447.75000,BLOCKED:DailyQuota
2026.03.26 11:20:00,SHORT,58,4427.86000,BLOCKED:DailyQuota
2026.03.26 11:50:00,SHORT,77,4419.36000,BLOCKED:DailyQuota
2026.03.26 12:00:00,SHORT,77,4423.75000,BLOCKED:DailyQuota
2026.03.26 12:05:00,SHORT,69,4421.11000,BLOCKED:DailyQuota
2026.03.26 15:00:00,SHORT,77,4429.25000,BLOCKED:DailyQuota
2026.03.26 18:20:00,SHORT,77,4426.68000,BLOCKED:DailyQuota
2026.03.26 18:25:00,SHORT,52,4400.98000,BLOCKED:DailyQuota
2026.03.26 18:40:00,SHORT,77,4375.80000,BLOCKED:DailyQuota
2026.03.26 19:30:00,SHORT,64,4383.27000,BLOCKED:DailyQuota
2026.03.26 19:55:00,SHORT,77,4384.30000,BLOCKED:DailyQuota
2026.03.27 02:20:00,SHORT,65,4397.29000,OK
2026.03.27 02:40:00,SHORT,72,4390.07000,BLOCKED:PositionOpen
2026.03.27 09:55:00,SHORT,77,4443.81000,BLOCKED:DailyQuota
2026.03.27 10:20:00,SHORT,77,4440.46000,BLOCKED:DailyQuota
2026.03.27 10:25:00,SHORT,54,4437.20000,BLOCKED:DailyQuota
2026.03.27 10:35:00,SHORT,76,4431.14000,BLOCKED:DailyQuota
2026.03.27 10:50:00,SHORT,55,4434.41000,BLOCKED:DailyQuota
2026.03.27 11:25:00,SHORT,72,4431.89000,BLOCKED:DailyQuota
2026.03.27 11:40:00,SHORT,52,4433.50000,BLOCKED:DailyQuota
2026.03.27 11:45:00,SHORT,61,4432.87000,BLOCKED:DailyQuota
2026.03.27 11:50:00,SHORT,57,4430.96000,BLOCKED:DailyQuota
2026.03.27 11:55:00,SHORT,77,4429.47000,BLOCKED:DailyQuota
2026.03.27 12:00:00,SHORT,67,4428.82000,BLOCKED:DailyQuota
2026.03.27 13:20:00,SHORT,60,4410.47000,BLOCKED:DailyQuota
2026.03.27 19:30:00,SHORT,74,4494.13000,BLOCKED:DailyQuota
2026.03.27 20:00:00,SHORT,77,4486.65000,BLOCKED:DailyQuota
2026.03.30 01:10:00,SHORT,75,4485.69000,OK
2026.03.30 01:40:00,SHORT,79,4502.57000,BLOCKED:PositionOpen
2026.03.30 02:40:00,SHORT,54,4452.11000,BLOCKED:PositionOpen
2026.03.30 03:10:00,SHORT,52,4429.07000,BLOCKED:PositionOpen
2026.03.30 03:15:00,SHORT,72,4426.06000,BLOCKED:PositionOpen
2026.03.30 03:30:00,SHORT,72,4449.18000,BLOCKED:PositionOpen
2026.03.30 03:40:00,SHORT,72,4447.54000,BLOCKED:PositionOpen
2026.03.30 03:45:00,SHORT,72,4438.41000,BLOCKED:PositionOpen
2026.03.30 03:55:00,SHORT,72,4434.33000,BLOCKED:PositionOpen
2026.03.30 18:10:00,SHORT,77,4534.42000,BLOCKED:DailyQuota
2026.03.30 20:35:00,SHORT,77,4516.78000,BLOCKED:DailyQuota
2026.03.30 20:55:00,SHORT,30,4517.01000,BLOCKED:DailyQuota
2026.03.30 21:25:00,SHORT,72,4515.55000,BLOCKED:DailyQuota
2026.03.30 21:30:00,SHORT,56,4513.84000,BLOCKED:DailyQuota
2026.03.30 21:35:00,SHORT,35,4513.45000,BLOCKED:DailyQuota
2026.03.30 21:40:00,SHORT,43,4513.41000,BLOCKED:DailyQuota
2026.03.30 22:40:00,SHORT,68,4505.36000,BLOCKED:DailyQuota
2026.03.31 05:10:00,LONG,75,4597.00000,OK
2026.03.31 05:45:00,LONG,63,4587.00000,BLOCKED:PositionOpen
2026.03.31 06:25:00,SHORT,84,4557.73000,BLOCKED:PositionOpen
2026.03.31 06:40:00,SHORT,82,4557.42000,BLOCKED:PositionOpen
2026.03.31 06:45:00,SHORT,48,4552.39000,BLOCKED:PositionOpen
2026.03.31 07:15:00,SHORT,62,4557.57000,BLOCKED:PositionOpen
2026.03.31 10:40:00,SHORT,77,4554.31000,BLOCKED:PositionOpen
2026.03.31 13:15:00,SHORT,62,4556.94000,BLOCKED:PositionOpen
2026.03.31 13:40:00,SHORT,50,4534.06000,BLOCKED:PositionOpen
2026.03.31 14:00:00,SHORT,67,4546.94000,BLOCKED:PositionOpen
2026.03.31 15:20:00,LONG,77,4580.92000,BLOCKED:PositionOpen
2026.03.31 18:10:00,LONG,77,4614.55000,BLOCKED:PositionOpen
2026.03.31 18:15:00,LONG,77,4622.98000,BLOCKED:PositionOpen
2026.03.31 19:40:00,LONG,77,4633.07000,BLOCKED:PositionOpen
2026.03.31 20:50:00,LONG,77,4662.69000,BLOCKED:PositionOpen
2026.03.31 21:15:00,LONG,62,4665.81000,BLOCKED:PositionOpen
2026.03.31 21:30:00,LONG,31,4664.53000,BLOCKED:PositionOpen
2026.03.31 21:55:00,LONG,71,4669.12000,BLOCKED:PositionOpen
2026.03.31 22:05:00,LONG,72,4670.50000,BLOCKED:PositionOpen
2026.03.31 22:15:00,LONG,72,4671.26000,BLOCKED:PositionOpen
2026.03.31 22:20:00,LONG,72,4673.02000,BLOCKED:PositionOpen
2026.03.31 22:35:00,LONG,45,4677.05000,BLOCKED:PositionOpen
2026.03.31 22:40:00,LONG,43,4682.64000,BLOCKED:PositionOpen
2026.04.01 01:05:00,LONG,46,4674.09000,BLOCKED:PositionOpen
2026.04.01 03:25:00,LONG,75,4714.49000,BLOCKED:PositionOpen
2026.04.01 04:10:00,LONG,75,4705.85000,BLOCKED:PositionOpen
2026.04.01 04:15:00,LONG,70,4708.10000,BLOCKED:PositionOpen
2026.04.01 04:30:00,LONG,52,4708.30000,BLOCKED:PositionOpen
2026.04.01 09:15:00,LONG,80,4697.60000,BLOCKED:PositionOpen
2026.04.01 09:45:00,LONG,80,4708.59000,BLOCKED:PositionOpen
2026.04.01 09:50:00,LONG,57,4724.09000,BLOCKED:PositionOpen
2026.04.01 10:00:00,LONG,77,4730.66000,BLOCKED:PositionOpen
2026.04.01 10:40:00,LONG,70,4741.85000,BLOCKED:PositionOpen
2026.04.01 14:10:00,LONG,60,4739.84000,BLOCKED:PositionOpen
2026.04.01 14:55:00,LONG,80,4759.79000,BLOCKED:PositionOpen
2026.04.01 15:15:00,LONG,60,4743.51000,BLOCKED:PositionOpen
2026.04.01 17:40:00,LONG,77,4750.17000,BLOCKED:PositionOpen
2026.04.01 17:45:00,LONG,80,4754.09000,BLOCKED:PositionOpen
2026.04.01 18:40:00,LONG,80,4781.97000,OK
2026.04.01 19:20:00,LONG,77,4782.08000,BLOCKED:PositionOpen
2026.04.01 20:00:00,LONG,51,4787.35000,BLOCKED:PositionOpen
2026.04.01 20:05:00,LONG,70,4789.07000,BLOCKED:PositionOpen
2026.04.01 20:10:00,LONG,77,4790.91000,BLOCKED:PositionOpen
2026.04.02 02:55:00,LONG,75,4785.57000,BLOCKED:PositionOpen
2026.04.02 03:20:00,LONG,75,4795.69000,BLOCKED:PositionOpen
2026.04.02 10:50:00,LONG,80,4648.51000,OK
2026.04.02 11:20:00,LONG,72,4641.95000,BLOCKED:PositionOpen
2026.04.02 11:35:00,LONG,95,4638.17000,BLOCKED:PositionOpen
2026.04.02 11:40:00,LONG,77,4639.62000,BLOCKED:PositionOpen
2026.04.02 13:20:00,SHORT,77,4614.96000,BLOCKED:PositionOpen
2026.04.02 14:45:00,SHORT,77,4600.05000,BLOCKED:PositionOpen
2026.04.02 16:05:00,SHORT,53,4595.03000,BLOCKED:PositionOpen
2026.04.02 17:40:00,LONG,52,4687.90000,BLOCKED:PositionOpen
2026.04.02 18:20:00,LONG,54,4672.56000,BLOCKED:PositionOpen
2026.04.02 18:30:00,LONG,77,4672.50000,BLOCKED:PositionOpen
2026.04.02 22:40:00,LONG,60,4664.39000,BLOCKED:PositionOpen
2026.04.06 03:50:00,SHORT,48,4617.64000,BLOCKED:PositionOpen
2026.04.06 05:10:00,LONG,89,4632.20000,BLOCKED:PositionOpen
2026.04.06 05:15:00,LONG,75,4636.33000,BLOCKED:PositionOpen
2026.04.06 05:20:00,LONG,75,4663.37000,BLOCKED:PositionOpen
2026.04.06 08:00:00,LONG,53,4659.14000,BLOCKED:PositionOpen
2026.04.06 08:20:00,LONG,80,4677.35000,BLOCKED:PositionOpen
2026.04.06 08:35:00,LONG,52,4667.47000,BLOCKED:PositionOpen
2026.04.06 09:05:00,LONG,50,4652.78000,BLOCKED:PositionOpen
2026.04.06 09:10:00,LONG,53,4658.15000,BLOCKED:PositionOpen
2026.04.06 12:05:00,LONG,80,4699.02000,BLOCKED:PositionOpen
2026.04.06 12:10:00,LONG,56,4699.23000,BLOCKED:PositionOpen
2026.04.06 12:15:00,LONG,80,4701.30000,BLOCKED:PositionOpen
2026.04.06 12:25:00,LONG,80,4701.41000,BLOCKED:PositionOpen
2026.04.06 12:30:00,LONG,80,4702.46000,BLOCKED:PositionOpen
2026.04.06 12:35:00,LONG,58,4703.79000,BLOCKED:PositionOpen
2026.04.06 12:45:00,LONG,58,4703.40000,BLOCKED:PositionOpen
2026.04.07 02:05:00,LONG,94,4659.51000,BLOCKED:PositionOpen
2026.04.07 06:45:00,LONG,88,4648.36000,BLOCKED:PositionOpen
2026.04.07 06:55:00,LONG,68,4648.16000,BLOCKED:PositionOpen
2026.04.07 07:00:00,LONG,81,4649.88000,BLOCKED:PositionOpen
2026.04.07 08:15:00,LONG,33,4655.90000,BLOCKED:PositionOpen
2026.04.07 10:10:00,LONG,80,4654.26000,BLOCKED:PositionOpen
2026.04.07 12:10:00,LONG,80,4685.99000,BLOCKED:PositionOpen
2026.04.07 17:05:00,SHORT,60,4624.41000,BLOCKED:PositionOpen
2026.04.07 17:10:00,SHORT,80,4612.59000,BLOCKED:PositionOpen
2026.04.07 17:20:00,SHORT,80,4615.83000,BLOCKED:PositionOpen
2026.04.07 18:05:00,SHORT,50,4628.08000,BLOCKED:PositionOpen
2026.04.07 18:55:00,LONG,80,4653.80000,BLOCKED:PositionOpen
2026.04.07 19:00:00,LONG,80,4655.60000,BLOCKED:PositionOpen
2026.04.07 19:45:00,LONG,80,4661.10000,BLOCKED:PositionOpen
2026.04.07 20:35:00,LONG,74,4672.26000,BLOCKED:PositionOpen
2026.04.07 20:50:00,LONG,70,4678.06000,BLOCKED:PositionOpen
2026.04.08 01:35:00,LONG,75,4760.86000,BLOCKED:PositionOpen
2026.04.08 01:50:00,LONG,75,4772.39000,BLOCKED:PositionOpen
2026.04.08 01:55:00,LONG,75,4793.69000,BLOCKED:PositionOpen
2026.04.08 02:20:00,LONG,75,4824.34000,BLOCKED:PositionOpen
2026.04.08 02:40:00,LONG,75,4810.77000,BLOCKED:PositionOpen
2026.04.08 04:15:00,LONG,73,4819.98000,OK
2026.04.08 09:05:00,LONG,77,4830.53000,BLOCKED:DailyQuota
2026.04.08 09:25:00,LONG,48,4833.80000,BLOCKED:DailyQuota
2026.04.08 09:30:00,LONG,65,4836.47000,BLOCKED:DailyQuota
2026.04.08 09:45:00,LONG,49,4835.79000,BLOCKED:DailyQuota
2026.04.08 14:55:00,LONG,44,4796.56000,BLOCKED:DailyQuota
2026.04.08 15:00:00,LONG,77,4798.50000,BLOCKED:DailyQuota
2026.04.09 04:50:00,LONG,62,4722.37000,OK
2026.04.09 05:40:00,LONG,72,4730.94000,BLOCKED:PositionOpen
2026.04.09 08:25:00,LONG,68,4721.17000,BLOCKED:PositionOpen
2026.04.09 08:30:00,LONG,71,4726.39000,BLOCKED:PositionOpen
2026.04.09 13:45:00,LONG,49,4740.87000,BLOCKED:PositionOpen
2026.04.09 14:25:00,LONG,33,4743.72000,BLOCKED:PositionOpen
2026.04.09 15:00:00,LONG,62,4756.66000,BLOCKED:PositionOpen
2026.04.09 17:05:00,LONG,53,4772.74000,BLOCKED:DailyQuota
2026.04.09 17:25:00,LONG,64,4770.64000,BLOCKED:DailyQuota
2026.04.09 17:40:00,LONG,77,4759.21000,BLOCKED:DailyQuota
2026.04.09 19:20:00,LONG,77,4795.59000,BLOCKED:DailyQuota
2026.04.09 19:55:00,LONG,77,4788.54000,BLOCKED:DailyQuota
2026.04.10 07:15:00,LONG,75,4767.27000,OK
2026.04.10 07:20:00,LONG,59,4770.70000,BLOCKED:PositionOpen
2026.04.10 13:35:00,LONG,77,4759.73000,BLOCKED:DailyQuota
2026.04.10 14:45:00,LONG,60,4767.23000,BLOCKED:DailyQuota
2026.04.10 14:55:00,LONG,76,4764.58000,BLOCKED:DailyQuota
2026.04.10 15:00:00,LONG,70,4768.17000,BLOCKED:DailyQuota
2026.04.10 16:00:00,LONG,53,4771.87000,BLOCKED:DailyQuota
2026.04.10 16:10:00,LONG,55,4774.32000,BLOCKED:DailyQuota
2026.04.10 17:25:00,LONG,60,4790.51000,BLOCKED:DailyQuota
2026.04.10 18:15:00,LONG,60,4781.89000,BLOCKED:DailyQuota
2026.04.10 18:25:00,LONG,69,4786.29000,BLOCKED:DailyQuota
2026.04.13 01:20:00,SHORT,75,4668.72000,OK
2026.04.13 02:10:00,SHORT,49,4656.72000,BLOCKED:PositionOpen
2026.04.13 02:25:00,SHORT,72,4647.07000,BLOCKED:PositionOpen
2026.04.13 04:05:00,LONG,72,4704.36000,BLOCKED:PositionOpen
2026.04.13 04:10:00,LONG,72,4707.88000,BLOCKED:PositionOpen
2026.04.13 04:20:00,LONG,63,4716.59000,BLOCKED:PositionOpen
2026.04.13 04:30:00,LONG,72,4717.41000,BLOCKED:PositionOpen
2026.04.13 05:05:00,LONG,49,4722.85000,BLOCKED:PositionOpen
2026.04.13 05:10:00,LONG,51,4723.14000,BLOCKED:PositionOpen
2026.04.13 05:35:00,LONG,72,4725.40000,BLOCKED:PositionOpen
2026.04.13 09:10:00,LONG,67,4728.09000,BLOCKED:PositionOpen
2026.04.13 09:20:00,LONG,77,4728.80000,BLOCKED:PositionOpen
2026.04.13 10:00:00,LONG,40,4725.73000,BLOCKED:PositionOpen
2026.04.13 10:05:00,LONG,68,4737.37000,BLOCKED:PositionOpen
2026.04.13 10:15:00,LONG,51,4728.30000,BLOCKED:PositionOpen
2026.04.13 10:20:00,LONG,53,4731.40000,BLOCKED:PositionOpen
2026.04.13 10:30:00,LONG,38,4730.84000,BLOCKED:PositionOpen
2026.04.13 10:35:00,LONG,45,4731.75000,BLOCKED:PositionOpen
2026.04.13 11:25:00,LONG,31,4733.19000,BLOCKED:PositionOpen
2026.04.13 17:15:00,LONG,70,4727.49000,BLOCKED:PositionOpen
2026.04.13 19:45:00,LONG,77,4740.37000,BLOCKED:PositionOpen
2026.04.13 20:15:00,LONG,49,4730.93000,BLOCKED:PositionOpen
2026.04.14 01:05:00,LONG,75,4746.36000,BLOCKED:PositionOpen
2026.04.14 01:10:00,LONG,75,4748.30000,BLOCKED:PositionOpen
2026.04.14 01:45:00,LONG,72,4750.54000,BLOCKED:PositionOpen
2026.04.14 01:50:00,LONG,60,4751.05000,BLOCKED:PositionOpen
2026.04.14 01:55:00,LONG,75,4755.69000,BLOCKED:PositionOpen
2026.04.14 02:00:00,LONG,74,4758.03000,BLOCKED:PositionOpen
2026.04.14 02:40:00,LONG,75,4759.73000,BLOCKED:PositionOpen
2026.04.14 03:15:00,LONG,66,4759.67000,BLOCKED:PositionOpen
2026.04.14 03:20:00,LONG,65,4764.21000,BLOCKED:PositionOpen
2026.04.14 04:40:00,LONG,74,4768.30000,OK
2026.04.14 04:45:00,LONG,71,4772.93000,BLOCKED:PositionOpen
2026.04.14 10:40:00,LONG,77,4777.88000,BLOCKED:PositionOpen
2026.04.14 11:00:00,LONG,55,4777.18000,BLOCKED:PositionOpen
2026.04.14 12:15:00,LONG,55,4785.82000,BLOCKED:PositionOpen
2026.04.14 17:30:00,LONG,77,4809.33000,BLOCKED:DailyQuota
2026.04.14 17:35:00,LONG,77,4813.66000,BLOCKED:DailyQuota
2026.04.14 17:50:00,LONG,74,4799.64000,BLOCKED:DailyQuota
2026.04.14 18:20:00,LONG,77,4800.66000,BLOCKED:DailyQuota
2026.04.14 18:35:00,LONG,59,4807.36000,BLOCKED:DailyQuota
2026.04.14 20:05:00,LONG,71,4815.37000,BLOCKED:DailyQuota
2026.04.14 20:10:00,LONG,77,4829.49000,BLOCKED:DailyQuota
2026.04.14 20:40:00,LONG,77,4837.90000,BLOCKED:DailyQuota
2026.04.14 21:40:00,LONG,72,4837.68000,BLOCKED:DailyQuota
2026.04.14 22:05:00,LONG,46,4841.19000,BLOCKED:DailyQuota
2026.04.14 22:10:00,LONG,52,4841.52000,BLOCKED:DailyQuota
2026.04.15 14:25:00,LONG,94,4806.30000,OK
2026.04.15 15:10:00,LONG,53,4813.35000,BLOCKED:PositionOpen
2026.04.15 15:15:00,LONG,66,4813.98000,BLOCKED:PositionOpen
2026.04.15 15:55:00,LONG,77,4812.77000,BLOCKED:PositionOpen
2026.04.15 16:10:00,LONG,47,4814.13000,BLOCKED:PositionOpen
2026.04.15 16:25:00,LONG,77,4817.22000,BLOCKED:PositionOpen
2026.04.15 17:25:00,LONG,50,4826.00000,BLOCKED:PositionOpen
2026.04.15 17:45:00,LONG,52,4819.35000,BLOCKED:PositionOpen
2026.04.16 02:40:00,LONG,71,4821.44000,BLOCKED:PositionOpen
2026.04.16 02:50:00,LONG,61,4824.86000,BLOCKED:PositionOpen
2026.04.16 03:05:00,LONG,57,4828.96000,BLOCKED:PositionOpen
2026.04.16 03:40:00,LONG,59,4827.84000,BLOCKED:PositionOpen
2026.04.16 03:45:00,LONG,55,4832.71000,BLOCKED:PositionOpen
2026.04.16 03:50:00,LONG,75,4835.83000,BLOCKED:PositionOpen
2026.04.16 04:10:00,LONG,75,4830.82000,BLOCKED:PositionOpen
2026.04.16 07:15:00,LONG,75,4826.91000,BLOCKED:PositionOpen
2026.04.16 07:35:00,LONG,57,4827.58000,BLOCKED:PositionOpen
2026.04.16 07:40:00,LONG,45,4829.74000,BLOCKED:PositionOpen
2026.04.16 08:20:00,LONG,69,4835.66000,BLOCKED:PositionOpen
2026.04.17 01:10:00,LONG,70,4796.49000,OK
2026.04.17 06:10:00,LONG,72,4795.73000,BLOCKED:DailyQuota
2026.04.17 06:20:00,LONG,72,4797.21000,BLOCKED:DailyQuota
2026.04.17 07:40:00,LONG,72,4799.46000,BLOCKED:DailyQuota
2026.04.17 07:45:00,LONG,43,4801.02000,BLOCKED:DailyQuota
2026.04.17 08:15:00,LONG,36,4805.05000,BLOCKED:DailyQuota
2026.04.17 08:40:00,LONG,62,4799.58000,BLOCKED:DailyQuota
2026.04.17 08:50:00,LONG,61,4797.48000,BLOCKED:DailyQuota
2026.04.17 12:30:00,LONG,77,4795.91000,BLOCKED:DailyQuota
2026.04.17 15:30:00,LONG,66,4816.91000,BLOCKED:DailyQuota
2026.04.17 15:40:00,LONG,51,4822.73000,BLOCKED:DailyQuota
2026.04.17 15:45:00,LONG,49,4823.43000,BLOCKED:DailyQuota
2026.04.17 15:55:00,LONG,54,4843.25000,BLOCKED:DailyQuota
2026.04.17 16:00:00,LONG,77,4846.40000,BLOCKED:DailyQuota
2026.04.17 16:10:00,LONG,60,4863.01000,BLOCKED:DailyQuota
2026.04.17 16:15:00,LONG,74,4883.35000,BLOCKED:DailyQuota
2026.04.17 16:40:00,LONG,77,4867.59000,BLOCKED:DailyQuota
2026.04.17 16:50:00,LONG,74,4865.38000,BLOCKED:DailyQuota
2026.04.17 16:55:00,LONG,67,4877.37000,BLOCKED:DailyQuota
2026.04.17 17:00:00,LONG,77,4880.38000,BLOCKED:DailyQuota
2026.04.17 17:20:00,LONG,51,4870.59000,BLOCKED:DailyQuota
2026.04.17 17:25:00,LONG,77,4878.59000,BLOCKED:DailyQuota
2026.04.20 03:40:00,SHORT,51,4764.99000,OK
2026.04.20 03:55:00,SHORT,63,4763.65000,BLOCKED:PositionOpen
2026.04.20 04:25:00,LONG,72,4797.20000,BLOCKED:DailyQuota
2026.04.20 04:30:00,LONG,55,4802.82000,BLOCKED:DailyQuota
2026.04.20 04:40:00,LONG,55,4808.21000,BLOCKED:DailyQuota
2026.04.20 04:50:00,LONG,72,4810.49000,BLOCKED:DailyQuota
2026.04.20 04:55:00,LONG,72,4813.13000,BLOCKED:DailyQuota
2026.04.20 05:35:00,LONG,72,4801.60000,BLOCKED:DailyQuota
2026.04.20 10:20:00,LONG,63,4802.77000,BLOCKED:DailyQuota
2026.04.20 16:00:00,LONG,37,4803.50000,BLOCKED:DailyQuota
2026.04.20 16:10:00,LONG,67,4811.10000,BLOCKED:DailyQuota
2026.04.20 16:15:00,LONG,61,4815.42000,BLOCKED:DailyQuota
2026.04.20 16:20:00,LONG,65,4816.03000,BLOCKED:DailyQuota
2026.04.20 16:25:00,LONG,67,4816.69000,BLOCKED:DailyQuota
2026.04.20 17:15:00,LONG,54,4816.32000,BLOCKED:DailyQuota
2026.04.20 20:55:00,LONG,62,4809.35000,BLOCKED:DailyQuota
2026.04.20 21:05:00,LONG,62,4811.35000,BLOCKED:DailyQuota
2026.04.20 21:15:00,LONG,45,4815.53000,BLOCKED:DailyQuota
2026.04.20 21:35:00,LONG,46,4814.92000,BLOCKED:DailyQuota
2026.04.20 22:10:00,LONG,42,4820.03000,BLOCKED:DailyQuota
2026.04.20 22:15:00,LONG,34,4820.48000,BLOCKED:DailyQuota
2026.04.21 11:40:00,LONG,75,4788.51000,OK
2026.04.21 11:45:00,LONG,50,4791.66000,BLOCKED:PositionOpen
2026.04.21 18:25:00,SHORT,61,4750.19000,BLOCKED:DailyQuota
2026.04.21 18:30:00,SHORT,77,4742.56000,BLOCKED:DailyQuota
2026.04.21 18:55:00,SHORT,77,4741.10000,BLOCKED:DailyQuota
2026.04.21 19:05:00,SHORT,49,4740.22000,BLOCKED:DailyQuota
2026.04.21 19:10:00,SHORT,77,4735.18000,BLOCKED:DailyQuota
2026.04.21 20:50:00,SHORT,64,4711.78000,BLOCKED:DailyQuota
2026.04.21 20:55:00,SHORT,72,4707.00000,BLOCKED:DailyQuota
2026.04.21 21:05:00,SHORT,53,4710.58000,BLOCKED:DailyQuota
2026.04.21 21:15:00,SHORT,72,4704.53000,BLOCKED:DailyQuota
2026.04.21 21:20:00,SHORT,72,4696.05000,BLOCKED:DailyQuota
2026.04.21 21:25:00,SHORT,51,4695.05000,BLOCKED:DailyQuota
2026.04.21 22:20:00,SHORT,65,4706.65000,BLOCKED:DailyQuota
2026.04.22 11:50:00,SHORT,73,4755.29000,OK
2026.04.22 12:00:00,SHORT,33,4757.02000,BLOCKED:PositionOpen
2026.04.22 12:35:00,SHORT,48,4756.06000,BLOCKED:PositionOpen
2026.04.22 16:00:00,SHORT,57,4744.20000,BLOCKED:PositionOpen
2026.04.22 18:40:00,SHORT,77,4728.06000,BLOCKED:PositionOpen
2026.04.22 19:20:00,SHORT,56,4724.83000,BLOCKED:DailyQuota
2026.04.23 01:25:00,SHORT,78,4735.29000,OK
2026.04.23 01:30:00,SHORT,68,4732.86000,BLOCKED:PositionOpen
2026.04.23 02:40:00,SHORT,72,4724.92000,BLOCKED:PositionOpen
2026.04.23 02:45:00,SHORT,57,4724.43000,BLOCKED:PositionOpen
2026.04.23 02:55:00,SHORT,39,4727.41000,BLOCKED:PositionOpen
2026.04.23 03:05:00,SHORT,56,4721.62000,BLOCKED:PositionOpen
2026.04.23 03:10:00,SHORT,57,4715.43000,BLOCKED:PositionOpen
2026.04.23 03:15:00,SHORT,72,4699.32000,BLOCKED:DailyQuota
2026.04.23 05:30:00,SHORT,72,4713.91000,BLOCKED:DailyQuota
2026.04.23 05:40:00,SHORT,70,4711.73000,BLOCKED:DailyQuota
2026.04.23 05:45:00,SHORT,72,4701.34000,BLOCKED:DailyQuota
2026.04.23 05:55:00,SHORT,66,4703.33000,BLOCKED:DailyQuota
2026.04.23 06:30:00,SHORT,72,4703.25000,BLOCKED:DailyQuota
2026.04.23 06:40:00,SHORT,62,4702.66000,BLOCKED:DailyQuota
2026.04.23 07:00:00,SHORT,44,4703.95000,BLOCKED:DailyQuota
2026.04.23 07:05:00,SHORT,72,4702.75000,BLOCKED:DailyQuota
2026.04.23 12:40:00,SHORT,61,4700.52000,BLOCKED:DailyQuota
2026.04.23 13:10:00,SHORT,77,4691.43000,BLOCKED:DailyQuota
2026.04.23 13:15:00,SHORT,73,4689.01000,BLOCKED:DailyQuota
2026.04.23 13:20:00,SHORT,66,4688.18000,BLOCKED:DailyQuota
2026.04.23 13:30:00,SHORT,51,4686.69000,BLOCKED:DailyQuota
2026.04.23 14:10:00,SHORT,46,4697.81000,BLOCKED:DailyQuota
2026.04.23 20:05:00,SHORT,75,4725.44000,BLOCKED:DailyQuota
2026.04.23 22:40:00,SHORT,70,4692.78000,BLOCKED:DailyQuota
2026.04.24 01:20:00,SHORT,75,4694.01000,OK
2026.04.24 01:30:00,SHORT,72,4692.68000,BLOCKED:PositionOpen
2026.04.24 01:40:00,SHORT,70,4691.84000,BLOCKED:PositionOpen
2026.04.24 06:00:00,SHORT,61,4676.72000,BLOCKED:PositionOpen
2026.04.24 06:05:00,SHORT,69,4672.61000,BLOCKED:PositionOpen
2026.04.24 06:10:00,SHORT,65,4670.40000,BLOCKED:PositionOpen
2026.04.24 06:45:00,SHORT,72,4675.22000,BLOCKED:PositionOpen
2026.04.24 06:55:00,SHORT,72,4673.99000,BLOCKED:PositionOpen
2026.04.24 07:00:00,SHORT,64,4672.14000,BLOCKED:PositionOpen
2026.04.24 07:15:00,SHORT,72,4669.98000,BLOCKED:PositionOpen
2026.04.24 07:25:00,SHORT,72,4661.53000,BLOCKED:PositionOpen
2026.04.24 13:00:00,SHORT,34,4682.11000,BLOCKED:PositionOpen
2026.04.24 13:55:00,SHORT,75,4677.22000,BLOCKED:PositionOpen
2026.04.24 22:35:00,SHORT,43,4718.38000,BLOCKED:DailyQuota
2026.04.27 01:45:00,SHORT,59,4684.67000,OK
2026.04.27 01:55:00,SHORT,56,4684.49000,BLOCKED:PositionOpen
2026.04.27 02:25:00,SHORT,56,4682.57000,BLOCKED:PositionOpen
2026.04.27 02:40:00,SHORT,72,4676.67000,BLOCKED:PositionOpen
2026.04.27 03:00:00,SHORT,59,4679.96000,BLOCKED:PositionOpen
2026.04.27 03:05:00,SHORT,48,4679.11000,BLOCKED:PositionOpen
2026.04.27 03:10:00,SHORT,51,4675.86000,BLOCKED:PositionOpen
2026.04.27 03:20:00,SHORT,46,4678.83000,BLOCKED:PositionOpen
2026.04.27 09:20:00,SHORT,78,4712.16000,BLOCKED:DailyQuota
2026.04.27 09:35:00,SHORT,60,4710.34000,BLOCKED:DailyQuota
2026.04.27 09:45:00,SHORT,75,4710.70000,BLOCKED:DailyQuota
2026.04.27 12:05:00,SHORT,41,4706.47000,BLOCKED:DailyQuota
2026.04.27 12:10:00,SHORT,54,4704.61000,BLOCKED:DailyQuota
2026.04.27 12:30:00,SHORT,47,4702.16000,BLOCKED:DailyQuota
2026.04.27 17:05:00,SHORT,77,4694.04000,BLOCKED:DailyQuota
2026.04.27 17:10:00,SHORT,77,4688.85000,BLOCKED:DailyQuota
2026.04.27 17:30:00,SHORT,63,4688.98000,BLOCKED:DailyQuota
2026.04.27 17:55:00,SHORT,53,4680.68000,BLOCKED:DailyQuota
2026.04.27 18:00:00,SHORT,53,4678.08000,BLOCKED:DailyQuota
2026.04.27 18:35:00,SHORT,57,4678.69000,BLOCKED:DailyQuota
2026.04.27 19:25:00,SHORT,77,4675.68000,BLOCKED:DailyQuota
2026.04.27 20:10:00,SHORT,57,4673.46000,BLOCKED:DailyQuota
2026.04.28 04:45:00,SHORT,56,4687.25000,OK
2026.04.28 04:50:00,SHORT,67,4685.01000,BLOCKED:PositionOpen
2026.04.28 04:55:00,SHORT,66,4680.81000,BLOCKED:PositionOpen
2026.04.28 05:25:00,SHORT,50,4675.47000,BLOCKED:PositionOpen
2026.04.28 05:35:00,SHORT,72,4673.60000,BLOCKED:PositionOpen
2026.04.28 06:55:00,SHORT,46,4669.66000,BLOCKED:PositionOpen
2026.04.28 07:05:00,SHORT,69,4667.98000,BLOCKED:PositionOpen
2026.04.28 08:05:00,SHORT,53,4663.27000,BLOCKED:PositionOpen
2026.04.28 08:10:00,SHORT,68,4653.83000,BLOCKED:DailyQuota
2026.04.28 08:15:00,SHORT,49,4652.39000,BLOCKED:DailyQuota
2026.04.28 08:30:00,SHORT,36,4658.18000,BLOCKED:DailyQuota
2026.04.28 08:35:00,SHORT,53,4644.50000,BLOCKED:DailyQuota
2026.04.28 08:40:00,SHORT,67,4638.17000,BLOCKED:DailyQuota
2026.04.28 09:25:00,SHORT,50,4626.06000,BLOCKED:DailyQuota
2026.04.28 09:35:00,SHORT,55,4629.69000,BLOCKED:DailyQuota
2026.04.28 09:45:00,SHORT,77,4629.69000,BLOCKED:DailyQuota
2026.04.28 11:45:00,SHORT,77,4628.17000,BLOCKED:DailyQuota
2026.04.28 11:50:00,SHORT,61,4625.99000,BLOCKED:DailyQuota
2026.04.28 13:55:00,SHORT,77,4609.54000,BLOCKED:DailyQuota
2026.04.28 14:00:00,SHORT,77,4603.20000,BLOCKED:DailyQuota
2026.04.28 14:10:00,SHORT,77,4601.99000,BLOCKED:DailyQuota
2026.04.28 15:20:00,SHORT,52,4579.29000,BLOCKED:DailyQuota
2026.04.28 15:25:00,SHORT,68,4577.90000,BLOCKED:DailyQuota
2026.04.28 15:35:00,SHORT,68,4579.06000,BLOCKED:DailyQuota
2026.04.28 17:35:00,SHORT,77,4569.96000,BLOCKED:DailyQuota
2026.04.28 17:40:00,SHORT,77,4560.29000,BLOCKED:DailyQuota
2026.04.28 18:25:00,SHORT,69,4571.95000,BLOCKED:DailyQuota
2026.04.29 02:40:00,SHORT,63,4588.40000,OK
2026.04.29 04:50:00,SHORT,72,4583.78000,BLOCKED:DailyQuota
2026.04.29 04:55:00,SHORT,72,4581.88000,BLOCKED:DailyQuota
2026.04.29 09:45:00,SHORT,54,4584.90000,BLOCKED:DailyQuota
2026.04.29 10:30:00,SHORT,58,4575.18000,BLOCKED:DailyQuota
2026.04.29 10:40:00,SHORT,50,4571.69000,BLOCKED:DailyQuota
2026.04.29 10:45:00,SHORT,77,4570.40000,BLOCKED:DailyQuota
2026.04.29 10:50:00,SHORT,53,4570.20000,BLOCKED:DailyQuota
2026.04.29 11:40:00,SHORT,26,4562.26000,BLOCKED:DailyQuota
2026.04.29 15:10:00,SHORT,69,4562.75000,BLOCKED:DailyQuota
2026.04.29 17:30:00,SHORT,77,4533.18000,BLOCKED:DailyQuota
2026.04.29 20:45:00,SHORT,45,4544.76000,BLOCKED:DailyQuota
2026.04.29 21:05:00,SHORT,72,4541.22000,BLOCKED:DailyQuota
2026.04.29 21:10:00,SHORT,72,4533.26000,BLOCKED:DailyQuota
2026.04.29 22:05:00,SHORT,50,4537.43000,BLOCKED:DailyQuota
2026.04.30 06:30:00,SHORT,60,4563.26000,OK
2026.04.30 06:35:00,SHORT,47,4560.46000,BLOCKED:PositionOpen
2026.04.30 06:40:00,SHORT,60,4558.96000,BLOCKED:PositionOpen
2026.04.30 06:55:00,SHORT,72,4557.26000,BLOCKED:PositionOpen
2026.04.30 07:00:00,SHORT,54,4556.01000,BLOCKED:PositionOpen
2026.04.30 07:05:00,SHORT,71,4553.52000,BLOCKED:PositionOpen
2026.04.30 18:00:00,SHORT,54,4619.68000,BLOCKED:DailyQuota
2026.04.30 18:05:00,SHORT,77,4617.15000,BLOCKED:DailyQuota
2026.05.01 04:20:00,SHORT,57,4614.41000,OK
2026.05.01 04:45:00,SHORT,76,4620.07000,BLOCKED:PositionOpen
2026.05.01 08:20:00,SHORT,50,4613.93000,BLOCKED:DailyQuota
2026.05.01 08:40:00,SHORT,77,4610.72000,BLOCKED:DailyQuota
2026.05.01 08:45:00,SHORT,72,4609.88000,BLOCKED:DailyQuota
2026.05.01 09:00:00,SHORT,66,4604.93000,BLOCKED:DailyQuota
2026.05.01 09:10:00,SHORT,63,4602.99000,BLOCKED:DailyQuota
2026.05.01 09:15:00,SHORT,62,4601.52000,BLOCKED:DailyQuota
2026.05.01 10:05:00,SHORT,59,4592.75000,BLOCKED:DailyQuota
2026.05.01 10:25:00,SHORT,66,4591.24000,BLOCKED:DailyQuota
2026.05.01 10:35:00,SHORT,56,4585.78000,BLOCKED:DailyQuota
2026.05.01 10:40:00,SHORT,51,4584.95000,BLOCKED:DailyQuota
2026.05.01 10:50:00,SHORT,70,4583.58000,BLOCKED:DailyQuota
2026.05.01 10:55:00,SHORT,77,4579.50000,BLOCKED:DailyQuota
2026.05.01 11:00:00,SHORT,54,4578.19000,BLOCKED:DailyQuota
2026.05.01 11:55:00,SHORT,68,4568.28000,BLOCKED:DailyQuota
2026.05.01 12:05:00,SHORT,56,4565.76000,BLOCKED:DailyQuota
2026.05.01 12:15:00,SHORT,67,4565.74000,BLOCKED:DailyQuota
2026.05.01 12:30:00,SHORT,65,4569.26000,BLOCKED:DailyQuota
2026.05.01 12:45:00,SHORT,77,4570.28000,BLOCKED:DailyQuota
2026.05.01 12:55:00,SHORT,77,4561.02000,BLOCKED:DailyQuota
2026.05.01 21:00:00,SHORT,81,4629.50000,BLOCKED:DailyQuota
2026.05.01 21:05:00,SHORT,54,4624.61000,BLOCKED:DailyQuota
2026.05.01 21:35:00,SHORT,43,4617.60000,BLOCKED:DailyQuota
2026.05.01 22:05:00,SHORT,66,4621.03000,BLOCKED:DailyQuota
2026.05.01 22:35:00,SHORT,54,4618.30000,BLOCKED:DailyQuota
2026.05.04 03:20:00,SHORT,48,4607.77000,OK
2026.05.04 03:25:00,SHORT,67,4604.41000,BLOCKED:PositionOpen
2026.05.04 03:40:00,SHORT,56,4606.44000,BLOCKED:PositionOpen
2026.05.04 03:45:00,SHORT,52,4605.80000,BLOCKED:PositionOpen
2026.05.04 04:50:00,SHORT,37,4601.26000,BLOCKED:PositionOpen
2026.05.04 06:40:00,SHORT,72,4601.46000,BLOCKED:PositionOpen
2026.05.04 08:35:00,SHORT,69,4595.68000,BLOCKED:PositionOpen
2026.05.04 09:55:00,SHORT,55,4588.91000,BLOCKED:PositionOpen
2026.05.04 10:00:00,SHORT,55,4588.64000,BLOCKED:PositionOpen
2026.05.04 10:05:00,SHORT,66,4588.00000,BLOCKED:PositionOpen
2026.05.04 10:25:00,SHORT,33,4588.03000,BLOCKED:PositionOpen
2026.05.04 10:40:00,SHORT,75,4585.15000,BLOCKED:PositionOpen
2026.05.04 10:50:00,SHORT,41,4587.57000,BLOCKED:PositionOpen
2026.05.04 10:55:00,SHORT,63,4582.25000,BLOCKED:PositionOpen
2026.05.04 11:00:00,SHORT,65,4578.96000,BLOCKED:PositionOpen
2026.05.04 11:50:00,SHORT,47,4577.41000,BLOCKED:PositionOpen
2026.05.04 12:00:00,SHORT,38,4576.94000,BLOCKED:PositionOpen
2026.05.04 14:15:00,SHORT,51,4565.39000,BLOCKED:DailyQuota
2026.05.04 14:25:00,SHORT,50,4564.32000,BLOCKED:DailyQuota
2026.05.04 19:25:00,SHORT,77,4521.51000,BLOCKED:DailyQuota
2026.05.04 19:40:00,SHORT,77,4513.50000,BLOCKED:DailyQuota
2026.05.04 19:45:00,SHORT,74,4512.57000,BLOCKED:DailyQuota
2026.05.04 19:50:00,SHORT,77,4509.95000,BLOCKED:DailyQuota
2026.05.04 19:55:00,SHORT,71,4509.11000,BLOCKED:DailyQuota
2026.05.04 20:15:00,SHORT,77,4522.45000,BLOCKED:DailyQuota
2026.05.04 21:55:00,SHORT,56,4513.72000,BLOCKED:DailyQuota
2026.05.05 02:55:00,SHORT,58,4519.10000,OK
2026.05.05 07:25:00,SHORT,46,4530.69000,BLOCKED:DailyQuota
2026.05.05 07:30:00,SHORT,68,4529.48000,BLOCKED:DailyQuota
2026.05.05 08:00:00,SHORT,95,4533.72000,BLOCKED:DailyQuota
2026.05.05 13:45:00,SHORT,48,4545.17000,BLOCKED:DailyQuota
2026.05.05 13:50:00,SHORT,67,4544.51000,BLOCKED:DailyQuota
2026.05.05 19:05:00,SHORT,63,4567.08000,BLOCKED:DailyQuota
2026.05.05 19:10:00,SHORT,50,4564.33000,BLOCKED:DailyQuota
2026.05.05 19:20:00,SHORT,71,4564.45000,BLOCKED:DailyQuota
2026.05.05 19:40:00,SHORT,50,4555.92000,BLOCKED:DailyQuota
2026.05.05 20:10:00,SHORT,74,4554.74000,BLOCKED:DailyQuota
2026.05.05 20:30:00,SHORT,64,4558.63000,BLOCKED:DailyQuota
2026.05.05 20:40:00,SHORT,50,4560.81000,BLOCKED:DailyQuota
2026.05.05 20:45:00,SHORT,50,4560.42000,BLOCKED:DailyQuota
2026.05.06 01:30:00,SHORT,73,4546.72000,OK
2026.05.06 01:45:00,SHORT,62,4548.71000,BLOCKED:PositionOpen
2026.05.06 01:50:00,SHORT,43,4547.67000,BLOCKED:PositionOpen
2026.05.06 04:25:00,LONG,72,4623.50000,BLOCKED:DailyQuota
2026.05.06 05:00:00,LONG,72,4626.06000,BLOCKED:DailyQuota
2026.05.06 05:05:00,LONG,72,4628.08000,BLOCKED:DailyQuota
2026.05.06 05:10:00,LONG,72,4632.99000,BLOCKED:DailyQuota
2026.05.06 05:20:00,LONG,66,4634.21000,BLOCKED:DailyQuota
2026.05.06 05:50:00,LONG,46,4635.71000,BLOCKED:DailyQuota
2026.05.06 05:55:00,LONG,72,4638.69000,BLOCKED:DailyQuota
2026.05.06 06:00:00,LONG,72,4640.71000,BLOCKED:DailyQuota
2026.05.06 06:15:00,LONG,64,4647.87000,BLOCKED:DailyQuota
2026.05.06 06:20:00,LONG,66,4649.44000,BLOCKED:DailyQuota
2026.05.06 06:40:00,LONG,65,4651.65000,BLOCKED:DailyQuota
2026.05.06 07:10:00,LONG,72,4646.05000,BLOCKED:DailyQuota
2026.05.06 07:25:00,LONG,40,4646.58000,BLOCKED:DailyQuota
2026.05.06 07:30:00,LONG,72,4652.83000,BLOCKED:DailyQuota
2026.05.06 08:10:00,LONG,52,4655.58000,BLOCKED:DailyQuota
2026.05.06 08:45:00,LONG,63,4650.05000,BLOCKED:DailyQuota
2026.05.06 10:20:00,LONG,77,4660.74000,BLOCKED:DailyQuota
2026.05.06 10:25:00,LONG,50,4664.71000,BLOCKED:DailyQuota
2026.05.06 10:30:00,LONG,77,4667.53000,BLOCKED:DailyQuota
2026.05.06 10:45:00,LONG,51,4670.57000,BLOCKED:DailyQuota
2026.05.06 11:55:00,LONG,77,4697.37000,BLOCKED:DailyQuota
2026.05.06 12:00:00,LONG,77,4700.34000,BLOCKED:DailyQuota
2026.05.06 12:15:00,LONG,56,4695.67000,BLOCKED:DailyQuota
2026.05.06 12:20:00,LONG,77,4699.83000,BLOCKED:DailyQuota
2026.05.06 13:15:00,LONG,74,4698.13000,BLOCKED:DailyQuota
2026.05.06 13:45:00,LONG,77,4714.19000,BLOCKED:DailyQuota
2026.05.06 16:55:00,LONG,77,4703.98000,BLOCKED:DailyQuota
2026.05.06 17:45:00,LONG,77,4713.42000,BLOCKED:DailyQuota
2026.05.06 18:00:00,LONG,57,4703.11000,BLOCKED:DailyQuota
2026.05.06 22:20:00,LONG,64,4696.65000,BLOCKED:DailyQuota
2026.05.06 22:40:00,LONG,29,4697.51000,BLOCKED:DailyQuota
2026.05.07 09:15:00,LONG,50,4708.05000,OK
2026.05.07 09:30:00,LONG,51,4717.44000,BLOCKED:PositionOpen
2026.05.07 09:35:00,LONG,55,4733.19000,BLOCKED:PositionOpen
2026.05.07 10:00:00,LONG,47,4739.19000,BLOCKED:DailyQuota
2026.05.07 10:10:00,LONG,77,4744.52000,BLOCKED:DailyQuota
2026.05.07 10:35:00,LONG,51,4741.85000,BLOCKED:DailyQuota
2026.05.07 10:45:00,LONG,77,4743.07000,BLOCKED:DailyQuota
2026.05.07 10:55:00,LONG,77,4740.87000,BLOCKED:DailyQuota
2026.05.07 11:00:00,LONG,77,4743.19000,BLOCKED:DailyQuota
2026.05.07 11:05:00,LONG,77,4749.72000,BLOCKED:DailyQuota
2026.05.07 13:40:00,LONG,77,4736.41000,BLOCKED:DailyQuota
2026.05.07 14:35:00,LONG,72,4733.96000,BLOCKED:DailyQuota
2026.05.07 14:40:00,LONG,62,4735.37000,BLOCKED:DailyQuota
2026.05.07 16:00:00,LONG,76,4750.03000,BLOCKED:DailyQuota
2026.05.07 16:10:00,LONG,72,4741.09000,BLOCKED:DailyQuota
2026.05.07 17:50:00,LONG,49,4758.21000,BLOCKED:DailyQuota
2026.05.07 17:55:00,LONG,77,4760.77000,BLOCKED:DailyQuota
2026.05.08 03:40:00,LONG,82,4704.10000,OK
2026.05.08 03:45:00,LONG,76,4705.13000,BLOCKED:PositionOpen
2026.05.08 05:00:00,LONG,62,4722.91000,BLOCKED:PositionOpen
2026.05.08 09:20:00,LONG,56,4727.60000,BLOCKED:PositionOpen
2026.05.08 09:40:00,LONG,57,4727.62000,BLOCKED:PositionOpen
2026.05.08 09:55:00,LONG,75,4726.27000,BLOCKED:PositionOpen
2026.05.08 12:05:00,LONG,87,4719.31000,BLOCKED:PositionOpen
2026.05.08 14:30:00,LONG,42,4724.05000,BLOCKED:PositionOpen
2026.05.08 14:40:00,LONG,47,4722.98000,BLOCKED:PositionOpen
2026.05.08 20:25:00,LONG,61,4718.83000,BLOCKED:DailyQuota
2026.05.08 20:45:00,LONG,47,4720.84000,BLOCKED:DailyQuota
2026.05.08 21:40:00,LONG,44,4726.00000,BLOCKED:DailyQuota
2026.05.08 22:05:00,LONG,61,4723.21000,BLOCKED:DailyQuota
2026.05.11 13:00:00,SHORT,73,4656.80000,OK
2026.05.11 13:30:00,SHORT,65,4663.36000,BLOCKED:PositionOpen
2026.05.11 14:15:00,LONG,53,4669.41000,BLOCKED:PositionOpen
2026.05.11 14:40:00,LONG,52,4675.33000,BLOCKED:PositionOpen
2026.05.11 15:20:00,LONG,50,4672.87000,BLOCKED:PositionOpen
2026.05.11 15:25:00,LONG,77,4692.63000,BLOCKED:DailyQuota
2026.05.11 15:35:00,LONG,48,4693.50000,BLOCKED:DailyQuota
2026.05.11 15:40:00,LONG,77,4696.17000,BLOCKED:DailyQuota
2026.05.11 16:55:00,LONG,77,4740.11000,BLOCKED:DailyQuota
2026.05.11 17:25:00,LONG,77,4733.62000,BLOCKED:DailyQuota
2026.05.11 17:40:00,LONG,77,4726.95000,BLOCKED:DailyQuota
2026.05.11 17:45:00,LONG,77,4732.58000,BLOCKED:DailyQuota
2026.05.11 21:25:00,LONG,54,4723.76000,BLOCKED:DailyQuota
2026.05.11 22:10:00,LONG,72,4727.13000,BLOCKED:DailyQuota
2026.05.12 02:10:00,LONG,75,4753.02000,OK
2026.05.12 02:20:00,LONG,42,4752.17000,BLOCKED:PositionOpen
2026.05.12 02:30:00,LONG,67,4752.95000,BLOCKED:PositionOpen
2026.05.12 02:35:00,LONG,72,4755.50000,BLOCKED:PositionOpen
2026.05.12 03:00:00,LONG,66,4767.35000,BLOCKED:PositionOpen
2026.05.12 03:10:00,LONG,67,4768.31000,BLOCKED:PositionOpen
2026.05.12 03:20:00,LONG,72,4771.21000,BLOCKED:PositionOpen
2026.05.12 03:50:00,LONG,72,4759.61000,BLOCKED:PositionOpen
2026.05.12 15:45:00,LONG,86,4702.86000,BLOCKED:DailyQuota
2026.05.12 15:50:00,LONG,48,4707.34000,BLOCKED:DailyQuota
2026.05.12 18:20:00,SHORT,49,4662.35000,BLOCKED:DailyQuota
2026.05.12 18:25:00,SHORT,77,4643.10000,BLOCKED:DailyQuota
2026.05.12 19:00:00,SHORT,77,4666.13000,BLOCKED:DailyQuota
2026.05.12 19:25:00,SHORT,77,4667.52000,BLOCKED:DailyQuota
2026.05.12 20:10:00,LONG,91,4678.37000,BLOCKED:DailyQuota
2026.05.12 20:20:00,LONG,61,4680.16000,BLOCKED:DailyQuota
2026.05.12 20:40:00,LONG,49,4678.96000,BLOCKED:DailyQuota
2026.05.12 21:10:00,LONG,76,4680.19000,BLOCKED:DailyQuota
2026.05.12 21:25:00,LONG,42,4682.67000,BLOCKED:DailyQuota
2026.05.12 21:30:00,LONG,60,4685.65000,BLOCKED:DailyQuota
2026.05.12 21:35:00,LONG,66,4690.24000,BLOCKED:DailyQuota
2026.05.12 21:40:00,LONG,72,4691.36000,BLOCKED:DailyQuota
2026.05.12 22:15:00,LONG,43,4700.01000,BLOCKED:DailyQuota
2026.05.12 22:45:00,LONG,69,4709.53000,BLOCKED:DailyQuota
2026.05.12 22:50:00,LONG,53,4709.93000,BLOCKED:DailyQuota
2026.05.12 22:55:00,LONG,72,4712.65000,BLOCKED:DailyQuota
2026.05.13 01:00:00,LONG,52,4716.31000,OK
2026.05.13 01:05:00,LONG,72,4719.85000,BLOCKED:PositionOpen
2026.05.13 01:15:00,LONG,59,4714.51000,BLOCKED:PositionOpen
2026.05.13 01:30:00,LONG,66,4717.12000,BLOCKED:PositionOpen
2026.05.13 01:35:00,LONG,51,4718.79000,BLOCKED:PositionOpen
2026.05.13 01:50:00,LONG,46,4717.28000,BLOCKED:PositionOpen
2026.05.13 01:55:00,LONG,57,4721.13000,BLOCKED:PositionOpen
2026.05.13 02:05:00,LONG,55,4720.36000,BLOCKED:PositionOpen
2026.05.13 02:25:00,LONG,47,4722.69000,BLOCKED:PositionOpen
2026.05.13 02:40:00,LONG,66,4720.54000,BLOCKED:PositionOpen
2026.05.13 02:45:00,LONG,36,4721.29000,BLOCKED:PositionOpen
2026.05.13 03:05:00,LONG,44,4724.80000,BLOCKED:PositionOpen
2026.05.13 07:40:00,LONG,64,4701.62000,BLOCKED:PositionOpen
2026.05.13 14:15:00,LONG,93,4699.14000,BLOCKED:PositionOpen
2026.05.13 16:50:00,SHORT,77,4672.76000,BLOCKED:DailyQuota
2026.05.13 18:25:00,LONG,69,4688.13000,BLOCKED:DailyQuota
2026.05.13 18:30:00,LONG,77,4691.26000,BLOCKED:DailyQuota
2026.05.13 18:40:00,LONG,57,4698.88000,BLOCKED:DailyQuota
2026.05.13 19:25:00,LONG,61,4705.99000,BLOCKED:DailyQuota
2026.05.13 19:30:00,LONG,55,4706.97000,BLOCKED:DailyQuota
2026.05.14 01:25:00,LONG,70,4695.81000,OK
2026.05.14 01:30:00,LONG,72,4697.12000,BLOCKED:PositionOpen
2026.05.14 01:45:00,LONG,40,4699.11000,BLOCKED:PositionOpen
2026.05.14 08:40:00,LONG,77,4699.86000,BLOCKED:DailyQuota
2026.05.14 08:50:00,LONG,77,4700.16000,BLOCKED:DailyQuota
2026.05.14 11:05:00,LONG,76,4697.65000,BLOCKED:DailyQuota
2026.05.14 16:10:00,LONG,76,4701.41000,BLOCKED:DailyQuota
2026.05.14 19:05:00,SHORT,77,4679.05000,BLOCKED:DailyQuota
2026.05.14 20:15:00,SHORT,74,4678.68000,BLOCKED:DailyQuota
2026.05.14 22:05:00,SHORT,51,4668.96000,BLOCKED:DailyQuota
2026.05.14 22:30:00,SHORT,69,4663.30000,BLOCKED:DailyQuota
2026.05.14 22:40:00,SHORT,71,4659.30000,BLOCKED:DailyQuota
2026.05.15 01:00:00,SHORT,55,4651.88000,OK
2026.05.15 01:50:00,SHORT,32,4661.22000,BLOCKED:PositionOpen
2026.05.15 04:10:00,SHORT,72,4610.10000,BLOCKED:PositionOpen
2026.05.15 04:55:00,SHORT,72,4610.20000,BLOCKED:PositionOpen
2026.05.15 07:45:00,SHORT,54,4605.73000,BLOCKED:PositionOpen
2026.05.15 08:45:00,SHORT,29,4568.88000,BLOCKED:DailyQuota
2026.05.15 08:50:00,SHORT,60,4563.68000,BLOCKED:DailyQuota
2026.05.15 09:30:00,SHORT,50,4575.14000,BLOCKED:DailyQuota
2026.05.15 09:35:00,SHORT,47,4575.12000,BLOCKED:DailyQuota
2026.05.15 09:40:00,SHORT,77,4572.31000,BLOCKED:DailyQuota
2026.05.15 09:45:00,SHORT,77,4567.67000,BLOCKED:DailyQuota
2026.05.15 09:55:00,SHORT,77,4568.93000,BLOCKED:DailyQuota
2026.05.15 12:00:00,SHORT,77,4554.42000,BLOCKED:DailyQuota
2026.05.15 12:10:00,SHORT,49,4554.74000,BLOCKED:DailyQuota
2026.05.15 12:15:00,SHORT,77,4547.20000,BLOCKED:DailyQuota
2026.05.15 12:20:00,SHORT,38,4546.58000,BLOCKED:DailyQuota
2026.05.15 12:35:00,SHORT,32,4553.49000,BLOCKED:DailyQuota
2026.05.15 12:40:00,SHORT,77,4546.74000,BLOCKED:DailyQuota
2026.05.15 12:45:00,SHORT,55,4543.62000,BLOCKED:DailyQuota
2026.05.15 12:50:00,SHORT,69,4538.04000,BLOCKED:DailyQuota
2026.05.15 15:30:00,SHORT,68,4555.01000,BLOCKED:DailyQuota
2026.05.15 15:40:00,SHORT,69,4548.21000,BLOCKED:DailyQuota
2026.05.15 16:00:00,SHORT,58,4545.86000,BLOCKED:DailyQuota
2026.05.15 16:05:00,SHORT,77,4544.31000,BLOCKED:DailyQuota
2026.05.15 16:10:00,SHORT,77,4538.37000,BLOCKED:DailyQuota
2026.05.15 17:00:00,SHORT,64,4533.44000,BLOCKED:DailyQuota
2026.05.15 19:55:00,SHORT,79,4542.75000,BLOCKED:DailyQuota
2026.05.15 22:55:00,SHORT,47,4549.32000,BLOCKED:DailyQuota
2026.05.18 01:30:00,SHORT,67,4541.09000,OK
2026.05.18 02:20:00,SHORT,48,4539.57000,BLOCKED:PositionOpen
2026.05.18 02:50:00,SHORT,44,4537.83000,BLOCKED:PositionOpen
2026.05.18 03:25:00,SHORT,72,4517.44000,BLOCKED:PositionOpen
2026.05.18 03:30:00,SHORT,72,4515.77000,BLOCKED:PositionOpen
2026.05.18 03:35:00,SHORT,71,4492.24000,BLOCKED:DailyQuota
2026.05.18 03:40:00,SHORT,72,4490.25000,BLOCKED:DailyQuota
2026.05.18 04:30:00,SHORT,66,4504.02000,BLOCKED:DailyQuota
2026.05.18 04:40:00,SHORT,72,4508.28000,BLOCKED:DailyQuota
2026.05.18 13:35:00,SHORT,77,4532.73000,BLOCKED:DailyQuota
2026.05.18 14:05:00,SHORT,55,4538.26000,BLOCKED:DailyQuota
2026.05.18 19:00:00,SHORT,70,4543.59000,BLOCKED:DailyQuota
2026.05.18 19:05:00,SHORT,51,4541.63000,BLOCKED:DailyQuota
2026.05.18 21:55:00,SHORT,46,4540.32000,BLOCKED:DailyQuota
2026.05.18 22:00:00,SHORT,50,4535.93000,BLOCKED:DailyQuota
2026.05.19 05:00:00,SHORT,75,4563.83000,OK
2026.05.19 05:10:00,SHORT,51,4555.19000,BLOCKED:PositionOpen
2026.05.19 05:15:00,SHORT,54,4554.51000,BLOCKED:PositionOpen
2026.05.19 06:20:00,SHORT,42,4551.12000,BLOCKED:PositionOpen
2026.05.19 06:25:00,SHORT,72,4548.39000,BLOCKED:PositionOpen
2026.05.19 07:05:00,SHORT,70,4544.14000,BLOCKED:PositionOpen
2026.05.19 07:10:00,SHORT,47,4542.29000,BLOCKED:PositionOpen
2026.05.19 08:20:00,SHORT,77,4542.07000,BLOCKED:PositionOpen
2026.05.19 08:35:00,SHORT,77,4536.93000,BLOCKED:PositionOpen
2026.05.19 12:35:00,SHORT,49,4539.21000,BLOCKED:PositionOpen
2026.05.19 12:45:00,SHORT,48,4539.41000,BLOCKED:PositionOpen
2026.05.19 17:15:00,SHORT,59,4492.77000,BLOCKED:DailyQuota
2026.05.19 17:40:00,SHORT,60,4489.79000,BLOCKED:DailyQuota
2026.05.19 17:50:00,SHORT,51,4489.99000,BLOCKED:DailyQuota
2026.05.19 17:55:00,SHORT,77,4486.72000,BLOCKED:DailyQuota
2026.05.19 21:55:00,SHORT,72,4493.73000,BLOCKED:DailyQuota
2026.05.19 22:20:00,SHORT,72,4492.83000,BLOCKED:DailyQuota
2026.05.19 22:25:00,SHORT,59,4486.66000,BLOCKED:DailyQuota
2026.05.19 22:50:00,SHORT,63,4486.67000,BLOCKED:DailyQuota
2026.05.19 22:55:00,SHORT,60,4483.80000,BLOCKED:DailyQuota
2026.05.20 01:20:00,SHORT,58,4480.10000,OK
2026.05.20 01:30:00,SHORT,72,4479.31000,BLOCKED:PositionOpen
2026.05.20 01:55:00,SHORT,69,4481.20000,BLOCKED:PositionOpen
2026.05.20 05:40:00,SHORT,67,4469.68000,BLOCKED:DailyQuota
2026.05.20 06:30:00,SHORT,64,4460.97000,BLOCKED:DailyQuota
2026.05.20 06:45:00,SHORT,43,4460.61000,BLOCKED:DailyQuota
2026.05.21 06:20:00,SHORT,75,4535.46000,OK
2026.05.21 06:30:00,SHORT,55,4535.76000,BLOCKED:PositionOpen
2026.05.21 06:40:00,SHORT,72,4532.64000,BLOCKED:PositionOpen
2026.05.21 06:50:00,SHORT,72,4531.65000,BLOCKED:PositionOpen
2026.05.21 06:55:00,SHORT,72,4528.14000,BLOCKED:PositionOpen
2026.05.21 09:10:00,SHORT,51,4531.21000,BLOCKED:PositionOpen
2026.05.21 09:40:00,SHORT,53,4527.64000,BLOCKED:PositionOpen
2026.05.21 11:00:00,SHORT,77,4519.65000,BLOCKED:PositionOpen
2026.05.21 14:15:00,SHORT,52,4516.34000,BLOCKED:PositionOpen
2026.05.21 16:00:00,SHORT,77,4504.08000,BLOCKED:PositionOpen
2026.05.21 18:30:00,SHORT,51,4503.43000,BLOCKED:PositionOpen
2026.05.22 03:55:00,SHORT,75,4529.18000,BLOCKED:PositionOpen
2026.05.22 04:00:00,SHORT,55,4526.78000,BLOCKED:PositionOpen
2026.05.22 05:20:00,SHORT,75,4523.93000,BLOCKED:PositionOpen
2026.05.22 17:50:00,SHORT,62,4504.08000,BLOCKED:PositionOpen
2026.05.22 17:55:00,SHORT,49,4503.77000,BLOCKED:PositionOpen
2026.05.22 18:00:00,SHORT,69,4500.65000,BLOCKED:PositionOpen
2026.05.22 22:10:00,SHORT,75,4508.57000,BLOCKED:PositionOpen
2026.05.22 22:25:00,SHORT,56,4507.81000,BLOCKED:PositionOpen
2026.05.22 22:30:00,SHORT,43,4507.11000,BLOCKED:PositionOpen
2026.05.25 02:10:00,LONG,75,4572.76000,OK
2026.05.25 02:35:00,LONG,43,4578.11000,BLOCKED:PositionOpen
2026.05.25 02:40:00,LONG,62,4578.76000,BLOCKED:PositionOpen
2026.05.25 03:10:00,LONG,72,4573.06000,BLOCKED:PositionOpen
2026.05.25 03:25:00,LONG,72,4574.55000,BLOCKED:PositionOpen
2026.05.25 13:50:00,LONG,33,4570.53000,BLOCKED:PositionOpen
2026.05.25 14:15:00,LONG,57,4572.16000,BLOCKED:PositionOpen
2026.05.25 14:20:00,LONG,60,4575.00000,BLOCKED:PositionOpen
2026.05.25 14:35:00,LONG,58,4573.24000,BLOCKED:PositionOpen
2026.05.25 14:40:00,LONG,47,4575.99000,BLOCKED:PositionOpen
2026.05.25 16:30:00,SHORT,59,4561.86000,BLOCKED:PositionOpen
2026.05.25 18:25:00,LONG,55,4573.01000,BLOCKED:PositionOpen
2026.05.25 18:30:00,LONG,56,4573.45000,BLOCKED:PositionOpen
2026.05.25 19:10:00,LONG,34,4569.50000,BLOCKED:PositionOpen
2026.05.25 19:35:00,LONG,61,4570.16000,BLOCKED:PositionOpen
2026.05.26 01:55:00,LONG,51,4576.22000,BLOCKED:PositionOpen
2026.05.26 03:55:00,SHORT,75,4542.23000,BLOCKED:PositionOpen
2026.05.26 04:05:00,SHORT,75,4542.72000,BLOCKED:PositionOpen
2026.05.26 04:35:00,SHORT,75,4538.86000,BLOCKED:PositionOpen
2026.05.26 04:40:00,SHORT,75,4529.83000,BLOCKED:PositionOpen
2026.05.26 05:15:00,SHORT,26,4538.49000,BLOCKED:PositionOpen
2026.05.26 05:25:00,SHORT,40,4538.20000,BLOCKED:PositionOpen
2026.05.26 05:50:00,SHORT,47,4532.56000,BLOCKED:PositionOpen
2026.05.26 05:55:00,SHORT,38,4532.34000,BLOCKED:PositionOpen
2026.05.26 06:00:00,SHORT,45,4532.17000,BLOCKED:PositionOpen
2026.05.26 08:15:00,SHORT,65,4529.26000,BLOCKED:PositionOpen
2026.05.26 08:40:00,SHORT,78,4532.64000,BLOCKED:PositionOpen
2026.05.26 08:45:00,SHORT,61,4529.78000,BLOCKED:PositionOpen
2026.05.26 08:50:00,SHORT,56,4527.85000,BLOCKED:PositionOpen
2026.05.26 08:55:00,SHORT,62,4526.95000,BLOCKED:PositionOpen
2026.05.26 12:35:00,SHORT,53,4518.15000,BLOCKED:PositionOpen
2026.05.26 12:40:00,SHORT,80,4516.73000,BLOCKED:PositionOpen
2026.05.26 12:45:00,SHORT,80,4513.25000,BLOCKED:PositionOpen
2026.05.26 13:05:00,SHORT,60,4519.76000,BLOCKED:PositionOpen
2026.05.26 15:30:00,SHORT,80,4506.20000,OK
2026.05.26 18:20:00,SHORT,77,4508.21000,BLOCKED:PositionOpen
2026.05.26 18:25:00,SHORT,77,4506.04000,BLOCKED:PositionOpen
2026.05.26 18:30:00,SHORT,40,4505.95000,BLOCKED:PositionOpen
2026.05.26 19:15:00,SHORT,65,4501.54000,BLOCKED:PositionOpen
2026.05.26 19:40:00,SHORT,65,4508.23000,BLOCKED:PositionOpen
2026.05.26 19:50:00,SHORT,66,4503.34000,BLOCKED:PositionOpen
2026.05.26 21:15:00,SHORT,69,4487.35000,BLOCKED:PositionOpen
2026.05.27 04:40:00,SHORT,83,4511.89000,BLOCKED:PositionOpen
2026.05.27 04:45:00,SHORT,72,4510.05000,BLOCKED:PositionOpen
2026.05.27 04:50:00,SHORT,26,4509.91000,BLOCKED:PositionOpen
2026.05.27 04:55:00,SHORT,50,4507.63000,BLOCKED:PositionOpen
2026.05.27 09:25:00,SHORT,51,4486.78000,BLOCKED:PositionOpen
2026.05.27 09:30:00,SHORT,63,4486.33000,BLOCKED:PositionOpen
2026.05.27 09:40:00,SHORT,31,4483.43000,BLOCKED:PositionOpen
2026.05.27 09:55:00,SHORT,53,4487.34000,BLOCKED:PositionOpen
2026.05.27 10:10:00,SHORT,80,4484.81000,BLOCKED:PositionOpen
2026.05.27 10:30:00,SHORT,55,4486.24000,BLOCKED:PositionOpen
2026.05.27 10:35:00,SHORT,45,4485.67000,BLOCKED:PositionOpen
2026.05.27 10:40:00,SHORT,53,4482.99000,BLOCKED:PositionOpen
2026.05.27 10:45:00,SHORT,33,4482.72000,BLOCKED:PositionOpen
2026.05.27 10:50:00,SHORT,80,4479.68000,BLOCKED:PositionOpen
2026.05.27 10:55:00,SHORT,64,4479.21000,BLOCKED:PositionOpen
2026.05.27 13:30:00,SHORT,56,4477.04000,BLOCKED:PositionOpen
2026.05.27 13:35:00,SHORT,57,4473.87000,BLOCKED:PositionOpen
2026.05.27 13:40:00,SHORT,80,4463.76000,BLOCKED:PositionOpen
2026.05.27 13:55:00,SHORT,51,4444.87000,BLOCKED:PositionOpen
2026.05.27 14:35:00,SHORT,80,4436.93000,OK
2026.05.27 14:50:00,SHORT,67,4439.14000,BLOCKED:PositionOpen
2026.05.27 14:55:00,SHORT,77,4433.70000,BLOCKED:PositionOpen
2026.05.27 15:00:00,SHORT,63,4428.45000,BLOCKED:PositionOpen
2026.05.27 15:10:00,SHORT,67,4433.13000,BLOCKED:PositionOpen
2026.05.27 15:15:00,SHORT,77,4430.47000,BLOCKED:PositionOpen
2026.05.27 18:50:00,SHORT,49,4432.81000,BLOCKED:PositionOpen
2026.05.27 19:10:00,SHORT,74,4436.98000,BLOCKED:PositionOpen
2026.05.28 03:25:00,SHORT,57,4445.98000,BLOCKED:PositionOpen
2026.05.28 05:40:00,SHORT,75,4406.82000,BLOCKED:PositionOpen
2026.05.28 05:45:00,SHORT,73,4402.07000,BLOCKED:PositionOpen
2026.05.28 05:50:00,SHORT,75,4396.03000,BLOCKED:PositionOpen
2026.05.28 05:55:00,SHORT,64,4395.44000,BLOCKED:PositionOpen
2026.05.28 06:00:00,SHORT,75,4394.32000,BLOCKED:PositionOpen
2026.05.28 06:15:00,SHORT,75,4394.17000,BLOCKED:PositionOpen
2026.05.28 06:20:00,SHORT,75,4384.51000,BLOCKED:PositionOpen
2026.05.28 06:40:00,SHORT,75,4374.07000,BLOCKED:PositionOpen
2026.05.28 07:15:00,SHORT,58,4376.42000,BLOCKED:PositionOpen
2026.05.28 07:20:00,SHORT,75,4369.34000,BLOCKED:PositionOpen
2026.05.28 07:50:00,SHORT,75,4369.91000,BLOCKED:PositionOpen
2026.05.28 08:05:00,SHORT,55,4369.95000,BLOCKED:PositionOpen
2026.05.28 12:00:00,SHORT,62,4386.90000,BLOCKED:PositionOpen
2026.05.28 14:50:00,SHORT,74,4383.53000,BLOCKED:PositionOpen
2026.05.29 01:10:00,SHORT,92,4493.60000,OK
2026.05.29 02:00:00,SHORT,52,4491.07000,BLOCKED:PositionOpen
2026.05.29 02:45:00,SHORT,62,4490.07000,BLOCKED:PositionOpen
2026.05.29 06:05:00,SHORT,68,4501.58000,BLOCKED:DailyQuota
2026.05.29 06:55:00,SHORT,47,4499.71000,BLOCKED:DailyQuota
2026.05.29 13:30:00,LONG,77,4530.50000,BLOCKED:DailyQuota
2026.05.29 13:35:00,LONG,49,4538.86000,BLOCKED:DailyQuota
2026.05.29 13:40:00,LONG,77,4541.55000,BLOCKED:DailyQuota
2026.05.29 14:00:00,LONG,51,4538.65000,BLOCKED:DailyQuota
2026.05.29 14:55:00,LONG,51,4534.06000,BLOCKED:DailyQuota
2026.05.29 17:35:00,LONG,55,4536.29000,BLOCKED:DailyQuota
2026.05.29 17:45:00,LONG,55,4540.40000,BLOCKED:DailyQuota
2026.05.29 17:55:00,LONG,63,4556.99000,BLOCKED:DailyQuota
2026.05.29 18:15:00,LONG,77,4590.04000,BLOCKED:DailyQuota
2026.06.01 06:00:00,SHORT,70,4521.42000,OK
2026.06.01 10:25:00,SHORT,56,4505.19000,BLOCKED:PositionOpen
2026.06.01 10:30:00,SHORT,63,4503.97000,BLOCKED:PositionOpen
2026.06.01 10:40:00,SHORT,51,4503.47000,BLOCKED:PositionOpen
2026.06.01 10:45:00,SHORT,62,4498.11000,BLOCKED:PositionOpen
2026.06.01 10:50:00,SHORT,72,4494.53000,BLOCKED:PositionOpen
2026.06.01 11:10:00,SHORT,77,4494.00000,BLOCKED:PositionOpen
2026.06.01 11:55:00,SHORT,57,4497.22000,BLOCKED:DailyQuota
2026.06.01 16:00:00,SHORT,64,4502.25000,BLOCKED:DailyQuota
2026.06.01 16:10:00,SHORT,58,4501.19000,BLOCKED:DailyQuota
2026.06.01 16:15:00,SHORT,52,4484.21000,BLOCKED:DailyQuota
2026.06.01 16:20:00,SHORT,51,4482.18000,BLOCKED:DailyQuota
2026.06.01 17:25:00,SHORT,76,4455.27000,BLOCKED:DailyQuota
2026.06.01 17:40:00,SHORT,69,4455.47000,BLOCKED:DailyQuota
2026.06.01 17:50:00,SHORT,77,4455.12000,BLOCKED:DailyQuota
2026.06.02 01:30:00,SHORT,61,4481.49000,OK
2026.06.02 01:35:00,SHORT,36,4481.46000,BLOCKED:PositionOpen
2026.06.02 01:45:00,SHORT,72,4481.60000,BLOCKED:PositionOpen
2026.06.02 08:00:00,LONG,77,4517.44000,BLOCKED:DailyQuota
2026.06.02 08:15:00,LONG,56,4518.59000,BLOCKED:DailyQuota
2026.06.02 08:20:00,LONG,35,4518.78000,BLOCKED:DailyQuota
2026.06.02 08:25:00,LONG,45,4518.68000,BLOCKED:DailyQuota
2026.06.02 08:30:00,LONG,54,4519.87000,BLOCKED:DailyQuota
2026.06.02 08:35:00,LONG,52,4525.35000,BLOCKED:DailyQuota
2026.06.02 08:45:00,LONG,70,4524.48000,BLOCKED:DailyQuota
2026.06.02 09:10:00,LONG,59,4520.95000,BLOCKED:DailyQuota
2026.06.02 09:20:00,LONG,71,4520.28000,BLOCKED:DailyQuota
2026.06.02 09:25:00,LONG,77,4529.55000,BLOCKED:DailyQuota
2026.06.02 09:30:00,LONG,61,4533.18000,BLOCKED:DailyQuota
2026.06.02 09:35:00,LONG,77,4535.46000,BLOCKED:DailyQuota
2026.06.02 09:50:00,LONG,60,4533.73000,BLOCKED:DailyQuota
2026.06.02 17:05:00,SHORT,33,4502.34000,BLOCKED:DailyQuota
2026.06.02 17:20:00,SHORT,66,4495.94000,BLOCKED:DailyQuota
2026.06.02 17:25:00,SHORT,65,4493.11000,BLOCKED:DailyQuota
2026.06.02 17:50:00,SHORT,52,4503.82000,BLOCKED:DailyQuota
2026.06.02 18:05:00,SHORT,71,4502.89000,BLOCKED:DailyQuota
2026.06.02 20:35:00,SHORT,62,4488.52000,BLOCKED:DailyQuota
2026.06.02 20:40:00,SHORT,48,4482.88000,BLOCKED:DailyQuota
2026.06.02 20:55:00,SHORT,77,4483.88000,BLOCKED:DailyQuota
2026.06.02 21:40:00,SHORT,56,4485.31000,BLOCKED:DailyQuota
2026.06.02 21:45:00,SHORT,46,4480.57000,BLOCKED:DailyQuota
2026.06.03 05:20:00,SHORT,63,4476.26000,OK
2026.06.03 08:55:00,SHORT,77,4463.30000,BLOCKED:PositionOpen
2026.06.03 09:00:00,SHORT,62,4456.96000,BLOCKED:PositionOpen
2026.06.03 09:10:00,SHORT,76,4465.10000,BLOCKED:PositionOpen
2026.06.03 09:55:00,SHORT,53,4458.33000,BLOCKED:PositionOpen
2026.06.03 11:50:00,SHORT,77,4454.29000,BLOCKED:PositionOpen
2026.06.03 11:55:00,SHORT,77,4444.89000,BLOCKED:PositionOpen
2026.06.03 12:00:00,SHORT,46,4444.00000,BLOCKED:PositionOpen
2026.06.03 12:30:00,SHORT,77,4439.95000,BLOCKED:PositionOpen
2026.06.03 19:40:00,SHORT,77,4436.48000,BLOCKED:DailyQuota
2026.06.03 19:50:00,SHORT,64,4437.92000,BLOCKED:DailyQuota
2026.06.04 09:20:00,SHORT,77,4469.49000,OK
2026.06.04 09:25:00,SHORT,74,4467.97000,BLOCKED:PositionOpen
2026.06.04 09:50:00,SHORT,76,4467.02000,BLOCKED:PositionOpen
2026.06.04 10:45:00,SHORT,48,4461.45000,BLOCKED:PositionOpen
2026.06.04 10:50:00,SHORT,25,4461.30000,BLOCKED:PositionOpen
2026.06.04 11:15:00,SHORT,77,4460.63000,BLOCKED:PositionOpen
2026.06.04 11:40:00,SHORT,47,4460.71000,BLOCKED:PositionOpen
2026.06.04 15:45:00,LONG,71,4502.16000,BLOCKED:DailyQuota
2026.06.04 15:55:00,LONG,77,4508.40000,BLOCKED:DailyQuota
2026.06.04 16:05:00,LONG,75,4505.08000,BLOCKED:DailyQuota
2026.06.04 16:20:00,LONG,77,4507.85000,BLOCKED:DailyQuota
2026.06.04 18:25:00,SHORT,77,4470.77000,BLOCKED:DailyQuota
2026.06.04 18:45:00,SHORT,77,4472.68000,BLOCKED:DailyQuota
2026.06.04 19:00:00,SHORT,58,4477.46000,BLOCKED:DailyQuota
2026.06.04 19:05:00,SHORT,62,4476.36000,BLOCKED:DailyQuota
2026.06.04 21:05:00,SHORT,62,4477.20000,BLOCKED:DailyQuota
2026.06.04 21:35:00,SHORT,59,4473.71000,BLOCKED:DailyQuota
2026.06.05 02:35:00,SHORT,59,4465.64000,OK
2026.06.05 03:10:00,SHORT,64,4461.24000,BLOCKED:PositionOpen
2026.06.05 03:15:00,SHORT,47,4455.45000,BLOCKED:PositionOpen
2026.06.05 03:20:00,SHORT,72,4452.33000,BLOCKED:PositionOpen
2026.06.05 03:50:00,SHORT,53,4461.46000,BLOCKED:PositionOpen
2026.06.05 05:45:00,SHORT,72,4442.95000,BLOCKED:PositionOpen
2026.06.05 05:55:00,SHORT,57,4443.30000,BLOCKED:PositionOpen
2026.06.05 06:00:00,SHORT,72,4440.54000,BLOCKED:PositionOpen
2026.06.05 14:25:00,SHORT,61,4461.51000,BLOCKED:DailyQuota
2026.06.05 17:00:00,SHORT,77,4365.93000,BLOCKED:DailyQuota
2026.06.05 17:15:00,SHORT,77,4366.39000,BLOCKED:DailyQuota
2026.06.05 17:25:00,SHORT,77,4357.60000,BLOCKED:DailyQuota
2026.06.05 18:05:00,SHORT,77,4368.28000,BLOCKED:DailyQuota
2026.06.05 18:10:00,SHORT,77,4362.05000,BLOCKED:DailyQuota
2026.06.05 18:15:00,SHORT,77,4352.89000,BLOCKED:DailyQuota
2026.06.05 18:25:00,SHORT,77,4352.73000,BLOCKED:DailyQuota
2026.06.05 18:30:00,SHORT,71,4351.84000,BLOCKED:DailyQuota
2026.06.05 18:35:00,SHORT,77,4346.89000,BLOCKED:DailyQuota
2026.06.05 18:40:00,SHORT,73,4339.90000,BLOCKED:DailyQuota
2026.06.05 18:45:00,SHORT,48,4338.72000,BLOCKED:DailyQuota
2026.06.05 19:45:00,SHORT,77,4327.78000,BLOCKED:DailyQuota
2026.06.05 22:35:00,SHORT,63,4322.93000,BLOCKED:DailyQuota
2026.06.05 22:40:00,SHORT,62,4322.25000,BLOCKED:DailyQuota
2026.06.05 22:45:00,SHORT,72,4318.81000,BLOCKED:DailyQuota
2026.06.08 01:00:00,SHORT,46,4326.33000,OK
2026.06.08 05:05:00,SHORT,59,4322.83000,OK
2026.06.08 05:10:00,SHORT,49,4318.82000,BLOCKED:PositionOpen
2026.06.08 05:15:00,SHORT,72,4316.78000,BLOCKED:PositionOpen
2026.06.08 05:20:00,SHORT,72,4312.24000,BLOCKED:PositionOpen
2026.06.08 09:10:00,SHORT,76,4302.66000,BLOCKED:PositionOpen
2026.06.08 09:40:00,SHORT,54,4296.47000,BLOCKED:PositionOpen
2026.06.08 12:20:00,SHORT,75,4287.97000,BLOCKED:PositionOpen
2026.06.08 12:25:00,SHORT,77,4286.59000,BLOCKED:PositionOpen
2026.06.08 12:35:00,SHORT,77,4273.90000,BLOCKED:PositionOpen
2026.06.09 01:05:00,SHORT,62,4326.46000,BLOCKED:PositionOpen
2026.06.09 01:15:00,SHORT,75,4325.20000,BLOCKED:PositionOpen
2026.06.09 01:20:00,SHORT,43,4324.50000,BLOCKED:PositionOpen
2026.06.09 03:50:00,SHORT,51,4317.03000,BLOCKED:PositionOpen
2026.06.09 03:55:00,SHORT,58,4315.89000,BLOCKED:PositionOpen
2026.06.09 07:55:00,SHORT,50,4327.66000,BLOCKED:PositionOpen
2026.06.09 10:40:00,SHORT,78,4325.58000,BLOCKED:PositionOpen
2026.06.09 11:00:00,SHORT,58,4326.59000,BLOCKED:PositionOpen
2026.06.09 11:05:00,SHORT,80,4323.23000,BLOCKED:PositionOpen
2026.06.09 18:25:00,SHORT,80,4285.53000,OK
2026.06.09 18:30:00,SHORT,77,4278.68000,BLOCKED:PositionOpen
2026.06.09 18:40:00,SHORT,77,4270.15000,BLOCKED:PositionOpen
2026.06.09 19:10:00,SHORT,77,4263.51000,BLOCKED:PositionOpen
2026.06.09 19:15:00,SHORT,77,4259.78000,BLOCKED:PositionOpen
2026.06.09 19:20:00,SHORT,77,4254.51000,BLOCKED:PositionOpen
2026.06.09 19:40:00,SHORT,77,4241.42000,BLOCKED:PositionOpen
2026.06.09 19:55:00,SHORT,77,4239.99000,BLOCKED:PositionOpen
2026.06.10 01:00:00,SHORT,25,4247.10000,BLOCKED:PositionOpen
2026.06.10 01:10:00,SHORT,75,4253.48000,BLOCKED:PositionOpen
2026.06.10 01:45:00,SHORT,75,4249.13000,BLOCKED:PositionOpen
2026.06.10 01:50:00,SHORT,75,4239.17000,BLOCKED:PositionOpen
2026.06.10 02:10:00,SHORT,50,4241.67000,BLOCKED:PositionOpen
2026.06.10 02:15:00,SHORT,47,4236.04000,BLOCKED:PositionOpen
2026.06.10 03:25:00,SHORT,75,4225.19000,BLOCKED:PositionOpen
2026.06.10 03:45:00,SHORT,75,4204.27000,BLOCKED:PositionOpen
2026.06.10 03:50:00,SHORT,59,4203.79000,BLOCKED:PositionOpen
2026.06.10 05:00:00,SHORT,75,4188.68000,BLOCKED:PositionOpen
2026.06.10 05:05:00,SHORT,75,4187.07000,BLOCKED:PositionOpen
2026.06.10 05:35:00,SHORT,72,4179.25000,BLOCKED:PositionOpen
2026.06.10 05:55:00,SHORT,75,4174.88000,BLOCKED:PositionOpen
2026.06.10 06:00:00,SHORT,70,4174.06000,BLOCKED:PositionOpen
2026.06.10 06:20:00,SHORT,75,4175.97000,BLOCKED:PositionOpen
2026.06.10 10:45:00,SHORT,80,4189.67000,BLOCKED:PositionOpen
2026.06.10 11:05:00,SHORT,80,4164.25000,BLOCKED:PositionOpen
2026.06.10 11:15:00,SHORT,77,4166.62000,BLOCKED:PositionOpen
2026.06.10 11:25:00,SHORT,77,4171.04000,BLOCKED:PositionOpen
2026.06.10 12:00:00,SHORT,80,4169.03000,BLOCKED:PositionOpen
2026.06.10 12:05:00,SHORT,79,4167.18000,BLOCKED:PositionOpen
2026.06.10 12:15:00,SHORT,80,4165.12000,BLOCKED:PositionOpen
2026.06.10 12:25:00,SHORT,80,4168.36000,BLOCKED:PositionOpen
2026.06.10 18:30:00,SHORT,80,4127.82000,OK
2026.06.10 18:40:00,SHORT,62,4124.60000,BLOCKED:PositionOpen
2026.06.10 18:50:00,SHORT,77,4118.17000,BLOCKED:PositionOpen
2026.06.10 19:05:00,SHORT,77,4126.84000,BLOCKED:PositionOpen
2026.06.10 19:15:00,SHORT,57,4129.33000,BLOCKED:PositionOpen
2026.06.10 21:40:00,SHORT,72,4107.44000,BLOCKED:PositionOpen
2026.06.10 21:45:00,SHORT,72,4104.97000,BLOCKED:PositionOpen
2026.06.10 22:55:00,SHORT,72,4087.24000,BLOCKED:PositionOpen
2026.06.11 01:00:00,SHORT,47,4067.76000,BLOCKED:PositionOpen
2026.06.11 01:05:00,SHORT,75,4063.02000,BLOCKED:PositionOpen
2026.06.11 01:10:00,SHORT,75,4050.97000,BLOCKED:PositionOpen
2026.06.11 01:20:00,SHORT,75,4047.57000,BLOCKED:PositionOpen
2026.06.11 01:25:00,SHORT,75,4038.41000,BLOCKED:PositionOpen
2026.06.11 01:45:00,SHORT,75,4062.73000,BLOCKED:PositionOpen
2026.06.11 01:50:00,SHORT,66,4062.04000,BLOCKED:PositionOpen
2026.06.11 06:25:00,SHORT,75,4062.67000,BLOCKED:PositionOpen
2026.06.11 06:45:00,SHORT,75,4067.48000,BLOCKED:PositionOpen
2026.06.11 06:50:00,SHORT,72,4065.74000,BLOCKED:PositionOpen
2026.06.11 14:25:00,SHORT,44,4086.22000,BLOCKED:PositionOpen
2026.06.11 16:15:00,SHORT,68,4073.15000,BLOCKED:PositionOpen
2026.06.11 16:30:00,SHORT,41,4075.36000,BLOCKED:PositionOpen
2026.06.11 16:35:00,SHORT,25,4075.32000,BLOCKED:PositionOpen
2026.06.11 16:40:00,SHORT,55,4072.58000,BLOCKED:PositionOpen
2026.06.12 05:15:00,SHORT,90,4193.85000,OK
2026.06.12 05:20:00,SHORT,81,4192.72000,BLOCKED:PositionOpen
2026.06.12 08:20:00,SHORT,77,4186.09000,BLOCKED:PositionOpen
2026.06.12 08:35:00,SHORT,52,4180.30000,BLOCKED:PositionOpen
2026.06.12 08:40:00,SHORT,77,4174.97000,BLOCKED:PositionOpen
2026.06.12 09:20:00,SHORT,77,4180.67000,BLOCKED:PositionOpen
2026.06.12 09:25:00,SHORT,44,4180.38000,BLOCKED:PositionOpen
2026.06.12 09:45:00,SHORT,56,4176.55000,BLOCKED:PositionOpen
2026.06.12 09:50:00,SHORT,33,4176.20000,BLOCKED:PositionOpen
2026.06.12 10:50:00,SHORT,57,4175.26000,BLOCKED:PositionOpen
2026.06.12 15:25:00,SHORT,77,4203.57000,BLOCKED:DailyQuota
2026.06.12 15:30:00,SHORT,58,4201.08000,BLOCKED:DailyQuota
2026.06.12 15:35:00,SHORT,48,4199.88000,BLOCKED:DailyQuota
2026.06.12 16:55:00,SHORT,77,4189.52000,BLOCKED:DailyQuota
2026.06.12 17:00:00,SHORT,75,4186.45000,BLOCKED:DailyQuota
2026.06.15 03:10:00,LONG,57,4296.68000,OK
2026.06.15 04:25:00,LONG,61,4302.60000,BLOCKED:PositionOpen
2026.06.15 05:40:00,LONG,72,4332.91000,BLOCKED:DailyQuota
2026.06.15 06:15:00,LONG,72,4325.36000,BLOCKED:DailyQuota
2026.06.15 06:35:00,LONG,52,4326.24000,BLOCKED:DailyQuota
2026.06.15 11:20:00,LONG,70,4329.71000,BLOCKED:DailyQuota
2026.06.15 12:25:00,LONG,54,4339.67000,BLOCKED:DailyQuota
2026.06.15 12:30:00,LONG,53,4338.62000,BLOCKED:DailyQuota
2026.06.15 12:40:00,LONG,77,4339.83000,BLOCKED:DailyQuota
2026.06.15 12:50:00,LONG,77,4340.06000,BLOCKED:DailyQuota
2026.06.15 17:05:00,LONG,77,4358.90000,BLOCKED:DailyQuota
2026.06.15 17:10:00,LONG,77,4365.97000,BLOCKED:DailyQuota
2026.06.15 17:50:00,LONG,77,4361.87000,BLOCKED:DailyQuota
2026.06.16 06:45:00,LONG,55,4331.95000,OK
2026.06.16 06:55:00,LONG,48,4331.79000,BLOCKED:PositionOpen
2026.06.16 07:35:00,LONG,48,4323.67000,BLOCKED:PositionOpen
2026.06.16 10:40:00,LONG,59,4330.52000,BLOCKED:PositionOpen
2026.06.16 11:10:00,LONG,68,4339.24000,BLOCKED:PositionOpen
2026.06.16 11:20:00,LONG,55,4339.09000,BLOCKED:PositionOpen
2026.06.16 11:30:00,LONG,75,4341.31000,BLOCKED:PositionOpen
2026.06.16 11:35:00,LONG,54,4341.54000,BLOCKED:PositionOpen
2026.06.16 12:35:00,LONG,64,4344.82000,BLOCKED:PositionOpen
2026.06.16 12:40:00,LONG,64,4346.19000,BLOCKED:PositionOpen
2026.06.16 12:50:00,LONG,58,4344.14000,BLOCKED:PositionOpen
2026.06.16 12:55:00,LONG,51,4348.23000,BLOCKED:PositionOpen
2026.06.16 16:15:00,LONG,75,4343.85000,BLOCKED:PositionOpen
2026.06.16 19:10:00,LONG,77,4341.89000,BLOCKED:PositionOpen
2026.06.16 19:15:00,LONG,77,4345.92000,BLOCKED:PositionOpen
2026.06.16 22:00:00,LONG,69,4338.54000,BLOCKED:PositionOpen
2026.06.16 22:05:00,LONG,72,4341.91000,BLOCKED:PositionOpen
2026.06.17 04:40:00,LONG,81,4340.46000,BLOCKED:PositionOpen
2026.06.17 13:25:00,LONG,62,4328.59000,BLOCKED:PositionOpen
2026.06.17 13:30:00,LONG,76,4329.05000,BLOCKED:PositionOpen
2026.06.17 13:40:00,LONG,62,4329.68000,BLOCKED:PositionOpen
2026.06.17 13:50:00,LONG,80,4332.55000,BLOCKED:PositionOpen
2026.06.17 16:50:00,LONG,50,4341.74000,BLOCKED:PositionOpen
2026.06.17 17:10:00,LONG,56,4342.72000,BLOCKED:PositionOpen
2026.06.17 22:10:00,SHORT,50,4269.12000,OK
2026.06.17 22:30:00,SHORT,52,4227.11000,BLOCKED:PositionOpen
2026.06.17 22:35:00,SHORT,42,4226.97000,BLOCKED:PositionOpen
2026.06.17 22:40:00,SHORT,72,4221.89000,BLOCKED:PositionOpen
2026.06.18 01:30:00,SHORT,75,4266.97000,BLOCKED:PositionOpen
2026.06.18 04:40:00,LONG,75,4320.20000,BLOCKED:PositionOpen
2026.06.18 04:45:00,LONG,54,4322.58000,BLOCKED:PositionOpen
2026.06.18 05:05:00,LONG,75,4322.05000,BLOCKED:PositionOpen
2026.06.18 05:10:00,LONG,75,4325.40000,BLOCKED:PositionOpen
2026.06.18 05:15:00,LONG,66,4327.20000,BLOCKED:PositionOpen
2026.06.18 10:40:00,SHORT,59,4294.47000,BLOCKED:PositionOpen
2026.06.18 11:55:00,SHORT,54,4277.40000,BLOCKED:PositionOpen
2026.06.18 12:00:00,SHORT,69,4266.78000,BLOCKED:PositionOpen
2026.06.18 12:10:00,SHORT,80,4266.11000,BLOCKED:PositionOpen
2026.06.18 12:25:00,SHORT,80,4267.41000,BLOCKED:PositionOpen
2026.06.18 12:30:00,SHORT,80,4266.42000,BLOCKED:PositionOpen
2026.06.18 12:35:00,SHORT,55,4265.57000,BLOCKED:PositionOpen
2026.06.18 13:10:00,SHORT,74,4264.37000,BLOCKED:PositionOpen
2026.06.18 15:00:00,SHORT,58,4242.00000,BLOCKED:PositionOpen
2026.06.18 18:15:00,SHORT,75,4246.64000,BLOCKED:PositionOpen
2026.06.18 18:20:00,SHORT,80,4242.49000,BLOCKED:PositionOpen
2026.06.18 18:25:00,SHORT,80,4240.39000,BLOCKED:PositionOpen
2026.06.18 18:30:00,SHORT,79,4235.76000,BLOCKED:PositionOpen
2026.06.18 18:35:00,SHORT,80,4233.25000,BLOCKED:PositionOpen
2026.06.18 18:40:00,SHORT,79,4227.35000,BLOCKED:PositionOpen
2026.06.18 19:45:00,SHORT,54,4221.94000,BLOCKED:PositionOpen
2026.06.18 19:50:00,SHORT,80,4217.91000,BLOCKED:PositionOpen
2026.06.18 19:55:00,SHORT,65,4217.40000,BLOCKED:PositionOpen
2026.06.19 01:25:00,SHORT,75,4203.15000,BLOCKED:PositionOpen
2026.06.19 01:40:00,SHORT,53,4203.63000,BLOCKED:PositionOpen
2026.06.19 02:35:00,SHORT,75,4195.67000,BLOCKED:PositionOpen
2026.06.19 03:30:00,SHORT,71,4185.15000,BLOCKED:PositionOpen
2026.06.19 03:40:00,SHORT,75,4186.82000,BLOCKED:PositionOpen
2026.06.19 04:10:00,SHORT,57,4184.92000,BLOCKED:PositionOpen
2026.06.19 05:40:00,SHORT,51,4179.74000,BLOCKED:PositionOpen
2026.06.19 06:05:00,SHORT,56,4169.65000,BLOCKED:PositionOpen
2026.06.19 06:10:00,SHORT,68,4167.60000,BLOCKED:PositionOpen
2026.06.19 06:15:00,SHORT,75,4166.10000,BLOCKED:PositionOpen
2026.06.19 06:35:00,SHORT,47,4164.67000,BLOCKED:PositionOpen
2026.06.19 06:40:00,SHORT,46,4163.18000,BLOCKED:PositionOpen
2026.06.19 06:45:00,SHORT,65,4162.14000,BLOCKED:PositionOpen
2026.06.19 06:50:00,SHORT,63,4159.01000,BLOCKED:PositionOpen
2026.06.19 07:40:00,SHORT,75,4141.72000,BLOCKED:PositionOpen
2026.06.19 08:00:00,SHORT,72,4125.81000,BLOCKED:PositionOpen
2026.06.19 08:05:00,SHORT,72,4124.81000,BLOCKED:PositionOpen
2026.06.19 08:10:00,SHORT,62,4124.41000,BLOCKED:PositionOpen
2026.06.19 08:20:00,SHORT,80,4128.00000,BLOCKED:PositionOpen
2026.06.19 08:35:00,SHORT,80,4132.23000,BLOCKED:PositionOpen
2026.06.19 08:40:00,SHORT,69,4131.58000,BLOCKED:PositionOpen
2026.06.19 13:10:00,SHORT,83,4156.75000,BLOCKED:PositionOpen
2026.06.19 13:15:00,SHORT,80,4155.43000,BLOCKED:PositionOpen
2026.06.19 13:40:00,SHORT,80,4150.81000,BLOCKED:PositionOpen
2026.06.19 14:00:00,SHORT,31,4149.81000,BLOCKED:PositionOpen
2026.06.19 14:05:00,SHORT,55,4148.42000,BLOCKED:PositionOpen
2026.06.19 14:30:00,SHORT,58,4144.16000,BLOCKED:PositionOpen
2026.06.19 14:55:00,SHORT,80,4149.87000,BLOCKED:PositionOpen
2026.06.19 18:15:00,SHORT,58,4151.38000,BLOCKED:PositionOpen
2026.06.19 18:20:00,SHORT,59,4151.29000,BLOCKED:PositionOpen
2026.06.22 06:20:00,SHORT,75,4176.20000,BLOCKED:PositionOpen
2026.06.22 07:15:00,SHORT,79,4176.31000,BLOCKED:PositionOpen
2026.06.22 07:20:00,SHORT,52,4176.22000,BLOCKED:PositionOpen
2026.06.22 07:35:00,SHORT,35,4176.35000,BLOCKED:PositionOpen
2026.06.22 11:30:00,SHORT,72,4191.85000,BLOCKED:PositionOpen
2026.06.22 11:35:00,SHORT,84,4191.31000,BLOCKED:PositionOpen
2026.06.22 17:00:00,SHORT,74,4199.87000,BLOCKED:PositionOpen
2026.06.22 17:05:00,SHORT,93,4198.71000,BLOCKED:PositionOpen
2026.06.22 18:45:00,SHORT,80,4180.99000,BLOCKED:PositionOpen
2026.06.22 18:50:00,SHORT,65,4169.97000,BLOCKED:PositionOpen
2026.06.22 19:40:00,SHORT,80,4183.47000,BLOCKED:PositionOpen
2026.06.22 19:45:00,SHORT,53,4181.89000,BLOCKED:PositionOpen
2026.06.23 05:45:00,SHORT,75,4154.95000,BLOCKED:PositionOpen
2026.06.23 05:50:00,SHORT,70,4154.10000,BLOCKED:PositionOpen
2026.06.23 05:55:00,SHORT,75,4152.79000,BLOCKED:PositionOpen
2026.06.23 06:05:00,SHORT,75,4142.25000,BLOCKED:PositionOpen
2026.06.23 06:10:00,SHORT,75,4140.34000,BLOCKED:PositionOpen
2026.06.23 06:20:00,SHORT,69,4133.27000,BLOCKED:PositionOpen
2026.06.23 07:10:00,SHORT,70,4144.08000,BLOCKED:PositionOpen
2026.06.23 07:15:00,SHORT,50,4143.28000,BLOCKED:PositionOpen
2026.06.23 07:20:00,SHORT,71,4139.82000,BLOCKED:PositionOpen
2026.06.23 07:30:00,SHORT,31,4139.99000,BLOCKED:PositionOpen
2026.06.23 07:35:00,SHORT,75,4136.45000,BLOCKED:PositionOpen
2026.06.23 08:40:00,SHORT,80,4125.15000,BLOCKED:PositionOpen
2026.06.23 08:50:00,SHORT,67,4118.97000,BLOCKED:PositionOpen
2026.06.23 09:45:00,SHORT,80,4113.42000,BLOCKED:PositionOpen
2026.06.23 10:15:00,SHORT,80,4115.59000,BLOCKED:PositionOpen
2026.06.23 10:55:00,SHORT,71,4100.67000,BLOCKED:PositionOpen
2026.06.23 11:00:00,SHORT,60,4098.84000,BLOCKED:PositionOpen
2026.06.23 12:00:00,SHORT,80,4105.29000,BLOCKED:PositionOpen
2026.06.23 15:10:00,SHORT,66,4119.84000,BLOCKED:PositionOpen
2026.06.23 16:00:00,SHORT,80,4113.26000,BLOCKED:PositionOpen
2026.06.23 16:05:00,SHORT,66,4112.07000,BLOCKED:PositionOpen
2026.06.23 21:25:00,SHORT,71,4123.75000,BLOCKED:PositionOpen
2026.06.23 21:30:00,SHORT,54,4121.08000,BLOCKED:PositionOpen
2026.06.23 21:50:00,SHORT,63,4114.92000,BLOCKED:PositionOpen
2026.06.23 22:45:00,SHORT,68,4120.95000,BLOCKED:PositionOpen
2026.06.23 22:50:00,SHORT,36,4120.29000,BLOCKED:PositionOpen
2026.06.24 02:25:00,SHORT,49,4099.29000,BLOCKED:PositionOpen
2026.06.24 02:30:00,SHORT,75,4097.52000,BLOCKED:PositionOpen
2026.06.24 02:35:00,SHORT,63,4095.01000,BLOCKED:PositionOpen
2026.06.24 04:45:00,SHORT,52,4092.83000,BLOCKED:PositionOpen
2026.06.24 04:50:00,SHORT,75,4086.05000,BLOCKED:PositionOpen
2026.06.24 04:55:00,SHORT,52,4085.81000,BLOCKED:PositionOpen
2026.06.24 06:15:00,SHORT,47,4057.68000,BLOCKED:PositionOpen
2026.06.24 06:20:00,SHORT,75,4052.79000,BLOCKED:PositionOpen
2026.06.24 06:50:00,SHORT,75,4066.79000,BLOCKED:PositionOpen
2026.06.24 06:55:00,SHORT,75,4063.53000,BLOCKED:PositionOpen
2026.06.24 10:55:00,SHORT,93,4078.83000,BLOCKED:PositionOpen
2026.06.24 11:50:00,SHORT,85,4078.79000,BLOCKED:PositionOpen
2026.06.24 11:55:00,SHORT,58,4076.84000,BLOCKED:PositionOpen
2026.06.24 13:10:00,SHORT,80,4059.95000,BLOCKED:PositionOpen
2026.06.24 13:20:00,SHORT,75,4059.16000,BLOCKED:PositionOpen
2026.06.24 13:25:00,SHORT,80,4057.92000,BLOCKED:PositionOpen
2026.06.24 13:55:00,SHORT,58,4058.68000,BLOCKED:PositionOpen
2026.06.24 14:00:00,SHORT,80,4055.63000,BLOCKED:PositionOpen
2026.06.24 14:05:00,SHORT,80,4052.07000,BLOCKED:PositionOpen
2026.06.24 14:10:00,SHORT,65,4049.21000,BLOCKED:PositionOpen
2026.06.24 14:15:00,SHORT,52,4045.87000,BLOCKED:PositionOpen
2026.06.24 14:30:00,SHORT,80,4044.25000,OK
2026.06.24 14:35:00,SHORT,48,4044.20000,BLOCKED:PositionOpen
2026.06.24 15:25:00,SHORT,77,4032.94000,BLOCKED:PositionOpen
2026.06.24 15:30:00,SHORT,77,4015.18000,BLOCKED:PositionOpen
2026.06.24 15:40:00,SHORT,77,4011.74000,BLOCKED:PositionOpen
2026.06.24 18:35:00,SHORT,60,4008.89000,BLOCKED:DailyQuota
2026.06.24 18:40:00,SHORT,77,4006.86000,BLOCKED:DailyQuota
2026.06.24 19:10:00,SHORT,77,4000.48000,BLOCKED:DailyQuota
2026.06.24 19:20:00,SHORT,47,4002.75000,BLOCKED:DailyQuota
2026.06.24 21:20:00,SHORT,72,3987.27000,BLOCKED:DailyQuota
2026.06.24 21:25:00,SHORT,35,3987.00000,BLOCKED:DailyQuota
2026.06.24 21:40:00,SHORT,50,3984.70000,BLOCKED:DailyQuota
2026.06.24 21:45:00,SHORT,58,3983.54000,BLOCKED:DailyQuota
2026.06.24 21:50:00,SHORT,72,3979.33000,BLOCKED:DailyQuota
2026.06.24 22:00:00,SHORT,52,3981.40000,BLOCKED:DailyQuota
2026.06.25 04:15:00,SHORT,60,3986.92000,OK
2026.06.25 04:55:00,SHORT,47,3980.62000,BLOCKED:PositionOpen
2026.06.25 06:10:00,SHORT,72,3973.39000,BLOCKED:PositionOpen
2026.06.25 10:15:00,SHORT,77,3980.05000,BLOCKED:PositionOpen
2026.06.25 14:10:00,SHORT,60,3984.46000,BLOCKED:PositionOpen
2026.06.25 14:15:00,SHORT,56,3983.32000,BLOCKED:PositionOpen
2026.06.26 01:10:00,SHORT,51,4025.55000,OK
2026.06.26 01:55:00,SHORT,72,4022.42000,BLOCKED:PositionOpen
2026.06.26 02:05:00,SHORT,72,4023.52000,BLOCKED:PositionOpen
2026.06.26 05:40:00,SHORT,72,3997.64000,BLOCKED:PositionOpen
2026.06.26 05:55:00,SHORT,57,3986.27000,BLOCKED:DailyQuota
2026.06.26 06:50:00,SHORT,45,3997.80000,BLOCKED:DailyQuota
2026.06.26 20:55:00,SHORT,50,4075.40000,BLOCKED:DailyQuota
2026.06.26 21:15:00,SHORT,52,4076.80000,BLOCKED:DailyQuota
2026.06.26 21:45:00,SHORT,53,4072.66000,BLOCKED:DailyQuota
2026.06.26 21:50:00,SHORT,72,4069.50000,BLOCKED:DailyQuota
2026.06.26 22:00:00,SHORT,48,4067.35000,BLOCKED:DailyQuota
2026.06.26 22:05:00,SHORT,62,4065.42000,BLOCKED:DailyQuota
2026.06.26 22:45:00,SHORT,27,4068.66000,BLOCKED:DailyQuota
2026.06.29 08:00:00,SHORT,80,4052.35000,OK
2026.06.29 08:10:00,SHORT,68,4052.76000,BLOCKED:PositionOpen
2026.06.29 08:30:00,SHORT,76,4049.39000,BLOCKED:PositionOpen
2026.06.29 08:35:00,SHORT,63,4045.45000,BLOCKED:PositionOpen
2026.06.29 08:40:00,SHORT,60,4044.03000,BLOCKED:PositionOpen
2026.06.29 08:50:00,SHORT,48,4049.71000,BLOCKED:PositionOpen
2026.06.29 12:30:00,SHORT,67,4047.44000,BLOCKED:PositionOpen
2026.06.29 13:20:00,SHORT,77,4035.49000,BLOCKED:PositionOpen
2026.06.29 13:45:00,SHORT,68,4034.63000,BLOCKED:PositionOpen
2026.06.29 14:00:00,SHORT,65,4036.92000,BLOCKED:PositionOpen
2026.06.29 14:15:00,SHORT,70,4034.33000,BLOCKED:PositionOpen
2026.06.29 16:50:00,SHORT,57,4035.21000,BLOCKED:PositionOpen
2026.06.29 17:40:00,SHORT,48,4023.68000,BLOCKED:DailyQuota
2026.06.29 17:45:00,SHORT,75,4021.09000,BLOCKED:DailyQuota
2026.06.29 17:50:00,SHORT,48,4019.73000,BLOCKED:DailyQuota
2026.06.29 18:00:00,SHORT,61,4025.80000,BLOCKED:DailyQuota
2026.06.29 18:15:00,SHORT,77,4022.11000,BLOCKED:DailyQuota
2026.06.29 18:25:00,SHORT,77,4018.36000,BLOCKED:DailyQuota
2026.06.29 19:35:00,SHORT,48,4019.53000,BLOCKED:DailyQuota
2026.06.29 21:50:00,SHORT,62,4015.97000,BLOCKED:DailyQuota
2026.06.29 22:00:00,SHORT,72,4013.37000,BLOCKED:DailyQuota
2026.06.29 22:05:00,SHORT,69,4009.87000,BLOCKED:DailyQuota
2026.06.29 22:55:00,SHORT,40,4013.90000,BLOCKED:DailyQuota
